bucket,name,wallet,amount_hell,pump_ui,nft_listings,status,drop_reason,note
player_ronda1,BORIS,36zA4DKL4jxvmLkqsvtF9RtzRAwSjscTvfkQPKJNim5g,1306265,,,in,,testing week + 100k plus; wallet from characters.account_wallet
player_ronda1,Dunga,47u56Tf6RsSi4ZjcgKFqnyPfGUYr5vX2cjDVQAMzriMn,878307,,,in,,testing week + 100k plus; wallet from characters.account_wallet
player_ronda1,Co2,2a4bUA9ChQ3NZdrr8HTpB8zbDTv6EzJW1LMJYCY3djyy,612361,,,in,,testing week + 100k plus; wallet from characters.account_wallet
player_ronda1,Insk,7MCgEvUnERDMpcQnyvPPm4yH547SjjbftUjDCX6givWB,261869,,,in,,testing week + 100k plus; wallet from characters.account_wallet
player_ronda1,Rafita12,gCYpmkDeHDFGMnHPZ8MTXrijVgu7fPR3jU9Vpmv3ajo,193196,,,in,,testing week + 100k plus; wallet from characters.account_wallet
player_ronda1,D10s,9oJdzcWZCvtUJfMtHSVZPRrSbt5LYh7PbJK3TYUmXSJz,171173,,,in,,testing week + 100k plus; wallet from characters.account_wallet
player_ronda1,Chacho,J7rZveQbh6Ak6bt3KHYXUnZUzPNCVP6dL7yremz25XAi,109173,,,in,,testing week + 100k plus; wallet from characters.account_wallet
player_ronda1,Hyoga,Egne1mkpDDKoxTKP8wR9XmgQC3fQPv2tNQjWs5v26q2R,102157,,,in,,testing week + 100k plus; wallet from characters.account_wallet
player_ronda1,tola,C9fpgo1usakDjbae6rKxi2DapyJxRWEjundXWkK2YvaZ,100615,,,in,,testing week + 100k plus; wallet from characters.account_wallet
player_ronda1,Achechino,wTvpMnFjE6Eua1VLJZ3QALAyrybiHSqbjVs2KmtXcLp,100000,,,in,,testing week + 100k plus; wallet from characters.account_wallet
player_ronda1,Pituman,bz4vbzgX6M15hetZ9PtikrEkdT3u2QV2cNbtmrwGyW9,100000,,,in,,testing week + 100k plus; wallet from characters.account_wallet
player_ronda1,DevTest,,100000,,,NEED_WALLET,,testing week + 100k plus; pubkey still missing
pump_person,,85WTujfJ9meJq5hfjAeb5gftj7n8Q7QTsZJbRqMD5ERS,10000,21874960937.083336,,in,,system_wallet
pump_person,,8UHpWBnhYNeAQURWjAABp8vSrzfYa69o7sfi65vYLC42,10000,19131083343.250256,,in,,system_wallet
pump_person,,96HiV4cGWTJNCjGVff3RTHgPXmpYz7MSrGTAmxNKVWM9,10000,16770803385.000008,,in,,system_wallet
pump_person,,ERRGqu3dh6zYBg7MNAHKL33TyVb7efMmaKxnmdukdNYa,10000,12395811198.75,,in,,system_wallet
pump_person,,9SLPTL41SPsYkgdsMzdfJsxymEANKr5bYoBsQzJyKpKS,10000,8915042953.182056,,in,,system_wallet
pump_person,,4GZwzZgqSwwTTRVgBoxTDeH3EwDye84dCPb9fALAZFjF,10000,7188682174.651561,,in,,system_wallet
pump_person,,C68a6RCGLiPskbPYtAcsCjhG8tfTWYcoB4JjCrXFdqyo,10000,5116877926.21492,,in,,system_wallet
pump_person,,6LY1JzAFVZsP2a2xKrtU6znQMQ5h4i7tocWdgrkZzkzF,10000,4443313857.771523,,in,,system_wallet
pump_person,,DSo8tY2KdbmZC6Q9YNWgQ9745ugL1Q9K6FeyqovkGqRS,10000,4202393578.322372,,in,,system_wallet
pump_person,,5d3jKREJ2wBRzTeMYnn4PxC5TwitdQxTat1XUFkHXPwV,10000,4190422537.406334,,in,,no_account_data
pump_person,,ESEZgJRoBFfFmmgThPDQHiGgCiJNZqU7fqB6rBygrwWj,10000,4166556908.175359,,in,,system_wallet
pump_person,,4sYGAxDy11dCiS3cBdWBH7ztY8H7D951mVMV5poyZTMc,10000,4062500010,,in,,system_wallet
pump_person,,GsM3emTijQshDHrWRRhSQhqG1zYC9BNnAuah7ZPEu6ya,10000,4058297805.963844,,in,,system_wallet
pump_person,,EFE3j1pcSP1paUzA86zW7989ZjsFP2J7ginyUqo4ewqR,10000,3862258322.711,,in,,system_wallet
pump_person,,2APnhZKqfBUmCAqnZnfGomQLz1stWDq9UotjFPD6ZXsP,10000,3255321081.284444,,in,,no_account_data
pump_person,,ESRc4ce6jpyRyvGJ9Gjgtmwc7wEtR1ZPaQPnh9kWZM67,10000,3086249202.916677,,in,,system_wallet
pump_person,,C6FVB6jCdkPEdWRyzsV7RuUCmMeGgH9KAwirkKkERm3M,10000,2708333343.333333,,in,,system_wallet
pump_person,,A98NXgzCzKXoLSps5ga2pgsPdEj7AtDQnmAQjVeE8WEm,10000,2708333343.333333,,in,,system_wallet
pump_person,,8eucCT1KqGV6ucERAtsjKm4U4YLUwNHvEeWXJ8MydfSa,10000,2708333343.333333,,in,,system_wallet
pump_person,,BRpXhshfaHtESkmBuZmrFrkJuRRhgmgmY1qtGkPdhwcj,10000,2708333343.333333,,in,,system_wallet
pump_person,,E2RvJg2myWpKcbkhBuF81gfhYr6KvmNcDbSmr5qnatYy,10000,2369983191.52,,in,,system_wallet
pump_person,,6SWFRWrckxvT4hxYUiz43wPxfMpg4NP7Y27WQzY9cT2i,10000,2033354016.175103,,in,,system_wallet
pump_person,,5SDrsMNTYdhmApjfqYHDvjoW92f2S42vcc7zNDVcQ9Ej,10000,2032385819.53,,in,,system_wallet
pump_person,,EY1cDXoKAwkJwPoyUCvdHxtLSnCMccFpzEXzdGpvvWvT,10000,2031250010,,in,,system_wallet
pump_person,,Hv3s9sBvXLih4tVqHC2dVoMkUCW92tZ6DPyumzCfbe4K,10000,2031250010,,in,,system_wallet
pump_person,,6wrL9xKGPJz1sKTNFZx4QLZRJHny3hgEQvstXpVjJ8m5,10000,2031250010,,in,,system_wallet
pump_person,,CLoPSvbauaaSWs1teGgLnrHHf7FuJC3xtUsZP3KwuJsw,10000,1844358558.375613,,in,,system_wallet
pump_person,,7TWnq4WeYcwQWBCwKeEX2Q9xqVtthPGkB7adNvueuVuh,10000,1839577535.090184,,in,,system_wallet
pump_person,,u6PJ8DtQuPFnfmwHbGFULQ4u4EgjDiyYKjVEsynXq2w,10000,1728485267.444446,,in,,system_wallet
pump_person,,4Votc2LuueerHo1mocqTxhnArYpAbMtBAHsRyS5NpZJT,10000,1625000010,,in,,system_wallet
pump_person,,3L23bbdCk5WknsahZKJZw7ngwYC2gLgDez9KeaihCU5q,10000,1523473889.082332,,in,,no_account_data
pump_person,,DZ8M6QjqS6reDLFCFyoErJzSgGFthd57FMmBqaFNXaNB,10000,1433656900.3357,,in,,system_wallet
pump_person,,DLkDZH2McPeHi4G8DJryEk63WH83RePGL8uKf1yJ1vhH,10000,1433181593.887987,,in,,system_wallet
pump_person,,EbAqo4b82XgfDzX8Ycueg2SXtR5mzp1YrhNPoGgoXXaJ,10000,1403452091.279123,,in,,system_wallet
pump_person,,EnaatNfHKJHifA6VsiZBm1dKKwY8z2aaqW8BhDYwvYJm,10000,1400822462.493785,,in,,system_wallet
pump_person,,55wnwPLi8Hg4ShLqPiwnuXZo7nkKDcEsTpnm1vVkBKDw,10000,1367090011.447367,,in,,system_wallet
pump_person,,4YrSuGhe4okHhab27nMn8yTBEMtPAPanv8koaCjzGDKw,10000,1354198820.024389,,in,,system_wallet
pump_person,,GGDbtt9ArMC7R9kpmC7r1nQZbBy7Htumf1LSmchxs6zc,10000,1354186461.402265,,in,,system_wallet
pump_person,,rCTo9VHWqH5LLWCPoqPRvnDy7JTwCiECrvpWhqS38V6,10000,1354186461.402265,,in,,system_wallet
pump_person,,GJZgb2tYbxkJ1q9u5Xr8nDZtBypvwXQpNstrQ2P6UKh9,10000,1354166676.666667,,in,,system_wallet
pump_person,,1TQV75DZyj19JAuUq9RjvF4ceDuHzN1McQcggQ8u1ev,10000,1354166676.666667,,in,,system_wallet
pump_person,,DiAvwdBbGESA51bxH6UKv1c4AVrQNYkPuVaW46dy3LWg,10000,1354166671.666667,,in,,system_wallet
pump_person,,2Lwgk5qsbTPVcza28cNFzRHZXAhYBFagvFQTi19W4Lju,10000,1259380621.682759,,in,,system_wallet
pump_person,,8UjiSXFU45bZtovQjw6NCiNPBYFFLwzKcPCesFae1zGz,10000,1249239334.298967,,in,,system_wallet
pump_person,,3B7XAQrLoEMDEGvX8569F9GRb9PcXXocJmj5wvhhei9z,10000,1229567419.812964,,in,,system_wallet
pump_person,,38xCLm9kSExfGU1GdyVuX4vop7SZns9kU2mQyTmmMdUP,10000,1156131359.49,,in,,system_wallet
pump_person,,8wM44Ryv9DFCSfkgUnPEPgnsc53arT4cnmXL6LnnC4UW,10000,1113503392.692309,,in,,system_wallet
pump_person,,86zviZwMGfYHwFzgV3p8MREMnvKmb69ZkxDBxeXmXDHj,10000,1083355966.464423,,in,,system_wallet
pump_person,,GgQX3bDNCaXu8pp4WYRamuKZzYezcVhf3PJh419Z4gSX,10000,1083333443.333333,,in,,system_wallet
pump_person,,4zg4mV2QNUsGN5qVbuKA3sqvkaPRkyb5gByjfRUH3uHn,10000,1054657611.174218,,in,,no_account_data
pump_person,,EPv4d221Dk5bY2rzB8a2BsHQ7sv9tHwKZeSoc1VLwNwT,10000,1050016802.104691,,in,,system_wallet
pump_person,,8dQH1VxZnD6N8iigY5EsjXbFyoETppzFEmVUfS7XKhMp,10000,1041518925.980478,,in,,system_wallet
pump_person,,zt27jpb8jfLg5e6fvnEgkfnNyxpqhJV4mcd1JneeQMW,10000,1027032843.367326,,in,,system_wallet
pump_person,,4UpsBxdSEqFafi5V8vNwEnWvzZmrxj8w8C36oQjtX2qK,10000,1017529680.997588,,in,,system_wallet
pump_person,,E3MhdiKia92MFswUHM68G4fqYCyF4EK7gJ5H1vTky9Cs,10000,1000020050.893836,,in,,system_wallet
pump_person,,3r8yisznwhwTc3zvRpwCNozv9UE1zHcpma2VpGL1cjEk,10000,975854949.500936,,in,,no_account_data
pump_person,,AVPKzX2QZ8E23SWR728yhMTnnqr9UjAZdgemfaE3qHg5,10000,928605590.933383,,in,,system_wallet
pump_person,,Dyo7tqec9dTED6kddpqj4e3L68HLC2VZAiboNsMzKUP4,10000,925019279.352699,,in,,no_account_data
pump_person,,3Z2AqcKCmdcCZ3iCUiFKtwUbrmuPcefwN3xRLTdY7XyN,10000,900937555.984549,,in,,system_wallet
pump_person,,75swTMMhfxwe8LfhpQBiwf39ECy9cyiV5w1Qs1BFy4P5,10000,885245956.037052,,in,,system_wallet
pump_person,,Gaw3fcEJZkZjhmNp4zix5MHj82asVWv162nhDUo8bGvp,10000,883723884.711167,,in,,no_account_data
pump_person,,5PAhQiYdLBd6SVdjzBQDxUAEFyDdF5ExNPQfcscnPRj5,10000,870857687.531479,,in,,system_wallet
pump_person,,A6dzisAAZLYefzEJ1JKfTgtbopgd1JgC9KMp8q5s4Zu2,10000,853142596.232061,,in,,system_wallet
pump_person,,9TwDYXWMrknd5Vgjifn529Ka9cj8Fjo5nMtv1NvYHmWH,10000,815889314.359656,,in,,system_wallet
pump_person,,DphzLLtXz2B133xMZkAgVy42gTCxpztJzZtJ9Haq2eEv,10000,812519589.32139,,in,,system_wallet
pump_person,,DPg3vkLhVG4DStXizsZfiMPNEgSMHVPW48uBYyuBc6iy,10000,812516484.447968,,in,,system_wallet
pump_person,,6dwaj585LCV6R6gm5fKQ9XBbJz1Si7LKmgaDA6xgvUzt,10000,800017190.596145,,in,,no_account_data
pump_person,,ED86KHerMiNnekX995NMvx9F3TaLEiAAoiAtrnKQcdh6,10000,800016654.201175,,in,,no_account_data
pump_person,,4ERWabcgDyqjPAENHCXPPUE41zsGqPfUdNYbJ4XvxpB1,10000,797900093.910019,,in,,no_account_data
pump_person,,EZ41WcMH3FmyWGV9WQaDLo5uo4ysVNdeAm1ZoTybxjsJ,10000,770015458.366719,,in,,system_wallet
pump_person,,5X7QspyRDJUjCdBXB2u1vpuTj2seLCNZDAJZ8EWvBD5e,10000,742811664.427057,,in,,system_wallet
pump_person,,44P5Ct5JkPz76Rs2K6juC65zXMpFRDrHatxcASJ4Dyra,10000,742248575.064647,,in,,system_wallet
pump_person,,35qBSZhyoYFkz6wVpBib8qqzVEWHxkEBNYPdpHHaiUo5,10000,724509341.881718,,in,,no_account_data
pump_person,,2s5CfZ3adDd52K3CEDr8CbtiZE56nYcx4XiBNiqZNCBe,10000,717725004.692365,,in,,system_wallet
pump_person,,FbmX51eefDd2AeKjPFdAXhLdwUbnVGuYzEuNajC2Rg7e,10000,717232804.440334,,in,,system_wallet
pump_person,,6EpVvvEkjgfGHLcg2bMJofmDHmybuLhfDW4YXfP6QZwP,10000,713075733.571729,,in,,system_wallet
pump_person,,DHRqLgAvd7zbzbyAPYtyjwwhfuLXmUafFFDcd7MyczeF,10000,701609530.979901,,in,,system_wallet
pump_person,,3ixYKp5PsdqykioextzwKjZBEpwnEDkiHTqgc5Z2piKS,10000,625021990.831024,,in,,system_wallet
pump_person,,44YLvsHWqLctxjVBZeL77inGqn7sV64AFbp7bqhPPCN3,10000,625014234.535336,,in,,no_account_data
pump_person,,BcmaXnztGU5ZS1TV5b9sebm1cYBNmr6YqXshcnR1G4dW,10000,625012413.770637,,in,,system_wallet
pump_person,,7XQzhwiuvCFyXrxus5dbJd5vp55i6hCZTTqY2Ndx2jZY,10000,620987951.738455,,in,,system_wallet
pump_person,,APNrkBFsTYjdK47TaZP64nvgUfmD77c7PyTBKYfA4ARC,10000,616394809.781426,,in,,system_wallet
pump_person,,HoxNu7xsUSPGstLYKirtYpLjmnJBTz7gvdc7mD1uvqEn,10000,613265330.283905,,in,,no_account_data
pump_person,,FX8yzhzUUM7VRo8syDBT523pbTj1TjEzY5vLLWSf91eD,10000,609823340.306256,,in,,system_wallet
pump_person,,FixDET3jRBMjT9M69Wim8iRpMQiJHkSSfD7wivStuuph,10000,605445935.965,,in,,system_wallet
pump_person,,BXN4ryBpUZaw2s92k2E7tYc4pgHBreMyYZ578nbnHLTx,10000,595714969.37056,,in,,system_wallet
pump_person,,31RVsZpcmXxxiqrC5CqhpUijkezAQET8hkR7TYpqzj7q,10000,541678047.391324,,in,,system_wallet
pump_person,,8ehAfyVHFNfrhWU53KUJSm5VLAfY4DMP2ij7UckoBEwa,10000,541676469.397825,,in,,system_wallet
pump_person,,ATfCpmes7oPGJpqe8Quv5TCHdiURTBWjg1tHvonbKxWD,10000,541676469.397825,,in,,system_wallet
pump_person,,8UhkGHGLpc8QBdSFapt6pwGUD7msFGoo4Ef8xEH2pmn5,10000,541676469.397825,,in,,system_wallet
pump_person,,bZt4BMafPUdqEDQTBwntKWxnm9i4jmGczgGoWEBhtBQ,10000,541672952.426411,,in,,system_wallet
pump_person,,Gm98QzCfGfJaWWSvGNdPKza21kEs4VnYAs1EKzGy9dsC,10000,540007285.683425,,in,,system_wallet
pump_person,,5vzRQzbR6i2796erutrboNs2rDVN7JA9mwpw45sBYp2g,10000,534472146.954656,,in,,system_wallet
pump_person,,22Wnk8PwyWZV7BfkZGJEKT9jGGdtvu7xY6EXeRh7zkBa,10000,523441515.886458,,in,,system_wallet
pump_person,,GcGJ1V1TNFScT4XzrTQKdZTqVmcheYmmieeK1rufr2yK,10000,521975946.034553,,in,,system_wallet
pump_person,,4DPxYoJ5DgjvXPUtZdT3CYUZ3EEbSPj4zMNEVFJTd1Ts,10000,517446773,,in,,system_wallet
pump_person,,AGiAVqZiQrz32m1zKC5T4UfQKcDoGNG34sqSHSVNgwtv,10000,509309380.128885,,in,,system_wallet
pump_person,,6BhBoBB47wSGjK5uzcGWNcTf2oNRPQNuv6GVdkNyj9PB,10000,505155070.17,,in,,system_wallet
pump_person,,AuqBCsK9p6JonDmf3SANmQLcuzVwC5vHGR7ztjTBQF3s,10000,502005883.09398,,in,,system_wallet
pump_person,,9ksqdjfmkpy2iDjzngG8Aqez5reYDgezDDSSAF6ey3T2,10000,500679381.264624,,in,,system_wallet
pump_person,,7exkjRpjaW5R3SbAQ9W5C5qqRiDyk1nZqJ4TuwWHQE2,10000,500009114.270763,,in,,system_wallet
pump_person,,HXDAHHFXMHNpPStytzg8dmmePHUNFc1HAGSPWrBNxKGs,10000,500007428.590594,,in,,system_wallet
pump_person,,DLUzWHBuZ4THC5gmeY3ohSNLKeNYnorspojGSyfKvxhr,10000,493399857.320658,,in,,system_wallet
pump_person,,Ba64vywjQwvmennBzn8Yvaz3h2v8bwVBzao5cKNmc3c5,10000,489839807.035566,,in,,system_wallet
pump_person,,DSNfdY4u1VD7XLRVDBQqMyVtpp1T7rjjxPNPkWuoR1Hb,10000,477066764.850599,,in,,system_wallet
pump_person,,49mvMufixEbUMzZEUVAnbQ8hLLuEWy789XfKUNTz7wCv,10000,473464471.195467,,in,,system_wallet
pump_person,,FdZHwBLQ1ppx7YBgGEpFcAsqd1W2dvqXLNd6D3ZqZJt5,10000,456757331.689625,,in,,system_wallet
pump_person,,ASjcn6bnNQDBmmccben7JYipkXJxuFrzfpEYndNDpvfJ,10000,450007571.426965,,in,,system_wallet
pump_person,,2Ejnns2Fd5gsZdFJbnkZmQEwbrgoiMc2ikKcS2z2Ps3e,10000,436832435.633596,,in,,system_wallet
pump_person,,AVr8LrXzt3iFD9vKYkr6N2a7nopuKtdkdqwN3XrPmT3E,10000,430573783.835139,,in,,system_wallet
pump_person,,ALynvqVUy4s4iKCkFis53GVHs5e8mnchfUJaGK1pM5Ki,10000,406256796.679984,,in,,system_wallet
pump_person,,7eXM8HNAfXh3iNVdj2FnHN5HjWdJLYr5tUn2aCP2qeFo,10000,406255885.531115,,in,,system_wallet
pump_person,,G8D4vceoJkDYemTTWwFoPmW4wBHmMeixa8vkrxkFZWSa,10000,406253484.678308,,in,,system_wallet
pump_person,,5af4v4d8ZZobpdr8YRGakgydgRhPqw6Z19t8j5o7fabD,10000,404966903.353357,,in,,system_wallet
pump_person,,4UP7t9p3HEd9gfF9gFKkGa1ZvLXFS2naHgnxB4fwpLfS,10000,402988810.050084,,in,,system_wallet
pump_person,,8Q5h2sAmdHw3cuPEE9jPWrbK1mqJ8Vcqe91byQ9FUMTL,10000,400011228.681773,,in,,system_wallet
pump_person,,4RwinJ2Rc1KPGYnifqoouQePA7hohgMD12hjBjjV77fG,10000,394123249.79256,,in,,system_wallet
pump_person,,2pnU7DZxmPehXTURgsUG35dsGSpLtfTCJY6Zo1dBKyt7,10000,380485539.36379,,in,,system_wallet
pump_person,,6FEVkH17P9y8Q9aCkDdPcMDjvj7SVxrTETaYEm8f51Jy,10000,371530631.041514,,in,,system_wallet
pump_person,,7vxtQ7sDP28xiS2nUJbz8pRYMCWCUDtabeMEuBXSUZnr,10000,366802826.675055,,in,,no_account_data
pump_person,,fxcuXATiH64ZBLDwGnW8yY32Gs74yAgPs7ifpgQ9VnU,10000,365117580.617903,,in,,system_wallet
pump_person,,4D61gystQqfyw6GhUyHxPhwh3MMbXz2yATHCi8sWFtmh,10000,360269624.378733,,in,,system_wallet
pump_person,,54Gizr4Z4kQ4eqLsGYkVeqCYP7V5M5Xm3CXXX2QYoubE,10000,359260516.571291,,in,,system_wallet
pump_person,,8Mm46CsqxiyAputDUp2cXHg41HE3BfynTeMBDwzrMZQH,10000,353160091.926215,,in,,system_wallet
pump_person,,Dr5oMBL2wpxPUCcEmCKdXPhioAWNRWYBv8Vyx6LRU1w7,10000,333326801.941413,,in,,system_wallet
pump_person,,256Eh2SHgCtxhhdVWyJ6HyH4xDgdRP7R4ZbHn1GpLoUt,10000,329569911.020936,,in,,system_wallet
pump_person,,6cmq4Gi9tczKBd4SgQdVPxGhGhRzSyYWXmQEqQh4b6pN,10000,311817874.58648,,in,,system_wallet
pump_person,,FjxgGwchRnwxaEcTTNJ8MHkoUqZDHwuEVHawMGASx441,10000,306265730.383837,,in,,system_wallet
pump_person,,DVRKLJ1a1R8RXtvPajhHBvuZzWpdJJC4XSUzXqnfJT54,10000,305430861.517456,,in,,system_wallet
pump_person,,9trzhTbWL1oriXVJ1e9yCv5pYqx6YzsdVxESxH6Gjgi9,10000,295031838.344243,,in,,system_wallet
pump_person,,6gVV6PiRfAmCWBocCAASyvhFjihBakxjybFEjRbSoKvr,10000,293109419.388099,,in,,system_wallet
pump_person,,GFbzkxKE6wWgFmhdvmp13vfF6kVCvQ4k6dCZahLqL8Lg,10000,290833207.97089,,in,,system_wallet
pump_person,,6rHo8LUSzyd3fX84nshmtPeFYAmzkE87wKzx2rmPKHQ2,10000,282077349.969596,,in,,no_account_data
pump_person,,9RZd3P9RhJfmmLTRzmdwAzQkK28DJojvb9hExnU95pdR,10000,281415443.226271,,in,,system_wallet
pump_person,,79F6D51MSKfjdK621TLnVgz35U3srZj1W8b9dxwBHAT1,10000,273890710.803782,,in,,system_wallet
pump_person,,8gwXpNog7tHAKzXgzQCejm1yxM2Ai8SnVkWLRNBAznJt,10000,273870248.149108,,in,,system_wallet
pump_person,,3HKnsZtQXrT42W8PVSLs6cTUQBC2BmuSRekMY2zYY87V,10000,270838135.829703,,in,,system_wallet
pump_person,,GPdHif6uJQ4827bkDyE3BUDtWs3R57SyFKNFF2tcfW4U,10000,270835767.534218,,in,,system_wallet
pump_person,,HagFJ5t7W1kRnbqkJxgvtuw1779ReeJ3gxCGGiEosWz,10000,270835767.534218,,in,,system_wallet
pump_person,,Ev1AaPu4c6L1QEXZiLv9DkNBa3ZigddiXYFTk9tN2DoK,10000,269258874.397604,,in,,system_wallet
pump_person,,4GC3a1RkRXx5shwGP8pTY6cxXgSWkbfc66vM53a6qSKj,10000,267125832.093432,,in,,system_wallet
pump_person,,HiXhw6DyaFsGVntujTDrRcmutEWMfgD3edAhXZidv2PV,10000,260594836.538807,,in,,system_wallet
pump_person,,3NFzQqWHMsdrazY2yrBWAhugR8gXtfBvCUQTHaPFZ27V,10000,260568062.81,,in,,system_wallet
pump_person,,GNLPhHS33k2pvgF9UZ6HjGTsGfgz7hxAMKiHQDsjFEAn,10000,257968633.535769,,in,,system_wallet
pump_person,,FZ1t8TZtx7VSCQdBsxvFJiezj9paUBF6Ub7RKA2eTGyE,10000,255879589.48,,in,,system_wallet
pump_person,,FNQouGxDDAAaLVKKfXUZFp3uM925FYkpWhvkeykUViD9,10000,255265195.487938,,in,,system_wallet
pump_person,,4peJMgPmYehSAwpxfimz5iCSTuumiRRnNuPMngSGyUBy,10000,253920885.633466,,in,,system_wallet
pump_person,,ECUa5EfrNgNPAp4SsjZyf6qhS1rvQE14wvLBurYBctfw,10000,251299373.853618,,in,,system_wallet
pump_person,,64CuV85HHCydAwxQMoXwZ9HXoyw5qE65NkiJxCtuFErF,10000,250888782.714569,,in,,system_wallet
pump_person,,Hm4x3ZguFCXQgdbfhVv8ik6gyqBNwTWnhuEWTpY1jMeE,10000,250002112.722691,,in,,system_wallet
pump_person,,Hxh1BueBBw8bWfdE7ciEvYhSkmT8K4SuZZh11ZaqYTdS,10000,250001987.721572,,in,,system_wallet
pump_person,,F2fC7WD3MPs3Px68b66LA65jVouaiGVUvNHAjgfNzsHp,10000,250001987.721572,,in,,system_wallet
pump_person,,H5B7YSEXkmsfPMpDb64UYsipd4ow6cRM7sVNSBoFTsjS,10000,250001970.58535,,in,,system_wallet
pump_person,,8ec1wGmd87WUVmrgiiCKDqmeU7o7JVg2FwQVZUjY3KP,10000,250000010,,in,,no_account_data
pump_person,,5YRenKkxNMDREEs7JDAR1DBUxhnuXquYUd9XvH25RK8F,10000,244438944.049995,,in,,system_wallet
pump_person,,4z56a1TK4utNZJYX9udBt45cpWUB1PMqB8NgRjTMkRJy,10000,242664577.279766,,in,,system_wallet
pump_person,,8Qnp5yyLq6xPpegsEPcjYNQvqpzASx2Ar9EJhPNf5u38,10000,232999884.73,,in,,system_wallet
pump_person,,2UL8hbNaoErAYNePqgQYPP9yDCDRZGWbzKW4krLqkhNL,10000,230512166.700394,,in,,system_wallet
pump_person,,8VgwfAxaNJTFrWSihtXj7LHyfhrogjjcYzk6Z3ev786K,10000,229881725.775304,,in,,system_wallet
pump_person,,2ysGaM4dQcmVTVaW1RsxcRntVE4JK4XNwFX5LBEbUJfd,10000,225946807.155802,,in,,system_wallet
pump_person,,DMe3ddj7awSR3LFC64rjmCPexsrSv33QAxFoJux4vGH3,10000,220218690.265655,,in,,system_wallet
pump_person,,GBrURzmtWujJRTA3Bkvo7ZgWuZYLMMwPCwre7BejJXnK,10000,220000000,,in,,system_wallet
pump_person,,3Fy5oFavnWzTZ8YRBhZkyT3ioKtBSDVVxFkbSPefJHyF,10000,217201715.101636,,in,,system_wallet
pump_person,,3Ln6KEgLoMR2xFHfqtYazP7CxFQPDtUVVtwCVsLKVfmV,10000,213144564.158162,,in,,system_wallet
pump_person,,FFDAamfSQpoKsUKMjzt6rvzLAUQKfnSPFnBZQyZk8HWM,10000,210099835.991025,,in,,system_wallet
pump_person,,GNRgBxkRFnyLYUTX8DSs3SM3Wm4jYSHQn6JQQVXapoRc,10000,209095512.504889,,in,,system_wallet
pump_person,,65VinFQGGAdGr1VDYbBu1joNSYgYTNZdbEgTGBxnQ4iX,10000,205226287.343776,,in,,no_account_data
pump_person,,2wKyvVH7NVXMqXNKsAJWa7JM1L7xSC6TsD99YFdL5BUW,10000,203695760.467804,,in,,system_wallet
pump_person,,B86WT4kLrYrgwczM5yAayFsg3v3s9i5vMnNgPjB9nsg4,10000,200000000.003259,,in,,system_wallet
pump_person,,zaScPesBAkywbPbhH9VbH6srm8398X1UJXpokLdVHVk,10000,198001927.678374,,in,,system_wallet
pump_person,,77mCuhNEgFvvX3jw7afUmHnwVJLxw4H2Gzd5SX9TmEF6,10000,190275612.380575,,in,,system_wallet
pump_person,,6xfPFKnwv48XvxpFf4athewqGFvSTKQcMmfzYapgZ2sG,10000,183081048.938893,,in,,system_wallet
pump_person,,4raqd4tCEnm2yGeUocVqPgN2MPB1W6A3EZfC8LoMChvf,10000,181597541.937183,,in,,system_wallet
pump_person,,CxS5Jppbm6nUuxrkse9fRqPQ61P9XpHemviTpeUSBTVN,10000,181269293.006999,,in,,system_wallet
pump_person,,8d9FNC7AgKLTCPKNd3MMkLLXZYLmiYFYR3vfXMBNJVNx,10000,180889919.94929,,in,,system_wallet
pump_person,,DMHbiCrrG4tiAprfa9Df8KXDG36Dg7xqpdATEAHFYFV9,10000,180000000,,in,,system_wallet
pump_person,,4yqgcP2EvCyyE14Zd9H2jPFMK59q67YUz7bBnUcKcfVE,10000,179201648.665512,,in,,system_wallet
pump_person,,AHzDwT6cLxQAi3f14JHPAQF2texExGgd9BT9Vj6Fes7o,10000,176044294.834126,,in,,system_wallet
pump_person,,AbVPC8iFQKF8cHhC7ouJaWgdQN5y5tfe9ogQ7Tzig9AL,10000,173092862.469184,,in,,system_wallet
pump_person,,71S9JBgFBMntHdfdAoj4hafg8276kqHKcUrQZBkUX56m,10000,170569495.945644,,in,,system_wallet
pump_person,,9Tv7siEtYvJCYTt1NEwt5NkZqgRCjBQBpnDKKVWPZtCT,10000,170255551.065549,,in,,system_wallet
pump_person,,CSEncqtqbmNRjve42sNnbs5cCSmrjUNsAEwc17XY2RCs,10000,170021057,,in,,system_wallet
pump_person,,BFW2cjXqhk91B8cj9kPZvEPc8KFKgkN1eYux7QC2jqZB,10000,169276165.076336,,in,,system_wallet
pump_person,,B2t62E6EebmN9mH3dZ31x9SgnoTv1JwsBZdhcAKMsQgL,10000,169273360.802047,,in,,no_account_data
pump_person,,DXSUBCAqeggmfdUfwaDi6iL4sRpVgHFUsDV91ZYzuLve,10000,169273360.802047,,in,,system_wallet
pump_person,,FZagRtCxFVCm3wydUMDQaAkohLZzZPrrmTa95Njn3LAe,10000,169272326.513983,,in,,no_account_data
pump_person,,ZnCRSoMKXuTdrcVFbobUr6d9weCPegBtgdXPDzRRcjC,10000,169272326.513983,,in,,system_wallet
pump_person,,6FfMD6kqraWzixZnEzyR6LHLw6oXgPpqSCK6UcXUv2sw,10000,162208821.601073,,in,,system_wallet
pump_person,,gjsbSsJFUU3nKq3UVhLEXM5uDpoqhh1Qjj4aMqqEn4J,10000,161876775.6037,,in,,system_wallet
pump_person,,4P4kEFxohJSAKawXK63JvRE6obYz5vUjJ8xX7swQ4DKW,10000,158186535.882441,,in,,system_wallet
pump_person,,D8iishPEtB9XUF3rEtZVDR2cENKrWAvWtnEPTU8UWv56,10000,157906379.404997,,in,,system_wallet
pump_person,,4y2T1ghykCTq4EddoXjptZamk4qAsqcZw6eKxS8jdvE1,10000,157653876.228488,,in,,system_wallet
pump_person,,6bfRGGxk2H4c5phHUnskfLq77zCtC3MjjE67okyqpCVu,10000,156252379.444903,,in,,system_wallet
pump_person,,GgG65z3MXpmGnV3ZapKv5ayDqox1x7CJnqP1LD8FaZdt,10000,153195657.42379,,in,,system_wallet
pump_person,,GyL9JZ4PFFGd1LiX7tCWvjTAothh4XMPenbyu2ouZqbv,10000,152853277.656977,,in,,system_wallet
pump_person,,JqmDJJnx8Qof7DsrJneKxvWEoxjG3EYF4KWrdeQcB6W,10000,152553826.84356,,in,,system_wallet
pump_person,,62Qi5at2WQwFQqvieuYp2eBK7D2iQS1oNmE4NcLnXn2Y,10000,151003817.585645,,in,,system_wallet
pump_person,,6HPXAWfk6rGq6JiTW3RRGwVbNjQQ79SNk3A2ACvBVdqs,10000,150002284.667114,,in,,system_wallet
pump_person,,BCvYeeeehuPQ7gxGhzBjGTNEtCiSyPSbsKuCqapbSvVm,10000,148783465.298421,,in,,system_wallet
pump_person,,AUbn1VFbvP1JWrfUbvuHQ2hr6SZxubDx5Fzy5xT3xS8b,10000,148164444.801716,,in,,no_account_data
pump_person,,68VZ4TtQ6B4SQgoJ2AypqzZfCFNkH5Sbmsoc4Q9pnpcB,10000,148062897.392288,,in,,system_wallet
pump_person,,Cc6t6Z1E8NRiM62Nd9J91TdYVAU2zBubPpLYLz4rrfaG,10000,147542062.335601,,in,,system_wallet
pump_person,,AGVhmrhDi3RKLu9nxnRqp3CUpaG3SVeYXWkWcygHAk8N,10000,146407816.005271,,in,,system_wallet
pump_person,,7oYppe9TU3yodYWvqADc6frfe36fS9357yJ4D7MMX8x1,10000,146288736.210219,,in,,system_wallet
pump_person,,43DbAvKxhXh1oSxkJSqGosNw3HpBnmsWiak6tB5wpecN,10000,143334075.862245,,in,,system_wallet
pump_person,,887vBqknV6hhUkFp1Fgf5GUkG3DmpcFQyWwsZSUJGEn3,10000,141028875.619454,,in,,system_wallet
pump_person,,Bfb9yVKX3GHGDbdhAdKVu81Whm8crzxQRV4wdav2GD5Y,10000,140058076.9611,,in,,system_wallet
pump_person,,GypEURvoCzn41hSDR7M4VgJyvoaz7nVaDkmAWDgan8sK,10000,139149517.982169,,in,,system_wallet
pump_person,,53unSgGWqEWANcPYRF35B2Bgf8BkszUtcccKiXwGGLyr,10000,135422293.694701,,in,,system_wallet
pump_person,,4o4gGeLZJQukQmrJ911wXqfwAsdoNf19t8D3VK6mivCA,10000,135419006.191517,,in,,system_wallet
pump_person,,2TwGxSEkH6piC52tHSV1QksyySeY9NyuxSJP9vnD4WwZ,10000,135419006.191517,,in,,system_wallet
pump_person,,EDGVXQPitgC7BcnD4zH4vKh1NttCfyC68T36Rw7Psw4N,10000,135418649.474371,,in,,system_wallet
pump_person,,9vLTUDttJEGnP1d3qmMqDxiv7Z4X76EGfnQD2WuFRjCz,10000,135418639.474227,,in,,system_wallet
pump_person,,GL8T72PKygWaYrLKtSteN9UUvYYnuC8azNDunk4eaqqQ,10000,134741995.99,,in,,system_wallet
pump_person,,6Q6Y3WXCV5wfpowjJ3zV6RA49ZYc7txEwWdTAews9iq4,10000,134501998.72941,,in,,system_wallet
pump_person,,4JAsT9JHefbfdPrfB2k9yPssThb47Ze1yNdC9LVEZthy,10000,134230258.884607,,in,,system_wallet
pump_person,,A4JVCGGwyacHaBnzL5DbBmWkseMhbcrbceVyxTxF6Bqr,10000,133789221.955423,,in,,system_wallet
pump_person,,8ziMP4Bc5HnPjvdAQRnCed52QpvALQ16XHZ2PTGRKFM3,10000,131894929.859844,,in,,system_wallet
pump_person,,8S3BjPnAygsmbGnxpLUNympLoeEnRJhyqHkpuxY6aMdC,10000,131756472.927685,,in,,system_wallet
pump_person,,EENz7sF8owK3yRhMikarxfj7da5f79Kum2Pde5yiVkjo,10000,130775670.542634,,in,,system_wallet
pump_person,,2YxQCXt9spMwoQZiwFLwdjHtscVvXi4nmxCkQCD6Rvgg,10000,128071228.524607,,in,,system_wallet
pump_person,,D2eDjPbzYmYzUQasuqGsEP5muyGuanXeKeEtJw7zAo5u,10000,126662195.749264,,in,,system_wallet
pump_person,,VCXLWcXDhEUSxcQvtnAvoPEwJrXGfwgJsaj6hFMn7zQ,10000,125241323.034264,,in,,system_wallet
pump_person,,FEgfCaSjRke5NDKrzq8mmgRZbNX1gNvSMpwDc9XEMEC3,10000,125115185.184678,,in,,system_wallet
pump_person,,EJxRGKxzAdjb7edFfMRtpqUM1zgXL96m1BCmaWuNXHL9,10000,124610543.306713,,in,,system_wallet
pump_person,,BpvuD7wcEeuUQRFJLgwEDWYob3GaGTpACQpz3HAN2T1A,10000,122739642.709835,,in,,system_wallet
pump_person,,9A9dUreQvTNoqNrqQC2DN1onfZWBtCBsTiuA6oGXZwc6,10000,122643082.958,,in,,system_wallet
pump_person,,J3wSkQQRR4xDya7uY9S3UM1Y84oKbFZh8eUHM8qu6vk5,10000,120372740.090489,,in,,system_wallet
pump_person,,6JGvsM8dMXXLheM6td1vGtQwarCZoPCwBqVNX1W6cEGE,10000,117036905.095,,in,,system_wallet
pump_person,,4XUE9iX1fAXaLQLnBmDnv1ytuLw37Dtvg1NtLqN6z68h,10000,114100386.757532,,in,,system_wallet
pump_person,,4DppPW6VkMqkTxhbXEzQLjzDUMPXFWKc4d8RdAkpcta1,10000,113177168.645707,,in,,no_account_data
pump_person,,AuFwLmvZpDdeMFLNEVUw2MT8PnT8q6fxDk6WpzppQDZR,10000,110000000.88259,,in,,system_wallet
pump_person,,Coz1QAJv9V9aeBi3XyCx4UrVuNxR115zetdA8zSD8MZB,10000,109941981.796568,,in,,system_wallet
pump_person,,GV6UUmNxz2RpKxmNAPadYKb7uQpszwqQAu3qLJxVdC52,10000,103117017.408842,,in,,system_wallet
pump_person,,C8XzHPYLiy6X8qDhe5cBocLEUEs4hdYDCha9i6Ex75Y3,10000,101989713.722959,,in,,system_wallet
pump_person,,3wV9nLx8R9EV8h5Rq2BAaJMSPWazfrAnPMU5NCUYKrsm,10000,100001156.657246,,in,,system_wallet
pump_person,,9yQSixSjv26vmXmnoLdkuos5fuaGdFF48mxzjX1guMHh,10000,100001073.87964,,in,,system_wallet
pump_person,,FBQGkmj95q49ccbA8RLJFBJKRNYNwz7h4PofkxoxYugr,10000,100000545.031712,,in,,system_wallet
pump_person,,B9hkoG8rjSsJ3FcjYMu2NDschscJvVSfjWZKrZYj22iv,10000,100000386.204926,,in,,system_wallet
pump_person,,8fkxhFCCdzNRYQzvxgjKdFgQo9ya4it2W8GxFUup1qGd,10000,100000000,,in,,system_wallet
pump_person,,8CwBwNZdGzq4jsCxogAd7XjRVicp2XeiUgxzeffCrFMk,10000,99119357.169077,,in,,system_wallet
pump_person,,A7J8TB7CHYEtLPirbm1c39VBa3AGp8R4ULry7q9sXcg1,10000,98765424.148896,,in,,system_wallet
pump_person,,3XrqaGdaurstgTjbjoX4FpFUX3aSh3Abig99RkPGK1rG,10000,97539598.267432,,in,,system_wallet
pump_person,,4xJeETiP1nQfk46bJUJ2n6pWmecQPfmZkuP22tWEznnx,10000,95449184.69,,in,,system_wallet
pump_person,,G4ZuKNUK81AfMTNXizokDVx7Q7Wa4MvnwphSvnG25VeU,10000,95132653.993466,,in,,system_wallet
pump_person,,Hmiz98YWHu4R8hnatAzodmBQC6owNPW4cERSDcigQ9aQ,10000,94972549.50625,,in,,system_wallet
pump_person,,C1RhFU5pmD4FcQGUi4MP3nzbLQf5vBJDfLLjCMPLnLLN,10000,93822587.0864,,in,,system_wallet
pump_person,,6VSUzV9LtWgDJPLgjazn6MgBcJ3fKQV12i5dfKq4xMH3,10000,93751093.803777,,in,,system_wallet
pump_person,,EhDyxGpEz9hryw6MwiBB7898WEzcoGTCAjVQMHbo6Q1M,10000,93164149.509302,,in,,system_wallet
pump_person,,Am8MAEorCMAKxphqjAz3Ff59NEwPm4W2eS3DQLi2B4hg,10000,93158076.032013,,in,,system_wallet
pump_person,,CmPWYBJUULrDrq6kNa3pXbELNeQBvJ48GfnoJs9UjVcs,10000,92101763.950898,,in,,system_wallet
pump_person,,5yp2vYHbzTy8tgy9u6PmNJHZ3Dx8ktDVyRDtbtP9HHYF,10000,91195744.941317,,in,,system_wallet
pump_person,,6D5BvU7VgaCG1SHXMDXVVdLhyhNZpRPeY6AQqk7x6U2G,10000,90923938.778731,,in,,system_wallet
pump_person,,CSiN8176BNxwZP8y7KrVB5a3xVUkuyNosRr4Vzf1ezMc,10000,89863107.115609,,in,,system_wallet
pump_person,,BN8rRoEifmfexngPpL4Rh8jpgi4VHizDXm15Qz81METK,10000,89660423.843949,,in,,system_wallet
pump_person,,5WJi1s1Lmyz3uwrDThBGZgxtGms1fvBTy1LH1y8NzZ9s,10000,88882548.515065,,in,,system_wallet
pump_person,,APSRwYPQwvsV5PivDVZeoKyHSRgrTvuJyfk2hdgMt58Y,10000,88557281.293091,,in,,system_wallet
pump_person,,BmFdpraQhkiDQE6SnfG5omcA1VwzqfXrwtNYBwWTymy6,10000,88406879.520136,,in,,system_wallet
pump_person,,HR4ZJkjRnunRUphqfCFZgfzrEzz97fU4n3a5GLYG1xnx,10000,87993474.341706,,in,,system_wallet
pump_person,,8wLTN387C6P5rYqZH7L4fpU6NLHeVFYcxSykdAUWk8Wy,10000,87292653.825781,,in,,system_wallet
pump_person,,2QaVaBFCBgGunQYZecvRsadDv8ASvLYx2mXHDvXnhtx4,10000,87055554.089986,,in,,system_wallet
pump_person,,GYiTjQMimDiEPhksaajVteHR5wWfw5kNBx5Z4tBkx7UG,10000,86975059.725537,,in,,system_wallet
pump_person,,ADqZYsW9SVZ6bCSGDqfBiPkfaZuQKGg79MA357otX8Ud,10000,85464184.201481,,in,,system_wallet
pump_person,,8jKK3poedvbmQhDDX9zxSSGsEvKyWBEhbDoti4kppR9y,10000,84935548.595712,,in,,system_wallet
pump_person,,HhAzbNeBpWstxYM1R12fD6hEeXuZ8zVa4dqmN2vc6yiX,10000,84893456.413808,,in,,system_wallet
pump_person,,HeoSbuZQXqvAPK6tckuBHoRPmzJL9ud2odPPujnt2Ykk,10000,83981705.125681,,in,,system_wallet
pump_person,,7u4SmR695hYNDwBE4yMNN6zxnSnEzBh9mkorM2jNNY8P,10000,83762106.487639,,in,,system_wallet
pump_person,,JC4c8zRbi68Z1y4ovAXFMsFFbTc9K1DRsWdftNjCkUxc,10000,83620851.710801,,in,,system_wallet
pump_person,,2rJ3JyiT2jVUgtGAkbgRYhAoda5chCoGAkLNWYHus25z,10000,83334597.433717,,in,,system_wallet
pump_person,,EWJH1tZ7i7FsZBZVYVXyTu1rAyYtxWSS9gv1MJaknxdU,10000,83281996.164127,,in,,system_wallet
pump_person,,9rrsyYStsj5TVQ63REsJS5AFXCRV2fkjpqH8gy8WVUNb,10000,82863042.272953,,in,,system_wallet
pump_person,,C8DgY2dvb3m9roM6cuJYwYGe7GHyVKnUD9jwgPeaAW8w,10000,82848313.644858,,in,,no_account_data
pump_person,,6XHzigwW96CXM98L19CMfphFfnW1e7Yn9JLFjtkdoGLh,10000,82255316.60236,,in,,system_wallet
pump_person,,653oTK7oPTnj98AEct5LmvXDacCJXNwJyyoPoSyJguro,10000,81250928.835565,,in,,no_account_data
pump_person,,FXhPLQp5LafQB97AwNsmp1ewmkNE3DckHQoCkhKJwPzW,10000,81250432.377263,,in,,system_wallet
pump_person,,47Fh7EcPE9fi4EmTZeukLB1svFSJ6aLPpexTg7n8X1QN,10000,80475590.470053,,in,,system_wallet
pump_person,,6o5YfCPhRNA2p5RSnMVC3aJhHiBZXGRFzzpfh5314kzg,10000,78538483.219407,,in,,system_wallet
pump_person,,6orybtMkjGRyDRoqB5WWUpWWwD7C3R1qTMW6cqqcAJqY,10000,77917547.728388,,in,,no_account_data
pump_person,,JDNNzPs3VDPCwKFjZsiq15r7nP13sUutkRyjTUTxkXEL,10000,75849803.336785,,in,,system_wallet
pump_person,,Gmej9sdGjEy7hUs4xUoVSWLYvUCwJsrZUtu3xYmjFRMM,10000,75776883.85166,,in,,system_wallet
pump_person,,HxxW8jrRUXxqm5BWyDxvQL7LmiyVvhDmmNnpkaZoMqdC,10000,75663959.986958,,in,,system_wallet
pump_person,,5fYmcKbdswHsp4b1UBmECDDg116REzfmSwDE4VhK9URd,10000,75277235.591028,,in,,system_wallet
pump_person,,BzrAkcqkcYLwcsx1FrTgRFCX2u3553nhG7o5p3KsB9Ee,10000,75192562.426256,,in,,system_wallet
pump_person,,f4CMmXJCRu4fzyqZPkDiFhGKAeCo1s7sxUtPKQp9SDy,10000,75009461.474999,,in,,system_wallet
pump_person,,6i2aHtxfqkC2biTo98FSkP59FVHPKFRLZWDbdghN6WKK,10000,74098371.210022,,in,,system_wallet
pump_person,,6UV3ygYGhu9JMKC9wuDGWNwaP9u4c4tJaxNPu77bMF6h,10000,74082797.939939,,in,,system_wallet
pump_person,,dfSzRvYp6vDxkX7WjSuHtwwNKY7fL7SPY4x7LJ5SP78,10000,73959135.960853,,in,,system_wallet
pump_person,,6v434aRMo8S21HFWVUVT9bfqF11nwoH6PM7bJJzQGPhW,10000,72211197.054375,,in,,system_wallet
pump_person,,FxmR1j3mDiPnyTT1mW4vX6drikupeTf4Tb7hEp4XCAb2,10000,71996242.749826,,in,,system_wallet
pump_person,,3aDPJiuydGDUcHZVVhGhyhnZ55QbBdxsmymVmhZBaa1f,10000,71525883.590028,,in,,system_wallet
pump_person,,51j9pR4HSEhaq9dun8LGFhNF3grVeaFRfME8MvFJYRQm,10000,71200368.599693,,in,,system_wallet
pump_person,,J47kX7PQeRFygZYygyST8n8ZEibyp4PDBcKht29mKaNM,10000,69000318.56656,,in,,system_wallet
pump_person,,9u4puJNsa2v7Tiq2gxGvnSnJJmEvj3SN2ikqt74kZvWy,10000,67775524.753232,,in,,system_wallet
pump_person,,ENY67TkMBSZTdutL55aSoMoohvugz3BcrMQ9vgRwVJjg,10000,67765469.42091,,in,,system_wallet
pump_person,,GmkySYxUg2xBvt3rtDxGs8EBFkEZ3398rGBWp6kqxxYi,10000,66752765.094669,,in,,system_wallet
pump_person,,6VL2QW6sy8cjxL24xHL7eFbnUSi35DMJd8AzRwssSs9y,10000,66055843.099072,,in,,no_account_data
pump_person,,HCEFQ2vUPWUWpczbGswrnFjarzR92c6ezd1VLNNr3h9t,10000,65866921.100023,,in,,system_wallet
pump_person,,DF55HEiYK6QDdTMmWuH9vRqaVCvNr4LpjqfNRYv3oSjR,10000,65763809.805491,,in,,system_wallet
pump_person,,FRZA5KgoWABae4Q47zjv2xhwA6JaFbPCjtpZquzpoqG2,10000,65223341.756141,,in,,system_wallet
pump_person,,CbxqjVH92zoosFA7sRAr6jRUrx6qzzPVTHSB8VCur4m2,10000,65216046.000014,,in,,system_wallet
pump_person,,A6ymyBiv6EYhFbN6MacQCTH4x71GGpW5gZfwmGFmirMi,10000,62502884.274836,,in,,system_wallet
pump_person,,ABAMmaG7UB5v3B9vb6DVJj5Sx7e9VTBEts8pFpj4YgCf,10000,62500634.252003,,in,,system_wallet
pump_person,,CGBhVmFinPKZvwcfLBJMSWukfRFT9aA3HvCHszxrGG8R,10000,61748386.246356,,in,,system_wallet
pump_person,,7w9UBJnbospqSMvekAaxpXznTf2dDpTHVvb5mtT4BKYi,10000,60000553.279339,,in,,system_wallet
pump_person,,BXG4aftJWM7SCcMKx7t7Ct1JDNFgRCJfF3gJrt1jcmCe,10000,60000278.790642,,in,,system_wallet
pump_person,,6HzyUvinGxjnsnB4C9u8HL33YuPej6Nfxo225S9UTGV4,10000,59345649.717866,,in,,system_wallet
pump_person,,63pVQRcPUjphDSu9MadfNAuKpjBWQUBpC6Tz2A8nSzrK,10000,59279236.888777,,in,,system_wallet
pump_person,,9E4fv9BsJ2BwkNBXDeUgpJYtrYPheMQWYFcxGYxDFshX,10000,59253188.740332,,in,,system_wallet
pump_person,,F8jBtFFt6V2MJinfbDgJUyWgTPJtag7KsJXbpk2VXDXQ,10000,59022990.542945,,in,,system_wallet
pump_person,,AobVSwdW9BbpMdJvTqeCN4hPAmh4rHm7vwLnQ5ATSyrS,10000,58677301.504628,,in,,system_wallet
pump_person,,42ByMmQW9vNJpiDXtgRA8S8hWCUHFteTbHj3AWHnUBiA,10000,58500634.252003,,in,,system_wallet
pump_person,,9feRiedSbXhV54GmninTFg2XbDpHRLNTViLQAMz7kSjZ,10000,58355062.414327,,in,,system_wallet
pump_person,,7Vq3ATcXqvZZJzYTwqM5KqnwgzyPFYvFuqJpuM786gwn,10000,57317882.046955,,in,,system_wallet
pump_person,,7CscJrKVE64TvXXNS3uRQ3aQXmdSfWcrBYBSRcxwCUtw,10000,56972434.866063,,in,,system_wallet
pump_person,,Av2nB9wRozgetnmxZ4hpLHPrqzVQc2eyiCE34LyaXNgZ,10000,56863768.721585,,in,,system_wallet
pump_person,,Cw32Ny2xcYdpfJmvFd7h2pRhcbcjoJFq8KrrA8YLwZeh,10000,56781000,,in,,system_wallet
pump_person,,D6ygnNUcwAQ2BdGeQ3fVLs7EiMXGpLQpbVV1fQZaDADK,10000,56761303.530206,,in,,system_wallet
pump_person,,65hepC1qGo797qR8Bvm3x5C4pUaVUGZCPZdTJ9tZDhk9,10000,56461600.645818,,in,,system_wallet
pump_person,,HP17G6p11uMpWXrKyfnPePYaXnAd817Ghthf5Z2277cj,10000,55584657.760345,,in,,system_wallet
pump_person,,36834KCzNbkkpgJ6rJTzKv8dvPheow1knJLwAqqukswC,10000,55427142.458899,,in,,system_wallet
pump_person,,AwW89PW2GYGRYmhBV1bnfoS9kRXgWcW5PCvr5nH4uCWC,10000,54908041.22799,,in,,system_wallet
pump_person,,FYPAkrEm6HoFgt7y8rLoU3ikVYQVTx9ahmp5wQJBhECM,10000,54845353.412608,,in,,system_wallet
pump_person,,JBJNZvZZSrAMDg1QoiSNWmi7ygPZGFLDyNMxK3ohEL7k,10000,54785328.07622,,in,,system_wallet
pump_person,,Ga55aQZCrHfaJUWnBaVxWxSLEYpfdXPrzpmujpqr3VZA,10000,54485879.195091,,in,,system_wallet
pump_person,,6SF8A35Q6Sf7FV4adDdxta3UFvZVRGP1fHeFBsrxuYht,10000,54082083.074334,,in,,system_wallet
pump_person,,GBJBh1PESjmntwG4kCgaN3ntuQDmqNYjvmNKxw1UVTB9,10000,54080945.166737,,in,,system_wallet
pump_person,,A77HErqtfN1hLLpvZ9pCtu66FEtM8BveoaKbbMoZ4RiR,10000,54037676.671949,,in,,system_wallet
pump_person,,4gXs8oc2yEwDTPkDyo6V8ZixheTCZvu8JicrEuDat8tH,10000,54012115.111959,,in,,system_wallet
pump_person,,961c1qZtbED8Z6H1gV4jUuqz9MS7XM2G64qeoCQg19to,10000,53955609.574579,,in,,system_wallet
pump_person,,3oSZX3QC4Tgb7FETT4TeptDfU7E5bNDANbY4Zj7rhU4G,10000,53931322.208787,,in,,system_wallet
pump_person,,3onDYvqYKe9vMC4zajZK1uGaBH3qhS34BRQr4KTQK3uF,10000,53163196.136669,,in,,system_wallet
pump_person,,7T7xBJVBsQvMLypWAMEBbqsy12i65FnuJMdDV9vHdRMU,10000,52921357.292505,,in,,system_wallet
pump_person,,DSFWxvJjgvLbVqoQ1Zwoe1iVHhwFgrfSiF3ZK1h7nd1K,10000,52765481.910435,,in,,system_wallet
pump_person,,9obNtb5GyUegcs3a1CbBkLuc5hEWynWfJC6gjz5uWQkE,10000,52600543.111431,,in,,system_wallet
pump_person,,GjVYAYxRyChHnMLVyFFtdQKtHJkuC4UHBR219Wna4ngs,10000,52571404.4551,,in,,system_wallet
pump_person,,6Cwj3rGV6JPB7UGaox1cPs4UQ5aqcufuimm1v83bG4ug,10000,52240669.683483,,in,,system_wallet
pump_person,,ChbMBbBvZmTAuTHFjAoCgUAJQfKkpwfrdMT9cGzv45Tb,10000,52083813.610537,,in,,system_wallet
pump_person,,MfDuWeqSHEqTFVYZ7LoexgAK9dxk7cy4DFJWjWMGVWa,10000,52067523.250883,,in,,system_wallet
pump_person,,nya666pQkP3PzWxi7JngU3rRMHuc7zbLK8c8wxQ4qpT,10000,51576740.2707,,in,,system_wallet
pump_person,,3RDymGPG9TvcKnVUgg7ikQnSTteXSGj93WwYF2z3x8cA,10000,51321935.490092,,in,,system_wallet
pump_person,,5a6sar9RALAk5NwtUttPfP3SBs9EN8m8xDhzshZu2y5n,10000,51221476.72491,,in,,system_wallet
pump_person,,7r3uA7N3YkEMRusfmEfztZy1xHie8tsfDVPge7tiWCNX,10000,51008478.861287,,in,,system_wallet
pump_person,,DPVyMyeKjGaFugddvr1EVifRYZmFL1qzACnEcV8WbAuo,10000,50695734.061033,,in,,system_wallet
pump_person,,AxVn8rB4BLFUxvPhBywQnca11iMapKP38Cd78jDgx5zR,10000,50356745.306201,,in,,system_wallet
pump_person,,HgidJD2zcYuqVgfabkyveAEAu7QFS49X4bCAqPti8Gvq,10000,50299168.248893,,in,,system_wallet
pump_person,,4i9t7sem7FyWJ1YX44xYoV6EpvxVhPn3byKVcNgeonbg,10000,50108842.91249,,in,,system_wallet
pump_person,,9S8Kh6qo4HSJfYKmNJkMkzDGQgXGGmqgYFy6Up11PM1d,10000,50099081.831337,,in,,system_wallet
pump_person,,E5A5Sw7q7PoPyvhnf9HdVESDf1pTbVjWG3HRrtdHoE5H,10000,50057149.08885,,in,,system_wallet
pump_person,,Gf6wvaWvvDRJqj2e3k43uFiA6uwZBK2MesE3oLuFXMG3,10000,50057022.790096,,in,,system_wallet
pump_person,,7iBFUna6yLia5EtnR2VapvnSEPBApYh1SxRfbAvN5LpH,10000,50000461.066116,,in,,system_wallet
pump_person,,FLjJhRKPUtZ6DiyFkrsovpF6DMmPLpCFkS67daW8XaR3,10000,50000180.13651,,in,,system_wallet
pump_person,,8nLyjrYpADH3WLFrGFxezCyMpCv8TR6j6erzovdQKwCV,10000,50000171.493445,,in,,system_wallet
pump_person,,Bgk1EcweyxFaihfq8zhC6ABJWtVSy5c1NbbAFr3dQotp,10000,50000000.763903,,in,,system_wallet
pump_person,,FLRoCp5HU99TzgmzUJbqryUKHtUwGs2tiMfUc9FFRtK8,10000,50000000,,in,,system_wallet
pump_person,,8EzBD2Tk1L3iFarkcR5YMYZsvKoEbsE2tkZF2i8ng3gJ,10000,49850084.67946,,in,,system_wallet
pump_person,,CKq9hf73TV2tUrgQHS455qATatvwNsJ2t7FXjmhAX2Z7,10000,49805084.043457,,in,,system_wallet
pump_person,,HFWv1riXSRJ3nVnnLZ9xi1K4r3zppRvcfVuiAGqAA8Y6,10000,49325558.297313,,in,,system_wallet
pump_person,,66No4S7sgq5HQHLnGSAKkm2ZpYTYRtGjYGxaUKPqijtw,10000,49081150.111491,,in,,system_wallet
pump_person,,G9RCBaYb8aBRxoe8QBC2ucGrVqjuZFysRhY8d56cnNT1,10000,48500881.23,,in,,system_wallet
pump_person,,6voGN2kpUdXcBYaZY5vTXVeCDNSRfXfWLPbL7RgsdEYH,10000,48490338.140913,,in,,system_wallet
pump_person,,FdhpxuCPYWM98q5q1rHLAYRfXFsHUCzaos5ogz4prR7r,10000,48439406.296099,,in,,system_wallet
pump_person,,22jKZvsizPP6qMnEfmDvMExjQfvnQAyvid1CH4VsArbz,10000,48388490.084523,,in,,system_wallet
pump_person,,FkaLnX17cXZGyeu3kZGdHCNdFMJJzBrPPYVvd18B3MZp,10000,48345688.992051,,in,,system_wallet
pump_person,,FLWxH6bJtGzxj5xfWXR2U666SXvcKy2UZ2bNMx5cuEFk,10000,47328013.652063,,in,,system_wallet
pump_person,,CRcheT7YEMRS6TzFEyxDEC8urw57YL4voiESdV2xkMv2,10000,47314613.067646,,in,,system_wallet
pump_person,,EuH2wD3rkVp5uosoL8v5kRTMLT5L6jvbwXAXRSEwzdwG,10000,46675921.031042,,in,,system_wallet
pump_person,,3me1SEVcAGhDRTf51TgkpGHjbHVtFzZYd76CzdcbTgqu,10000,46492090.6488,,in,,system_wallet
pump_person,,8qdmzy1Y2msnNUxaQng8UVP4rDwDr1koksB5H4qPc6vi,10000,46467637.282965,,in,,system_wallet
pump_person,,BA4kkLs7cAzBGcTt6cngEjfbFAg9HeFLPgfDmRjmyqxq,10000,46360034.119978,,in,,system_wallet
pump_person,,GGnKUERb5TSQn4v7kKdauDfmhE3XcYkZKKLpbbGBV7ms,10000,46213049.173728,,in,,system_wallet
pump_person,,ARNPqMMKNgEJUybB6BPb3V1Dukjw8T5jXVdqBp117TJF,10000,46000434.180918,,in,,system_wallet
pump_person,,hvDUWGmPmLh46QHys1rHFJzwBZFmaQbLwWxrWAQEXqu,10000,45963259.009652,,in,,system_wallet
pump_person,,M2St7Gra11AKvk3tC4fJPkxviWYKpLZSMmKcHNoDtxp,10000,45576980.914841,,in,,system_wallet
pump_person,,7QSPT9qLYWQXqRTHf6wiWxekBdzrRiaZ8AGLinwswxnP,10000,45482766.790493,,in,,system_wallet
pump_person,,DB2RUR2AQ4wLWDJmShJDqUSHwfQi59p63n7aWAs7w8LF,10000,45293189.343488,,in,,system_wallet
pump_person,,7sjjY6mbTVp6aYFR8mEK1LdxWYSVktz3SJDHr7q3Eif,10000,45139174.789361,,in,,no_account_data
pump_person,,BzWyEpEubbcJ8HQmLEPkKrK5T2bUpZdhF3C2sfLk1mkA,10000,45000000,,in,,system_wallet
pump_person,,HsEJqJhzJPrMGopNtRW5PgTfZqrnZDTwtEUMfPx3Pz5P,10000,44900155.211135,,in,,system_wallet
pump_person,,3NYY8saPJf7LBwPFA5VuhQicMoSQQbGjtrnNG9VWkrSc,10000,43560280.454648,,in,,system_wallet
pump_person,,HqqzZC5qsNKtZBrBsYvbXhzxUQaADSzkDaifHWe1GvEH,10000,42969148.403959,,in,,system_wallet
pump_person,,L5aYRXToe6VKsHe8S8W2rt3KdujMv6HppBCdbfBtofg,10000,42687798.635047,,in,,system_wallet
pump_person,,GMssHp6CbAvPujyHRRRBQktJRxRB7Cj73pJTjCL91MU3,10000,42610383.14,,in,,system_wallet
pump_person,,25aumswdUinVNtNUmpQ7PGGpxbD5RWWnTP4jteXAyPth,10000,42446889.965252,,in,,system_wallet
pump_person,,BPwiRsDEz2r2Sz5A2BwswNr42zGn6jiAmigF3pidL8dU,10000,42209552.672691,,in,,system_wallet
pump_person,,XLNEqFBK5FwNmxqCNfy1iaJ5GDfNGzKz1NALTpgPnco,10000,41916159.691148,,in,,system_wallet
pump_person,,BMT5uPdv4oT6Kst7DFgjQRMbgWJgq7g8EMynijK6MDJ3,10000,41666666.666666,,in,,system_wallet
pump_person,,BbUCacTTm27U9PPiabWdEagN6C4ZTTvMG8uCNk5ZGsqw,10000,40965999,,in,,system_wallet
pump_person,,EvhHBQbPXAiSGeDMQVH8yNQkeH7pEqhwwdx7v3z6qZT4,10000,40625848.544765,,in,,system_wallet
pump_person,,6vx4FgK2gSngdakzASu6JcLXow7ZEFoD1Q8UpkzfMHJD,10000,40625010,,in,,no_account_data
pump_person,,3UbJrjnxtz1KfL8itbsKBnfZ1tFc3fEEPHNWA15r4fTb,10000,40309660.254229,,in,,system_wallet
pump_person,,2HwApTJn3kHjF3U86o7rRz1f2XYMN7Y8VwV6AZKVGgcT,10000,40065734.743886,,in,,system_wallet
pump_person,,6FHixbfjiQBsiFXsc2ZuEe3XCdLjLNNvWkJagN8sCLp4,10000,40000314.335127,,in,,system_wallet
pump_person,,3ejbo5hi6U9DKrSFUYM6Vt2oYnhBU72rbR7WAJXPvyXg,10000,40000000,,in,,system_wallet
pump_person,,318hxyDPFr3nmBpEwU73jbK5W5vqRiHMtWkTqVieHqfU,10000,39745301.225453,,in,,system_wallet
pump_person,,6k6jDG7tYGERtRBTSi4afKnuDeJJsD5GbCDWCgsTWHN3,10000,39138390.73596,,in,,system_wallet
pump_person,,6ofXwU1s3Ma4ZcvLG29UD6mm1auDV5jumMzRnY1FdFVE,10000,38878094.799232,,in,,system_wallet
pump_person,,28JyZXxL2AHWF8DreDwhHqTx6SmbASAYQwLwLDHq5BR1,10000,38621019.345956,,in,,system_wallet
pump_person,,8KwRzr6zRjuZjWoUjQk2rs8yMSTs37mkdmz6pxKLbLPK,10000,38499350.392383,,in,,system_wallet
pump_person,,CjVCBMv8akq46NkMxScQZhHM6Jft2wLe9a3u9ThYFzdG,10000,38440661.6,,in,,system_wallet
pump_person,,4sZdivk4EeCbvjMqRPH2cuyFLKR3yXzMubq4SMqq6F3m,10000,38133809.0455,,in,,system_wallet
pump_person,,3hyKAcCW6GXyhwDeRAUtSUpzGnupdMQMRNKZexcYpeuo,10000,37921471.146802,,in,,system_wallet
pump_person,,9Eh3X5Y7d66EZU1CNKnuggdLLx73PeLpajTEyFkoRJCb,10000,37525042.871926,,in,,system_wallet
pump_person,,Kpn43bBgxYBPKyp4RZqvPzNpM9YvtMSNNxrVvYFm9dN,10000,37491960,,in,,system_wallet
pump_person,,BcfgBSK7Ty7TutiEzKayZY6UDvYK1Twou4FXSoR5qVNV,10000,37327477.902132,,in,,system_wallet
pump_person,,AgnaNYcNXDL5Kzjptxb4tLF4NRs1GunRh2SdVCdLST3T,10000,37023395.92851,,in,,system_wallet
pump_person,,CMQgBRmmWBRitNDCCpj8ZTTwYMnhyRk5gTBfAHqW5Q9,10000,37000000.139075,,in,,system_wallet
pump_person,,JCUTmTWoSCHwNxwUHVdB5tsMLnT8mqW51mPYoXJmyoNw,10000,37000000,,in,,system_wallet
pump_person,,C12KxuBLqPg4BvjCSdUvKBrCoJCHMokgvw6fpGqtRZ4E,10000,36631213.335654,,in,,system_wallet
pump_person,,4DcK1tjjPDyEx1qMCezdezroDDPjTq8mEpZ9MuQ3wgeA,10000,36185180.61924,,in,,system_wallet
pump_person,,DmzecLGMookYHqVnpdNcCydnV4RdtuzAfRUkdWCXuAHx,10000,36000000,,in,,system_wallet
pump_person,,5uZceP8TnTR121DP6BbtEiPJYqinJRhiVjZNzvUzobKx,10000,35745107.068912,,in,,system_wallet
pump_person,,FsrdUVpy1qNaSgyhjxEfCyWowgdBH6M2VZHsXxLnqAFE,10000,35093073.191791,,in,,system_wallet
pump_person,,3JDAcodat9iNPxHaRSaWQrHLCbUNBKKqBQPhMj4rPS2R,10000,34722222.229166,,in,,system_wallet
pump_person,,EBWjNxKuAuimXyzYBpdhdjcpobLJKhjgNGmueoCMmj2f,10000,34711044.722895,,in,,no_account_data
pump_person,,FeDrA7MYkV9Fcuw9cpoBPAinoJAkxr1GxkHJK7zQpeLE,10000,34630868.40855,,in,,system_wallet
pump_person,,CZYoFKtZvBTFA4MRp2vZ774QPtV4svHWgcLVGtmEBiS9,10000,34604975.907099,,in,,system_wallet
pump_person,,Ga91qJaKbwhBdT7zhrtxLiky2PkPLr5cr8vuSETkrqF5,10000,34599394.677358,,in,,system_wallet
pump_person,,FJLHGRXvyUg61xXx5JJuo8VGynbPo5pX7u4h94ryyhwj,10000,34413638,,in,,system_wallet
pump_person,,ANiisfxxKzjBaMQuXiaeUBnoZzSm2NPzAFabZvsn3PPm,10000,34228015.742477,,in,,system_wallet
pump_person,,2TkHugXgs9XYi81i2cSdyStJG19mt5UYF6icX3PsAuKY,10000,34141217.68185,,in,,no_account_data
pump_person,,LC7G4utXqAjtopTikD1PkgjoAtMajSQg8cwFSW3wsrM,10000,34019818.2856,,in,,system_wallet
pump_person,,99FYzcVLi3roohxbhj3yraCrpPpWYzcP1RKziJo2Ntfk,10000,34009303.4027,,in,,system_wallet
pump_person,,9NJmj9VaTU9D7ytdzy5RHMrfAgw2pYwqnUhuMqatcsr,10000,34000345,,in,,system_wallet
pump_person,,91iP9xSqEugVBZJS2nh9vdLeHPmFw2aESxUoYbdwBj6E,10000,33837343.099518,,in,,system_wallet
pump_person,,EDWB9BSzCJ5TNn3JJW2zkKxvGRmwkEDYxnHGgsFNe3cA,10000,33633931.874285,,in,,system_wallet
pump_person,,BwRPTDj2y63NX5AAX3Lwfi9jfwW4dYcYpyrCTDkxAKdM,10000,32997980.403818,,in,,system_wallet
pump_person,,2rMqejpA8pyxt2tt1PHLVaco6fhRU5dJXzzhRZg8LAjQ,10000,32884540.626363,,in,,system_wallet
pump_person,,7t6AmdnNSZAWQDENj4NF9QMKWvdbtQ4E3eGxWUkR312T,10000,32862565.94402,,in,,system_wallet
pump_person,,2jfwSo9CZhp47HGe4UV3TWFEtAaaSsP7fwjYZ7d9sunD,10000,32823787.964043,,in,,system_wallet
pump_person,,2tdW9nxevyxUxBisx5G1zRLr8Ei5kExXRVWTbWLp2hDu,10000,32607048.782362,,in,,system_wallet
pump_person,,Aciyby9aukpeYUD2ETyXFUgLZGby4EzxjizLKxUpr2f3,10000,32545739.699871,,in,,no_account_data
pump_person,,GkrfPCJWd2CTKJ4H5NpxE4aFQEL7dnnSsLRQYioKr9gy,10000,32446384.509013,,in,,system_wallet
pump_person,,AAJbf7kU1GwTwUZ5AB7fLNYPDLqhUgmxTLFkrawDrGkV,10000,32204437.210417,,in,,system_wallet
pump_person,,HtZHdSGqArjdxjD2PUUV7PTUyzhVxLjErKSXLNKbeoqs,10000,32204032.693974,,in,,system_wallet
pump_person,,Yr9ZvpXLoM2aH9AU85djX1Aiy7r4gPHZeWSq7LYhQVN,10000,31869469.63658,,in,,no_account_data
pump_person,,3hy8teS8fSXfp9LSKHsg5wN7QqmgJt8HWNkdTUXTYBxp,10000,31797511.195522,,in,,system_wallet
pump_person,,MguxbftMXASs3TKpNLtSNbrZ6V7FgXKV1hWyM3nKkZC,10000,31209475.821,,in,,no_account_data
pump_person,,FPXq2NmXuSA1G2dGd8znUjT5G14zvmjoGFFfo7GKUm7k,10000,31098272.61197,,in,,system_wallet
pump_person,,86gjkiR7H8kkuJUYTMnENCk7Y6J2R9vwYEHrTjW8pThk,10000,31001569.803723,,in,,system_wallet
pump_person,,AiMck2U9TNGsEWFcLSfBcF9au64vY7geDoArSwLNrsB3,10000,30967273.654842,,in,,system_wallet
pump_person,,B8ZkapLZEHgTwrKVpe7eroFWpn7owWPybT6g6bqQZBfm,10000,30503474.32488,,in,,system_wallet
pump_person,,FFZLZHf7yGWywkADdKasqmu3tWjEn85kiRrhStWA3T5T,10000,30358644.696315,,in,,system_wallet
pump_person,,4agfgauMnEHeGGZgFdwzzW7VDNdHN8xaEnTCubYauhqD,10000,30327099,,in,,system_wallet
pump_person,,8Czzjeh2igeE7gSsbuuXVZUmZZ42yZTCNUZoZcCGRKdr,10000,30138573.643715,,in,,system_wallet
pump_person,,AyYnKNajTb8SNVnuCSWnEGZ32Rca3WkioYdV9s7s6Ehh,10000,30099683.269,,in,,system_wallet
pump_person,,58HppM6LcSu2Xx1hDMWD3ovEuNNkuBLj16anKjFCYF78,10000,30038462.87524,,in,,system_wallet
pump_person,,Cn8BEZWpLnJoGy2TewFBcXCKtuknSrx7oFUckHjwaaQR,10000,29995069.986032,,in,,system_wallet
pump_person,,FHbqEJtPpm9GLx7euS3LpQHiZqxqo4pPnnLBa7giY7Ay,10000,29504049.565467,,in,,system_wallet
pump_person,,CveTaeD5xttvwuMDyfnfimMKiAR84fCWBTRL2LT1rMtX,10000,29266516.721879,,in,,system_wallet
pump_person,,6TkTCyQTqvTqAHLzghbFByNZFp8dxXnQ2trjE1QoHmUi,10000,29000000.72028,,in,,system_wallet
pump_person,,FvHqdX97tKNQP4Fk4UQnhDJutRjaL8R6h1SctJbq9Ti9,10000,28892687.540542,,in,,system_wallet
pump_person,,CvbqhARJgZfcMvNtJVn9p9aT5HUxqGnB9Zs96FvxkHyT,10000,28882065.023087,,in,,system_wallet
pump_person,,CAEy69biEd4zBLmqZvVJ2y5YaSCP5Cnrokq3YfKkQEsG,10000,28285182.850947,,in,,system_wallet
pump_person,,3GccE14dKtUZEVFEijuACCXuU7B2xQDKDVXB1qJvTEMM,10000,28252302.534825,,in,,system_wallet
pump_person,,2XDHAqYFhsvrJQmBbTbPdczCqYMVUYFiaZmxEVjjgHXr,10000,28132265.123708,,in,,system_wallet
pump_person,,6HJetMbdHBuk3mLUainxAPpBpWzDgYbHGTS2TqDAUSX2,10000,27902756.952071,,in,,system_wallet
pump_person,,6TJUCLmT2ZZSoxMNT3mJgKiu8S4rGRyAWKsUkXrB5JbD,10000,27837819.914855,,in,,system_wallet
pump_person,,D6qKTWLehenjTJuM5Z5WpKmA9FsbGhTyawodRZqVsEgk,10000,27777777.770833,,in,,system_wallet
pump_person,,37VMnQidSHb7BuWjMwAaKp8VDsK6vRyaVTXWDsLMvARU,10000,27773939.2,,in,,system_wallet
pump_person,,3Mjorg5jbb4uoD7byZFFkbQi4RDCSjQCu2FGsD7qJeL8,10000,27632869.864163,,in,,system_wallet
pump_person,,BoK5jgG5PxB7Wo4gg2ND355zhZS4WvSDU239q5ieytBr,10000,27500922.909786,,in,,system_wallet
pump_person,,EFHZcE7WBwMziP47d53d3F3HW2cRQvVhRyQhuDBhyk3q,10000,27228404.75008,,in,,system_wallet
pump_person,,HGfH6A4qaL67HeQACUgs8VkYGwB8ztWbrUnp7HuregNp,10000,27083343.333333,,in,,no_account_data
pump_person,,Azk7B3EE5mFhPNBm6dMQ1LCqpnVDT2vL6sgyuCYEug3t,10000,27009393.479143,,in,,system_wallet
pump_person,,HoYyfmecxBzV3zSQJcvHp1p5DqeJobgbf7wQ75CSYsF3,10000,26933137.856372,,in,,system_wallet
pump_person,,9HWwwWXBCXdWcDqv7YH5P46ADfzvHQ1HXDNj5B6KUrWw,10000,26596644.548342,,in,,system_wallet
pump_person,,HE8seTttCKpUrACdJW8SkamezDZwU6tyA4tUeidjypuR,10000,26591515.376523,,in,,system_wallet
pump_person,,9zLa2J7u7QqcSSsddSSMQHzesaVze9yDhzsYncHXkYHs,10000,26414076.889209,,in,,system_wallet
pump_person,,5ZNQB39bURxqff4RkG78xzoip2vQ3viuwGaPt2mdfLYC,10000,26381159.731313,,in,,system_wallet
pump_person,,6yYAw7cNKRHj21gDPvRj7QR4vDqFY4HcuXZ9sdDzWzoy,10000,26310474.694304,,in,,system_wallet
pump_person,,EMpuKg7N2iERjj3FdqkKdrLKHPgq7hVDzB5hxkcUxRyB,10000,26254343.56749,,in,,system_wallet
pump_person,,63Uzqcibp5MVrUCfwBWsyXNtegmdxJ56PCDV7ehavRCL,10000,26125814.545125,,in,,system_wallet
pump_person,,EQ4wzngRR22QV4GHwZVzKXaqWUYJewqfT7zbegDE2Vv9,10000,26044358.187409,,in,,system_wallet
pump_person,,3LGCXo6CqMAs7ZgGJ2MgMnPYLHs2ZzHA7LvZLFdxYRD5,10000,26033997.254439,,in,,system_wallet
pump_person,,98pFXbsVLeM1CNLyXmayKkxGim114QZ3caoPDQDYet5z,10000,25686131.5,,in,,system_wallet
pump_person,,Do83Lw4ReK1WKAjmDq1BJSZzNb9wTHAmyp66qJ6HRoKH,10000,25685802.011092,,in,,system_wallet
pump_person,,4a6Nhu9yboKSsbz9hLXHF8drgF4PeU8V9EfbxAJFcc5a,10000,25634023.317416,,in,,system_wallet
pump_person,,8gQjn3qPAcKXpDpcGSLKXetTSG4zFgeWcAVnNAy9ru2f,10000,25547063.81,,in,,system_wallet
pump_person,,4BdYr7KnXsRh2ms5LKfX5Enr9Xpaddsp9onGLWK3NUA5,10000,25528045.424365,,in,,system_wallet
pump_person,,35cv7TXTSz9K7mGvEEWPcEAnhPRMbCVcuEcQtZKgEoa3,10000,25454162.246504,,in,,system_wallet
pump_person,,HA9oNhHddEoPFSAEEYtGYZoXDkjky53TQ72jtpAnu81i,10000,25447944.704093,,in,,system_wallet
pump_person,,EbTGCyn3U21UAzFqZ8krWGpuKdiE1JEgeNqij33rYEiV,10000,25390994,,in,,system_wallet
pump_person,,JAxDecgebq1tcPxUfu4aYizKuvQBUZY8n7uqsVZHnzFG,10000,25287819.8797,,in,,system_wallet
pump_person,,73kGY56xFQWJykZRWVXQDskfLPf9i7qePV7YVuna4rxP,10000,25170461.863407,,in,,system_wallet
pump_person,,6g7NphUCPN8965YrbZDTQyaMoEnKe817Q8DmKE7516rX,10000,25029368.347511,,in,,system_wallet
pump_person,,2JJW4Gz8m3G7E6zcpTdamgSHzwL6hAMmrqHEcXEzu5hy,10000,25000016,,in,,system_wallet
pump_person,,6kHU4qcKr5Zi5V6fn4bsTX2jGpo6sYnCnyMdn2nNH7H6,10000,25000000,,in,,system_wallet
pump_person,,HVF1EGxJ6LtPiqD2Gf5TsXTdnTCDmbjAZ7dwnEFUy3Vz,10000,24852729.035737,,in,,system_wallet
pump_person,,AT5pg6Urb6Zuo3CfNWSYPD2RyW2n8Eu8a45MTRtQySTn,10000,24800000,,in,,system_wallet
pump_person,,7esY2F72WJxCZLx6FzzmMdvQ82TrtoEK41t7JwK1RWgx,10000,24584074.507972,,in,,system_wallet
pump_person,,FyhpLemdH2UYYiH744PdYTjkMqj991r9NjWcY2qtZL5s,10000,24477195.373483,,in,,system_wallet
pump_person,,CreQJ2t94QK5dsxUZGXfPJ8Nx7wA9LHr5chxjSMkbNft,10000,24452165.004555,,in,,system_wallet
pump_person,,G6ZXShcP86Mcuj3wVxsC5oGTXmEnCYqjkcgGTa7aeQWA,10000,24346200.534051,,in,,system_wallet
pump_person,,5vVeJfA2G3cViHZnWyeArdQHSQZetbod5BLML95JSrwc,10000,24207045.15182,,in,,system_wallet
pump_person,,8jS2B8Lu3bVkTuzCGnxyMdMzZLNCRqFXQKQFsr8EjSmG,10000,24110424.057857,,in,,system_wallet
pump_person,,B2nAeNqGxax6e4TmQfLe2CHQ9ybrS8BCtkLnXMXP6iyJ,10000,23835025.239557,,in,,system_wallet
pump_person,,EcoPCGhzVtg7qJTGa8fdW7K7YC1u43nmc4SW41sPrbUF,10000,23615761.571873,,in,,system_wallet
pump_person,,8QCVZ7KL65pBhUxbvfwbyyg4ronxNAEXbDrGLYLrRNn5,10000,23609882.951128,,in,,system_wallet
pump_person,,5SnsAt5skTrjP1kkefwtdyf3ukZLMLzVBRYrz93UdvPY,10000,23183912.592874,,in,,system_wallet
pump_person,,FCwD9wJhMNT1MKxAJQpuaCfRgDq57UFG3pSq2kPaxjcS,10000,23000000,,in,,system_wallet
pump_person,,8BdoGGKpvkisYjSAV5SVk5nmuhjmLL9uCHqZ7kqnrsm7,10000,22964224.06672,,in,,system_wallet
pump_person,,DtChAkd6wxZRpD8go62wc5sp2ajPr1aeD9dyswmaG3nX,10000,22800324.680082,,in,,system_wallet
pump_person,,7yNsV3MhcvmqTfDsZ914JDPdepJCJYNm3JdEY92xEzQm,10000,22694637.92,,in,,system_wallet
pump_person,,E8RyxNeT7BwPSHZ9CdtLqufF9ZSwn7ZhuGtcEhLqnb3B,10000,22684694.561187,,in,,system_wallet
pump_person,,weopuWYPV2mNMRG7ePSAe1KSk1sJ3HrNnuts6Aw2d8a,10000,22673539.027738,,in,,system_wallet
pump_person,,BetduRyJ8nibkgYe1KqgcqS8tt5ZZTfG7P8HtWWG2HQ7,10000,22453578.962125,,in,,system_wallet
pump_person,,2XcLSssXhKJnxQjBgeqoNNCp6c1DwHhPjw8vn8BFSmAy,10000,22421199.936985,,in,,system_wallet
pump_person,,AKh9gcrUehCxY7vUtSbj2QxXReNTnqckNLAUozioU6T6,10000,22405921.820453,,in,,system_wallet
pump_person,,4ErePp9KqNhYXe4Sck8YkNLXUr67v2u3JZjM5Qkzk1Wr,10000,22255102.477997,,in,,system_wallet
pump_person,,9f1McBacd6pJUCM2TQ982qQ9noY3rWEU5mhcGiDydbyo,10000,22121000,,in,,system_wallet
pump_person,,CJrw9DNoBhzM9V2ZWFQykpBftp2q2Zyed71EmQuSCG7S,10000,22025281.64488,,in,,system_wallet
pump_person,,2ha5N85LtNe8RTpRVm2GBTL79QvXDXcw63Rk8jpGpxjv,10000,22004898.765955,,in,,system_wallet
pump_person,,2nkuChd8FrvPdn7gk3ZGQ7uS1pQaqoWLD8y1aYLLwxks,10000,22001745.901928,,in,,system_wallet
pump_person,,G9npe7FKCQZJLDoAwoxkYw89i14zaC2G7pRS1h9FsEVi,10000,21913268.453376,,in,,system_wallet
pump_person,,Dg6MaiSjEwDS4Ph1Bm6bhXn8Nq56XbWNuJiA82hana2Q,10000,21762235.735571,,in,,system_wallet
pump_person,,3kPUpRD5hq1fNZEpUQvooztvmJvwZas4TgsdXWCd7hh9,10000,21708621.319789,,in,,system_wallet
pump_person,,4CNziCvs5RBMsKSN4fxhFsPkJ3xemuhXHsNKLY9WGRNw,10000,21653280.000611,,in,,system_wallet
pump_person,,2iQEAEh8AZkwBvqhxRJcUrFHSjzABKgD7dfc2mf74c4s,10000,21634840.841111,,in,,system_wallet
pump_person,,5shutE9cR98fpdmbLBgco3uNmvR3mLTN7GAytNjMx7Bv,10000,21523245.510614,,in,,system_wallet
pump_person,,2fv8v15z4a95nsJVVLxGbpFvFLJ9YgATUE8T7Qmj7FR5,10000,21463999.91,,in,,system_wallet
pump_person,,82mW1kjEgDwHCL3Rp245CYcJcbpSHtv7z7MLb6dEvqDc,10000,21418023.881238,,in,,system_wallet
pump_person,,8ZbEKn4ZgF4bUZTEUH6uZX2ZKBkB5Wcg8FvbwTBLdcVn,10000,21390000,,in,,system_wallet
pump_person,,EpJVUYW2wRPdAyr16CzCqBhJ6Akog3HNPsFVwfb6VEZ,10000,21266743.528996,,in,,no_account_data
pump_person,,CvyMM3drioM9fiZgupLQB8rBChtmZfdwUbpvvrf9TUyJ,10000,21175583.333027,,in,,system_wallet
pump_person,,3pnC88pLPzhq9r1vBYy2rp4YommECpBV5p4wEthu6AjE,10000,21131820.999127,,in,,system_wallet
pump_person,,CQDQij9fmRLLwrCGntU4YqeeJTCskCNyzjo4TmTG9Sq,10000,21094676.42764,,in,,system_wallet
pump_person,,EBXYaFhP2G5ntjajECAqkFc7VYfeLMEngWtd9gsQScJY,10000,21083343.333333,,in,,system_wallet
pump_person,,83kSeYStF5g47ySBfU48LTRKBhTTBUWK46XnETtoZxu1,10000,21035885.318401,,in,,system_wallet
pump_person,,DU7fWaPM79G8xQaXYZ7jAcvRxK28Kz5gPYAfRExi3csv,10000,20833333.333333,,in,,system_wallet
pump_person,,8s9j5qUtuE9PGA5s7QeAXEh5oc2UGr71pmJXgyiZMHkt,10000,20650804.356771,,in,,system_wallet
pump_person,,Dqdku2GpHbJ7XHXJkYA61GiBSuKuDWw5BjmaMnrHHBBh,10000,20526975.371583,,in,,system_wallet
pump_person,,G4rv1DPq7QykHSgfDKJ899vGk9yPBpavaHVGKvwikWV8,10000,20518076.652734,,in,,system_wallet
pump_person,,DMs3Dd8XXXFYfWWyYKNAC7oXwYEaCwtADVCDYeyGX15q,10000,20442542.545759,,in,,system_wallet
pump_person,,H69RXeSAmSMhLhgW2WLURpfkmnvin4Q4SgVBwiUebgCf,10000,20370574.82111,,in,,system_wallet
pump_person,,V6ai2SeeJyL2wV6tEUFTVdH3fbXHvqFatE7wug9gD5s,10000,20338995.63036,,in,,system_wallet
pump_person,,kYow3mGDz29iMR7Ki8yRwr2YkJBVCDe7dM66ugQqMoX,10000,20305428.845046,,in,,system_wallet
pump_person,,8La9HRK5Cm6hXhPfcwPnHh75L5AvqKhdCuiy7iZ9TJSV,10000,20250383.309865,,in,,system_wallet
pump_person,,csdLNhN1TaQF4DyUKaa3kPrFBy679J6sBaBo9RCJnMP,10000,20183932.182906,,in,,system_wallet
pump_person,,58PWvekDbHVPFB9FXGQrpumHD16NRajahkYLHiTvxvDL,10000,20055032.173513,,in,,system_wallet
pump_person,,9aehx7t2KxZeHJ6USFCYbXpRfdoWwZoBqPXmQPS9aXtH,10000,20053205.187666,,in,,system_wallet
pump_person,,6EYMctm5TaVqFCA5g4FYSgnHLhpW2eMBxRraaRpLknbo,10000,20015565.176203,,in,,system_wallet
pump_person,,FjL6tYBGtWF5zSK5pYpHu8cJzVoo6igX2j8QwPXF2F1V,10000,20008365.92251,,in,,system_wallet
pump_person,,A1thA8xSuCdnzedwKhQ4tCrYbQfuEcR7q6PTmXnHe65L,10000,20000000.809312,,in,,system_wallet
pump_person,,6nkDko69GFV2qgzUmdydrodDk2Ga7phAqNrcJjao2SWK,10000,20000000,,in,,system_wallet
pump_person,,FLUHXy5pEgS7ZhxvYLpVuBJZ4Dh4T3hMiDwCybDH4wsm,10000,20000000,,in,,system_wallet
pump_person,,BkFiEfy2Xwwx2DfgvWy8yqyn4HAu39SpyP5JmEBfPWiE,10000,20000000,,in,,system_wallet
pump_person,,28RWPC6XPxSxUVjd27KiNRtcHVxKtd6cjms7eBcxiqdV,10000,19931700.402107,,in,,system_wallet
pump_person,,5F4g2Q4LRE87jLQBNwVpSN9o1u6XG8FF5dar4HK2iBZt,10000,19858121.60345,,in,,system_wallet
pump_person,,7kS2yjcAeamgg6671DtCoCEapTaYBKeK395HgXjpnt3A,10000,19837742.815602,,in,,system_wallet
pump_person,,9Ua8pBGZoHuDnxJscsiLYTkDmzwZbKo7f4NcrC6k2cMa,10000,19254910.876179,,in,,system_wallet
pump_person,,A9PzVmoBvTMLSh8VcaPQfYc3qwH63pmLuMxRmWraqGYk,10000,19110902.278808,,in,,system_wallet
pump_person,,4ffg6YoTnsCwTHnfEGdpvpfAa7JekAfzEh82CjhRxSjY,10000,19095689.121326,,in,,system_wallet
pump_person,,6yqoBnWh52Xpi2Kba9qqLzTTUrAw9F7pbXkwgtnTFqbN,10000,18992317.376732,,in,,system_wallet
pump_person,,J6xfH2Kci5n2NmbroiFvSP4WfBq3fgyD6m8oF7sNVHDw,10000,18815316.62,,in,,system_wallet
pump_person,,BU5XnBNqcFvaiic3mi2EJD1JvLZKfuZDM2UEMsy8uQhc,10000,18750010,,in,,system_wallet
pump_person,,GdKZwjx8TF3xyLi9Jbm4FRwmc5RzRbWuX42nYm3LqzCk,10000,18750000,,in,,no_account_data
pump_person,,GJvewfRjqTUPtx6WsBSUnaFbdgXwgXnWfpDyLm65T4YA,10000,18258888.350655,,in,,system_wallet
pump_person,,6wMU2MJUUKgrQjtNtApwCixi9qyyvxu9BVLFTVWVW9oE,10000,18246946.570325,,in,,system_wallet
pump_person,,J7TH21EUSN1xcaMBGf3cDj3wUZeevVa2WubpPNMNt75m,10000,18227730.7849,,in,,system_wallet
pump_person,,8dAwcLDNSBGVc15EKzEFWocjXSKpGRaEb8NULgS883Fu,10000,18157711.391332,,in,,system_wallet
pump_person,,HNKjZAzgxEAvkFMBmgNMwhgBMtPsaLPmkY1n15cL7uAx,10000,18151871.179868,,in,,system_wallet
pump_person,,61PX4YEoJXSqQQTJpJFeDaYiN3gBo2zc3F8cgsSq8f3Q,10000,18018336.265459,,in,,system_wallet
pump_person,,DjXFBvBZsAZ8REu7Qu7ffGDBUvBAUupsbfGfxGuqtcG,10000,17911468.002549,,in,,no_account_data
pump_person,,FZuTaU5fnWR7Qm2yMFmit3pTLLnLHQSkYufYvzRCvkHE,10000,17854176.666666,,in,,no_account_data
pump_person,,7kmo8U6GjWtJoM93zrPLz6XAChTMZJ6VYFDQt8vCcJFU,10000,17822135.968068,,in,,system_wallet
pump_person,,HMNXR6GPUQ5dDjE9bhkWc6uo4DNf3G2MATb6gVui9Hav,10000,17766190.15,,in,,system_wallet
pump_person,,Bdjw6Gn69h6HzahgKw9ShfnEbzB7MUFk3h4RfU5NapFr,10000,17697725.63651,,in,,system_wallet
pump_person,,3XXwxrHywkjDs87vvtqeCcdnuAf7KMPYjE7M7obxhndD,10000,17604176.666666,,in,,system_wallet
pump_person,,3WGPzS4JfrSc1RL9oxQByTBq43yXoSCWeSgg5xtSzSLi,10000,17604176.666666,,in,,no_account_data
pump_person,,5PHYYLykv9kbpNgN6uLWb24nyrhW3g52GWSHvNCXU5Gk,10000,17604176.666666,,in,,system_wallet
pump_person,,E6A625kVBeQpmh2Vi6U69c7BDebFngHhBEKWtt6Y9xMt,10000,17603172.106666,,in,,system_wallet
pump_person,,6XNKDBqH6jSQiCGpjMFwFbsnr4W3NbfUKYfszZNgQ3gP,10000,17574853.932729,,in,,system_wallet
pump_person,,42jqTT8noz2i7GCCrkhekC3yeWCVTehZdLakrK26pEx5,10000,17521073.868462,,in,,system_wallet
pump_person,,5SFWP6nHtvvHzqGfGjrTeG96txigt9UdSbN7BJkEvFJt,10000,17516228.030767,,in,,system_wallet
pump_person,,D9puZrnNpUW4bXY4pw7L33vSXhrdubvGrNTrjSTNhTs2,10000,17515794.418662,,in,,system_wallet
pump_person,,AztCZGVnXE88UqrJ6WdJQJj8WjTzHP37PaHGnsArM3Gn,10000,17502650.020651,,in,,system_wallet
pump_person,,646DEwcL1rHQ5YVkvDH2kTSYUnTFjJxGWXE1xj3AmRbk,10000,17426847.196463,,in,,system_wallet
pump_person,,8ehGYfcsjD24MGSP9rnZsdYHDga3eS4Xw4phBdB5rdFw,10000,17346181.844615,,in,,system_wallet
pump_person,,ErNijgd7ryJwK3RbxwV2na2ZTTUYsf8fR6ptKMuQpqbs,10000,17313246.636828,,in,,system_wallet
pump_person,,BWM8oqnocB3ue8i6HHu3Z64MG8uH5zvngS3S56u1UgNT,10000,17147665.885098,,in,,system_wallet
pump_person,,CJ9ipxEqn7zeN4nvJtQzvMpmxAP57JcRgVXokF23ZKER,10000,17111493,,in,,system_wallet
pump_person,,8vGr5zwJntcVpcwQy8DiSzWRCqhC2bQhjYiTXbNPs4Pk,10000,16999902.843852,,in,,system_wallet
pump_person,,HptqceDZkTdBuErSag8pjmGb9ScozyT9nZiRWPniSDCi,10000,16997746.880021,,in,,system_wallet
pump_person,,Lms6gBafi7ycpd8XCd5KcFmwxfAKaCpLBEnrwBdfDDs,10000,16992940.036018,,in,,system_wallet
pump_person,,5ucU2477rbHwCaLJedUJbXwsisbvcwmPLeVoQcHXSzVa,10000,16986612.303,,in,,system_wallet
pump_person,,27urFezsp5cjV9dcqTjo41KdwwbH6Zhc87yS62jA1U5z,10000,16986060.650706,,in,,system_wallet
pump_person,,3j2k71e17sERcJhckdj951MW6yaf3qsT3Rd4Wgt9zP1k,10000,16960855.250432,,in,,system_wallet
pump_person,,G6KiZ1AD2pz14Pkuk7HqinJ1CWu3n1fS6KW1L7362Q1g,10000,16941931.681891,,in,,system_wallet
pump_person,,2zDcom1R3iusNW1XXdaMiryA94Ynmo6YabQkSutQaqgn,10000,16904781.785833,,in,,system_wallet
pump_person,,6smUpuHwDq4vZK2xeyt5uKFgTWkUPA4YjPvcMT4QpnLT,10000,16793699.517474,,in,,system_wallet
pump_person,,8TWNcXvh9BXKdgNdRKGAfKzGUYsoVDMKUuAdbMYxCJEA,10000,16768818.464206,,in,,system_wallet
pump_person,,HebrHEUung35Sq4PXZs7U4wV2RRZMuAX4SeWm4L3qdQx,10000,16685173.826322,,in,,system_wallet
pump_person,,CtG4YoruMAXszFSqmjCXBNihSVsTLgyL1ZHRxDxbjnnM,10000,16666677,,in,,no_account_data
pump_person,,B2zXWEunSkBFjfgWm5hcZwRpsGW8ZG5BMk3wazGGuB8C,10000,16665481.999503,,in,,system_wallet
pump_person,,4CrJyJ9VNtVcMcUbkV4Td2a1XC5yv3iMJJEMD2rdPbBd,10000,16652078.702,,in,,system_wallet
pump_person,,5aoNM44wdk35JmWmjR8EaTusJcjqAH6e4bBQCCwN6pHR,10000,16635547.353017,,in,,system_wallet
pump_person,,7jeTLBwrHPgudLzqmpXDhcCbBkTauV8YFUHgJJwVxm3c,10000,16615416.24,,in,,system_wallet
pump_person,,CiGmyyDkizCuVXjrNexrqp4WNJahKij2Zh7Kr7Tw2EuC,10000,16592045.461751,,in,,system_wallet
pump_person,,CewoyCsGNrJUBYMUBjycbnF11zKE4bhBMLt6eFcWcb23,10000,16567043.629981,,in,,system_wallet
pump_person,,jZwsPFqCdnfPZxijp7VctiNc92fpb8mRb5bSQN9Ra7x,10000,16565586.436506,,in,,system_wallet
pump_person,,BeBSUiNc2Cy1gng2NSTTAtg3db6isedpbjuRBBLarY6y,10000,16521440.088768,,in,,no_account_data
pump_person,,w6wivSxbdCFoWJuD3DtqZu3sfCURhbrQ5qfoXDS6TEH,10000,16397801.931662,,in,,system_wallet
pump_person,,5rhms6jZQaXnQc6wbicnrxDTkKqKi4iwfWW3612r5rHb,10000,16389322.209947,,in,,system_wallet
pump_person,,9krzjGWBkALe6AtppFcFE5f9omtjUnn69eXSkd78dsu6,10000,16289329.046182,,in,,system_wallet
pump_person,,azZWb4v6LF6ea7KMV8cQvYAGaS2n5AKF2B67s2g1Usy,10000,16207259.639771,,in,,system_wallet
pump_person,,3BMdFT3dDJt2RqRq7PQHJ4cbpoBRKG8Tz5hnZL9W5rWE,10000,16189032.762934,,in,,system_wallet
pump_person,,8e3TGTpHQZRMWZqdhxAqRxURMbCrr47HsFZoQAK3DCGk,10000,16139482.841872,,in,,system_wallet
pump_person,,ErpLZZaxNEbPBGDrUn99Bg1p8Xd4WJ6zdbSyP27tZtsm,10000,16064117.383188,,in,,system_wallet
pump_person,,3Dgk8ZaQ3TsD7KyGd7UQWqjnMAESqd1AicNxayEvTMzB,10000,16034650.005766,,in,,system_wallet
pump_person,,7n57P1eU52BpRVwBUfekYvPyLyS6eJfadrPdGWZG7QyW,10000,16000002.845501,,in,,system_wallet
pump_person,,B2nNt7fmf6vSvutCE7k3jf7ePUczM3Qaxo8u5M3n6sWF,10000,15981195.709064,,in,,system_wallet
pump_person,,BNsEELT4uhM9abFGtMZNGsjQ4MK1zbQuQG2doey2ba8N,10000,15943152.353402,,in,,system_wallet
pump_person,,DEdEW3SMPU2dCfXEcgj2YppmX9H3bnMDJaU4ctn2BQDQ,10000,15927893.653247,,in,,system_wallet
pump_person,,Gk73RezntpEs1tjhL4hLzo7LpM7qo8oSxAhjxLVVcgyD,10000,15901348.1,,in,,system_wallet
pump_person,,5a3Szint9TupD8YNgmoaVcWgu3YwWhuZdF22PgtCp9ha,10000,15895715.722647,,in,,system_wallet
pump_person,,3NHhDPrV8LVWpmQeEAxyMhgYr3u36TdmXipXYoVdzNTY,10000,15877756.840202,,in,,system_wallet
pump_person,,DaxikodM1FAioHZ6QhXnvG5dArP3LGHaEhc94dC9kP8D,10000,15844679.255748,,in,,system_wallet
pump_person,,EMLXZLAHuK6PmWE9HxX2czwscQjkWKY5HUsjeFL3eHbY,10000,15833648.462995,,in,,system_wallet
pump_person,,9mhknuPaxKJf1YeFDS6TL4b9EDTPUWVAFPPhkPXUt4ak,10000,15821221.054234,,in,,system_wallet
pump_person,,4vrHe5iQCG9Kde2Y5wx53bK18fmxJFXAe9ZfoqWq8MMF,10000,15812396.956408,,in,,system_wallet
pump_person,,8jvhK9aVoTXTKeMsyZfkZzdbTiVWMDapGajbDuPZVwbF,10000,15739038.647918,,in,,system_wallet
pump_person,,BEeLcfYHYUEHZxTq4NmJJ3fFiHjNcbxX9aNANuvuY896,10000,15685555.856692,,in,,system_wallet
pump_person,,D2eLkR2GJNq3zXP8pv6Y38ZyqT4ATsALxSQTbWXFEpHi,10000,15625258.789355,,in,,system_wallet
pump_person,,C9LUi66qSc946MASLWNbbM29rPEZpuqh1SKzQgY4pyy3,10000,15625187.5085,,in,,no_account_data
pump_person,,DScZ4Ac5HuYRdgSqib7c3NbTESBXS4DYbSUuLiWkMkxi,10000,15610419.590325,,in,,system_wallet
pump_person,,6fE6oFXAV3hXrjjKqvwpWbt22JhTrfCrGDX5fUoejSw6,10000,15598771.035884,,in,,system_wallet
pump_person,,CB6qNv5C7G22wyDn5PSkGPGW1RNsRSMtnXmnqN9SMkTp,10000,15539380.302379,,in,,system_wallet
pump_person,,3AqW1LL4CSHcbJZnFiqUiw4Gw4n58pLuEP5mnTkkcury,10000,15517897.47146,,in,,system_wallet
pump_person,,9MzGVamWTAr1yUxSMTGEbiusM7XLWeEFE7Yp372QJk2r,10000,15487296.49371,,in,,system_wallet
pump_person,,7Meix7KzDnGp8qEuRXuNKrTWqyg4WadKA6swQ7YPrCaQ,10000,15484535.330822,,in,,system_wallet
pump_person,,4ZHXtYGRPd4tkPw4C24ix4ySb4HKBQonfAkkknCinyqH,10000,15456862.43529,,in,,system_wallet
pump_person,,5vqisDnYdLvHxsY68uGmYuQk8dtfERvUfHrm365ZN3vG,10000,15416138.930541,,in,,system_wallet
pump_person,,FfE4vvyPqDyJbdy7ze9L4GpjUgKogrJSfGcRQ5v6CDv,10000,15382291.378212,,in,,system_wallet
pump_person,,Ea3uspBAXK32mEMuVizqVXRqL7k2731bRjsk3VSJXKkw,10000,15243638.807454,,in,,system_wallet
pump_person,,5GZ5o5BwWMqXX5vmAP74Hx2JtB3Xicbvcnjd71JsGXSw,10000,15225761.813018,,in,,system_wallet
pump_person,,EYUEJyH1UfHXaF8r8zv9ow7tt8dvYg1mdaUGtjJwSbHH,10000,15187866.94995,,in,,system_wallet
pump_person,,5pcjuTTR5Fy44gJzmj236RLeTh5psh5SiZkASYt9TETC,10000,15174485.131076,,in,,system_wallet
pump_person,,719EnhYFDmHe2LxJ5J5ZtJPSvW9H46b9cufwH8FgiaTi,10000,15134339.655425,,in,,system_wallet
pump_person,,53rK7iMCgEz6F29hESP1wBEWESwMaiVVXHtdEQqX2Qox,10000,15092219.35752,,in,,system_wallet
pump_person,,BnnYZ1MM65p4ufmy8E6UxBaDYRdCtAocQL5Fj9tmi5Zn,10000,15087073.476721,,in,,system_wallet
pump_person,,HXuJ56vV4kKwea78gK7mrMQBmvKNAPK5ZbKHdj2K5GRs,10000,15080620.470898,,in,,system_wallet
pump_person,,CeXrbTJqK9FLrxJK1c85wXhnri4W8aLKZ6wdos7zhqza,10000,15043924.930736,,in,,system_wallet
pump_person,,DNJqG8mkrd79mNExaQfsx3qiZp2p1V1kQK9t1D9SSWEW,10000,15000000,,in,,system_wallet
pump_person,,EPYY4edDgLf4nc5Uo2NfeiW41ooz5Wc8Df21CHSfuuCW,10000,15000000,,in,,system_wallet
pump_person,,DiHtXvUQqxbUsTt8J4B7dyyMYnQaNeP6W5AP61ShYmwr,10000,15000000,,in,,system_wallet
pump_person,,5v5JJwhugdnucp8iEfSvh14mjQkBDvsfFuB3vc4zdJEZ,10000,15000000,,in,,system_wallet
pump_person,,AGkKQKPRcwR2WwDqk9CKf6hkxU7yAvYL8YgwLJQjAdQ2,10000,15000000,,in,,system_wallet
pump_person,,4em3HMpJCKLrKDTK3mpgKKoriRBSdwdSdkGKFym6Y6C5,10000,14929324.60565,,in,,system_wallet
pump_person,,DPqsobysNf5iA9w7zrQM8HLzCKZEDMkZsWbiidsAt1xo,10000,14906521.293066,,in,,system_wallet
pump_person,,b55ELgTsnMqqMo4WDatsx8H4CVqHHWWPBdHuRK6b26m,10000,14862758.518614,,in,,system_wallet
pump_person,,4EU94MnZt7BqVBWQfQdWLkdfxuixr3qtMzTNSgECSVTG,10000,14769349.141164,,in,,system_wallet
pump_person,,6myDMgUN3R8PGLcgsYcuUvizwQz5o5eBpAdK7tjZMuku,10000,14705584.138566,,in,,system_wallet
pump_person,,ztqQ4TNC6Yju9zJaK9ZsPNMjxiUqjiT6rP76eeatgTy,10000,14569611.480325,,in,,system_wallet
pump_person,,6RrkshRf7BkioftAUsKPHyv8GVp2zwHKowh9adnTNyNW,10000,14500000,,in,,system_wallet
pump_person,,JCyid98TXZpuzg9ii6phNZ9TPjEb2ifYUYnWCMKtNtzU,10000,14499370,,in,,system_wallet
pump_person,,k8hu9eqY6hDQdcdfkFuK9UDfvcfYWjDa2Z4rbb4TnDb,10000,14497377.683149,,in,,system_wallet
pump_person,,JEDPfCZnNAGAb3SwvnpzA6wy3qXC96EgMY6JsE6PU4TL,10000,14463660.468752,,in,,system_wallet
pump_person,,8gK8TtK2r2wp6JMokcvf6gwpDXFg6ipdfkunc9ebyUMK,10000,14454195.205125,,in,,system_wallet
pump_person,,GkCr2miyeWdibpUAv9VycjG4qFTcSbwmwaUfDrvDQX9o,10000,14350000,,in,,system_wallet
pump_person,,GyUKD1AjP9ZX9RpGr5uHLytrQXnY8Wpwyr6rDKAYXVZb,10000,14307791.206149,,in,,system_wallet
pump_person,,GZzouyghWbwPVJRB79g5XCVSo7HMNgt49Pi2u1yEwh3o,10000,14301111,,in,,system_wallet
pump_person,,65BhvQTprsdYo7wvfdthA8VxbujjU2jci5SHz8MaiC9p,10000,14260732.354343,,in,,system_wallet
pump_person,,4ZDx6vjeW2BShyb1mQmFjMHopHndVw4VBC24JBUEsSnN,10000,14242412.6669,,in,,system_wallet
pump_person,,FBMvJsx4bTJVLEza3Q1ESizRqshv6rQGyfZxyVvHTXK7,10000,14135883.355743,,in,,system_wallet
pump_person,,4zfr6GJqqWBg5fpfdH3WftSx7YCdwSzrg8Ve8y96jyDw,10000,14089482.2,,in,,no_account_data
pump_person,,D8vFHNrhwoNghs1zcEUe9JTSYx4u4HgiEKugYi4UqMnt,10000,14058394.700475,,in,,system_wallet
pump_person,,6FXXo5CZo6Pn3GobCLQ2ARM6K3UKjVgFDb7KkabhdzpD,10000,14029881.195382,,in,,system_wallet
pump_person,,232exHXQQ1NybaMNtzoRLp4DPkMQhYQv7kxt9W51r7Qp,10000,14022657.196594,,in,,system_wallet
pump_person,,HrQZGAxxGawPXUaLRE4s7GtTUTyMwVvoP8EFqi2syHuJ,10000,14014413.069036,,in,,system_wallet
pump_person,,79L93Ht5rEA1A7goBNvJowPWkJLRNBHpK6R8NDfxR71b,10000,14000000.006449,,in,,system_wallet
pump_person,,3vWGrBscFsdXB4itU1xYKsL6ysSScDkeCv86PBGiTpoZ,10000,14000000,,in,,system_wallet
pump_person,,E78eEUbaJCQeX2iwqA2Dxds795T97gMXgXW1JSHZLzy7,10000,13975110.78,,in,,system_wallet
pump_person,,CxHjTiEjqUrarkpDFkp1b8MqgwEDXhAQon2wi52ZJxU3,10000,13958466.324427,,in,,system_wallet
pump_person,,Bx36pmU6QbXinPs3qxESjPevqJ4KgKi3SruSwfXkF1Cg,10000,13952572.37,,in,,system_wallet
pump_person,,G58oCZzgWCTLZnX12PRSjqHbKgvooXrSVG6cu6Tx6uuJ,10000,13939035.34996,,in,,system_wallet
pump_person,,AtZqJ3GdL7QCYDELnUgCchJ1WY9R6mtoF1JRpT3CdSLM,10000,13859366.831036,,in,,system_wallet
pump_person,,4BZ3rng1ZbKVcYMgyaByv4srqB364DcnRkNGNwXvHtgk,10000,13771470.218818,,in,,system_wallet
pump_person,,HzupuiSjJpag5ghDFNt5zrUKWtftVDCX8nQqZYYTnU1g,10000,13709362.991185,,in,,system_wallet
pump_person,,J21o598EJ5tC4QnNe9UU1U6nVhxuwRTmVcC1AEaMoVCb,10000,13645461.457805,,in,,system_wallet
pump_person,,696969Y6orZEjp4gZtwcCZS7TNVuhMVE6G5mFvdJ4mYq,10000,13599955.133361,,in,,system_wallet
pump_person,,4EWqcx3aNZmMetCnxwLYwyNjan6XLGp3Ca2W316vrSjv,10000,13591164.403492,,in,,system_wallet
pump_person,,4aUKqsUmGUa7imRPEctnUzt1kt2eiFo9nUaCREAdxTVU,10000,13523989.46104,,in,,system_wallet
pump_person,,48g6fSb5N7NwSZwNUjZVfCjRwiXnEzEQUVpYaNWxz1Vy,10000,13480329.162917,,in,,system_wallet
pump_person,,CgB7kBwfzmximd36j317zM2EJqAK7RMBPgHzz5Th6zEh,10000,13475435.285447,,in,,system_wallet
pump_person,,3KzERBKr5FyC8DGhdjye87ix6k7u6Dpf7fwRMUeiVhTD,10000,13441164.887327,,in,,system_wallet
pump_person,,DBgdDW1kD8mJZ68qESDP528Q7xNnKfySLhRV6BQ7JDuS,10000,13439183.925741,,in,,system_wallet
pump_person,,85Pj8YfVxHzxVBdQZHsciNB9oyFMr43bVDBSXoJQ6ngj,10000,13436921.925932,,in,,system_wallet
pump_person,,4a8ASPRrKizrnMCJgw15WBNXh9XKupcD83vCKmYVhrjZ,10000,13369181.279167,,in,,system_wallet
pump_person,,2Ljg7j2euqifW65M9nrngnV7aW2DSoJieMEprDSFXNM3,10000,13343725.948094,,in,,no_account_data
pump_person,,2Yrkybr6WoKGhPZAGJtjd4uJfrpG8BGoYGWdmT6NcSKN,10000,13271849,,in,,system_wallet
pump_person,,CNKhiby6pMGXARkdYoZeShCZkB5gpHxPWwZA25DCtkc2,10000,13232361.927636,,in,,system_wallet
pump_person,,6h2v54SHZ9LJqBG8NsZ4efqhYyGubDDzCsDFRNazvENe,10000,13162184.678614,,in,,system_wallet
pump_person,,Fi5CsT4KKPjbD5DaAD3vUaWvMFWQ1FvdLEH2bC8ttiMh,10000,13147317.086132,,in,,system_wallet
pump_person,,7JDAsCi8KD8wepdzn2C696jgFshfd7ovxVyU3WH8yLPZ,10000,13143976.974402,,in,,system_wallet
pump_person,,6n8AzZdr2UqWVNLrJQjJR4Znkd4TGPqaqFu2BRVtwm1F,10000,13130880,,in,,system_wallet
pump_person,,9xYH2XXmha52vQeizHHiTpyqNag7UhMAJBEKSCd7g7eU,10000,13076665.457538,,in,,system_wallet
pump_person,,ALoD8TEpqXE8u9MUkrKfvMF6Tt2XuyXdgAZLRYH1i6za,10000,13000042.653494,,in,,system_wallet
pump_person,,35skaGzN6PbPfeNjLA87ECGXPmmgahTK2BvgUkKpqVQA,10000,12999999.96,,in,,system_wallet
pump_person,,7JHmxCuhGGUJeWWeKVrpBCSVSMWTGtVeVqmqd47HtEBk,10000,12933520.375789,,in,,system_wallet
pump_person,,HxXxMAQ4B86YdwDMcPqFZ692ZyTUsxw96kpmaMAN8DHs,10000,12917959.695769,,in,,system_wallet
pump_person,,BwpQ7Erv2vgdmHKuGNsC6m6satzt4yD4BEfXJPxGzuWW,10000,12916336.308327,,in,,system_wallet
pump_person,,J4BwyeDNQCE99rwwWsf8SyHdPXSyhGoaX6RXYA18Htug,10000,12824161.971947,,in,,system_wallet
pump_person,,BNnN2MqfWLvgThYBsv6v8JQaYZXYKYahC5YCy27Ct1cX,10000,12762023.616228,,in,,system_wallet
pump_person,,56aoiABYypcAZitrwbSxPCbfB3SFNipTxqywdRpEgQvE,10000,12750000,,in,,system_wallet
pump_person,,CZs3dmeWZhCNgvXQzzTzyfEKv6utquWm3z8R5dJYBUgv,10000,12739503.022861,,in,,system_wallet
pump_person,,GyAbZzvhRBADWfHggFTnAPxFhmPWSf27kx9fs4VNuHxz,10000,12711707.121782,,in,,system_wallet
pump_person,,6xxRheYvoB4AZGMyuHe53rWbtEq55GRAkj7aDKtDBKoh,10000,12698508.812404,,in,,system_wallet
pump_person,,5waA3HZemN1ZM7vLuxX2rcBAxzdcmuexWLn7JJ3fLQfL,10000,12626960.575003,,in,,system_wallet
pump_person,,3WsZKessE1GHYLVgis27Y1ZZRnSEpgqJMfZBVASah8ew,10000,12616953.353375,,in,,system_wallet
pump_person,,755tojy2DaptkxGoZUCSEizt7ViKiPBFeRNLkmcuqCFo,10000,12596847.50201,,in,,system_wallet
pump_person,,5L8EWTQJ8rrxRbnP1XbxWS7QVVmd8BgbyoFyFSzyHbsC,10000,12500000,,in,,system_wallet
pump_person,,FSTEnkCsk3X7SWiETWNkA7DS8F7Y7JpPrCzN4F5Fb3GF,10000,12500000,,in,,system_wallet
pump_person,,9yXu4sPQUpY4nvDXD97pTjnMJX4YktMaAuPgbihx6kRY,10000,12488616.843876,,in,,system_wallet
pump_person,,9vvsoLr5A2UnD8HaFExsQsnrRs6jCBWfvqLS66b4PnAv,10000,12486515.321847,,in,,no_account_data
pump_person,,projjosVCPQH49d5em7VYS7fJZzaqKixqKtus7yk416,10000,12480001.766148,,in,,system_wallet
pump_person,,6KkRvL6rWeH4yfWDzVtkRLtdTQFmASbTSW3wCW6TcvXr,10000,12478220.743244,,in,,system_wallet
pump_person,,6GABbUrLNHcfPqZf21ah7nRLMo48J1prHyM5A1tLUNgx,10000,12461701.7471,,in,,system_wallet
pump_person,,DZKQhMAakH81ALFSeXxmxmWThyN2rFQfxv7vpKV5Tfsa,10000,12441000.13,,in,,system_wallet
pump_person,,498bLZsjAy6vcrVpqteu5SoXa8S32hFW6NbVcYGJwVYB,10000,12438840.100312,,in,,system_wallet
pump_person,,FSpL1gdZydJrQkngWe2S4tjBToRwpisRhChXYDQEnWPL,10000,12433686.193733,,in,,system_wallet
pump_person,,9CXFCpaJSP8f9FKZsbL6YXHxoVDSzUXZ6AgoA8JzDYMe,10000,12411048.912614,,in,,system_wallet
pump_person,,3Pn1u8soFndkUgL1NaxSFuEJYppZXjBdwQzQqh83jMoX,10000,12377904.2,,in,,system_wallet
pump_person,,63FPzBzZpNVvZZoX2MrbrVtdGTzU1JWXttBJmVyvqhqT,10000,12362668.8,,in,,no_account_data
pump_person,,Gba48dZjUJq6GCiHRVdH6oy9WaM6MsBz4vWXdduLf5Ao,10000,12359023.130969,,in,,system_wallet
pump_person,,GhPUSazF3N4jodhn7n2gXDrTLc9cExNU8L5cqYDVMCK6,10000,12352698.407208,,in,,system_wallet
pump_person,,EzZho7okYqTqhRM5GkC8niFwrTJ7ZQz4TDgjrFqvPvLD,10000,12343991.110601,,in,,system_wallet
pump_person,,3Jo7oxzfez33WfBDePGdoxiri1KqSyy4WTRHtTbcHzuZ,10000,12326026.921129,,in,,system_wallet
pump_person,,DKtu8ydp4MDbuWadnazLJo4etbbiH2A9i4juZozD1Ker,10000,12322110.228097,,in,,system_wallet
pump_person,,3vDRacWNzTk3jKZpzbYvRmQWfEh9Bk6B5YgpeYk17BgD,10000,12316699.694951,,in,,system_wallet
pump_person,,3Sq12G6ddsXwZFAGaovGhbM9TPWFdXwSyWa44rRtEhsd,10000,12309480.753569,,in,,system_wallet
pump_person,,ARRWRw1rLsZkKeDvkBx4N6HNGJ9VB9mAoMAqgZsFuq7w,10000,12306272.35394,,in,,system_wallet
pump_person,,3TUPFNBnFa3t6FsgBNDuYgEKoe93YU9WdNQZ5KBfSAXR,10000,12287292.586455,,in,,system_wallet
pump_person,,GTqcdBivYg5tx7Xa7fB7vwjni2HunAc4GqvTscts3oGW,10000,12275666.540757,,in,,system_wallet
pump_person,,GtycvYB18XrGxEpK99igvnMBXK7bK47x65oFGwKgCgwR,10000,12270928.661134,,in,,system_wallet
pump_person,,FaBphbwEEHBhfj2hDXS3ng3sKme9P7Zwv9DPSpkJU1JM,10000,12246866.63147,,in,,system_wallet
pump_person,,AR81MZU4xFBDZANMyAFS7VFuHKFpNYriqz2SMjcMNznA,10000,12246071.700285,,in,,no_account_data
pump_person,,K3CMvayae3Vjsqg3zU11M9TuajCDtz3snxADSaRjJnn,10000,12237640.609718,,in,,system_wallet
pump_person,,F4kFn7tExqWtKxTZDVqXK37JH6FNkwQVtwL3rG5qBzw8,10000,12173101.628966,,in,,system_wallet
pump_person,,6gNs9Sic6s93jhsYwQtn9uBidhuYh7TSC3FM9GWHenp7,10000,12159835.321744,,in,,system_wallet
pump_person,,8wk6dnA61HFHw3WaMfL7npymjpEhm1VoYh5zcfj9P4Kz,10000,12151291.875187,,in,,system_wallet
pump_person,,E6puZMoKyroCkrR91TQwRs7eKYqLWYd64aSdnE3onqTj,10000,12124972.386647,,in,,system_wallet
pump_person,,CgnRcZNoLNCpFzK2z3bt7tvvr8UYzsgkascdqfAG3THo,10000,12122592.970947,,in,,system_wallet
pump_person,,3NbP3JnpkqdF57h994AvisytaSEZbLvsuhaG3mEvq1vu,10000,12118431.293712,,in,,system_wallet
pump_person,,EbLcAgnMZVq9yCnBqNf3qus9vUNsfjaWAFXYTsasNTYi,10000,12095878.364945,,in,,system_wallet
pump_person,,J8JkDep8hEbgvWSTv85smNoMfo6XUAMS9tYo5Qz9yrdi,10000,12095225.01398,,in,,system_wallet
pump_person,,5r4bdBqJSVjSMKEhanmiz1sDjtwvwXMKsjc8i8KKyvhd,10000,12073608.441931,,in,,system_wallet
pump_person,,6YwM8vgDdGQTCy6NHNzwG82WFN5Gei2DWg5W937dmASd,10000,12034708.487464,,in,,system_wallet
pump_person,,EY8LYSvgjW6MGF7d9HoZY8rxNv7XdweDNuwQBwsmTTdG,10000,12001092.159626,,in,,system_wallet
pump_person,,9kFFY6V7BwPh7rV7H1HpDm2hLvSSm5PauvpXge79vWR4,10000,12000000.528164,,in,,system_wallet
pump_person,,2ZGivv1h4mepMSois8XCF77TLhtPCCgEciccvPC9oekx,10000,12000000,,in,,system_wallet
pump_person,,BxHxSsvBo6zPwxqJypkKMQfx45gUzMKnPEcCk1JH7s8D,10000,11890419.686894,,in,,system_wallet
pump_person,,2Q6SJzSvVKhChwwvrgBkt3mKCqCeAi9TQjSNBbsoy1AR,10000,11876325.7,,in,,system_wallet
pump_person,,DGFW1Effv88XzXkgfgyoFfmefzEU5Pp9zWJACBmCSh8K,10000,11844393.7387,,in,,system_wallet
pump_person,,CqA42zXaf5zXk7EW7jtCLfL2uH1efuB9GtTfjfJ2hzoq,10000,11784214.063279,,in,,system_wallet
pump_person,,J7SNubsvLNF6BS9mFo6j8db9FaxmigyLRDYWAvFTubXM,10000,11769751.724439,,in,,system_wallet
pump_person,,3DH8F2LwMUuat33gbCEPnaYrD2ermyowVi7zzVfV5pYB,10000,11749994.792077,,in,,system_wallet
pump_person,,6snMdqcxzh1zcuGr4BeSTpmPf8uoqmLZ8Da1WwhRQRg4,10000,11744661.054198,,in,,system_wallet
pump_person,,CLxo3rFprNuMdUKN53QzLD3jxGWfDgNGiCnWgfpr7AP,10000,11693581.51,,in,,system_wallet
pump_person,,Fu4W9uepFP3VzMZth3coKAccgrutNSbHxsezu323rPUD,10000,11629396.846649,,in,,system_wallet
pump_person,,9SGxD8z2ck1t6bEcwPkXfWGSKBgRbrrwhNSEcWAWuv1Z,10000,11622692.131234,,in,,system_wallet
pump_person,,AioXK5S5hPZ96FwK1zWZgRvZVwx5kLvqQtM9HGakChVW,10000,11591014.57115,,in,,system_wallet
pump_person,,EsTdHYuZeAbfUJ6JYpovfy9Zoj4pyyNogrxAoebWaDJG,10000,11500000,,in,,system_wallet
pump_person,,2b6aLNsb1MiAFEWNowr7nCeDDeSGsttVYWEGJuo4sNSC,10000,11489974.217347,,in,,system_wallet
pump_person,,H33CjXLDkERgJLpsnTHnL9z26DDq2WwWgrF3d2SYfsEL,10000,11409750.627142,,in,,system_wallet
pump_person,,J7ME7NJ8uJ92JGsNLn627XyZaikmV21p4zszo2QmWe3A,10000,11402757,,in,,system_wallet
pump_person,,EMYwVqB1LaUnqUXDAX42T6W7zor51GgKAgJTcDED3wej,10000,11392469.515564,,in,,system_wallet
pump_person,,CpZD24BhaxgV2FKRPdZaHj7Vpaddq5mz7VZwkHjTMT8Q,10000,11362696.674209,,in,,system_wallet
pump_person,,7EudTYVE7JzkomvLwKwzGAfzchV5RKQGo9e4kZhn67hg,10000,11333322.5,,in,,system_wallet
pump_person,,FagDkqwCBoHwvEV4noiaWGfSMCjYnd8SW5kTCyCtDGz3,10000,11302297.089047,,in,,system_wallet
pump_person,,FcmiyrjpbPXQA1nTo8ntGRYAsZR8pSmL5uVpmXLUt6Bs,10000,11295539.965847,,in,,system_wallet
pump_person,,9gCfzPdGyjAMio1HvTCKMfRGtXBWymsNuXQqovz9Rw8C,10000,11281657.014602,,in,,system_wallet
pump_person,,EBzi6spUSR49gXzY6T1G4Qd8XEbbH7vacgrPyhiXfF2S,10000,11204724.18553,,in,,system_wallet
pump_person,,EFJT4SoZBDU4kVvRgVm11uiQGj6yjr5L47gHEPU5ef4w,10000,11190214.197846,,in,,no_account_data
pump_person,,DErRQYPYsqZGb4tRtJH6tHXjkCKi6tjwcPJCuM4445Wr,10000,11172659.704015,,in,,no_account_data
pump_person,,6afwBYBrVLupGLqbXBbtxMmpXWG1HZSbyL11oNwhg8AB,10000,11151188.722085,,in,,system_wallet
pump_person,,2KNsuxQbmfKmC6yFdaiqSoF8uPw8HcEotpRG3BBoZyYY,10000,11146086.466673,,in,,system_wallet
pump_person,,2RfyGbMqTsSX3g4ruZksKpfwCeeMiTLgB5eF6joVL1p6,10000,11075248.444479,,in,,system_wallet
pump_person,,BM9CcyErJcu2mjrFvUsRRrD3snGeHDDVirJLvL6EjvMN,10000,11067141.724282,,in,,system_wallet
pump_person,,7RmkMNQerKaVioRnmqZsHM5Gm8F3gngQG8umLNoK97q4,10000,11059298.017754,,in,,system_wallet
pump_person,,3QhkcEEtFiXHfR85aGxeC8xes8scSriqwaRRQj2dFoyk,10000,11055341.756522,,in,,system_wallet
pump_person,,GRiNi3s98j2w1LanP2kaXXgF9kno5zKmc2WkcH3q6mma,10000,11033443.097964,,in,,system_wallet
pump_person,,4XKt41kD533ecHzZdJ3CNdMDCCWe7bCvSUaVeub6njk4,10000,11012411.10924,,in,,system_wallet
pump_person,,9HdoLNLQsQRLik9n8RfHDknftpET4jaWjEKDsmRxrpSg,10000,11000000,,in,,no_account_data
pump_person,,91noEiT2vUzNjvWKmFDjdSnujfwM8hE7pQFqM1WiHXwq,10000,10999999.448108,,in,,system_wallet
pump_person,,Gc72C51CeqBdqsoj9xCksQJzsMcz9VGCciWUMJ32E5C2,10000,10882328.058695,,in,,system_wallet
pump_person,,GWWGgNcYtYPNW9iK8LdtwMKaU3QuXhZEh7d6WmDpr5zb,10000,10809980.853989,,in,,system_wallet
pump_person,,5F9S59yMtCT7mpRSMFVTFBrJPLSmk1d2NSmcUHr1gMHt,10000,10808981.261269,,in,,system_wallet
pump_person,,6p1wkFCrAcCVSN9pwot2Mh8j8PsmVkXuKZgmWKrWEucv,10000,10754272.526209,,in,,system_wallet
pump_person,,FB83WKHcHpFsXr4N2bAVE9Fb2bxo66zirTPggG7Vn4sC,10000,10718504.677512,,in,,system_wallet
pump_person,,ECEv1EZJvzJc8D7LAZeTvoUKAkhEbAQrE3J1cSN1NGmM,10000,10691725.019961,,in,,system_wallet
pump_person,,3Y5psuoqHhc58ANgNLdH6P3mmmf3uBXWHrQcVv8gKF9J,10000,10683738.937666,,in,,system_wallet
pump_person,,Aszwr7kQZNpSSiFzALxg8PRoP732TkRSFdNv5m8dLb6G,10000,10669556.093298,,in,,system_wallet
pump_person,,GhpWmsWwK1rgKcNySZpbL1fNUm656cRuWDGM8Uf6Z1Lk,10000,10636932.589033,,in,,system_wallet
pump_person,,FPRFLszBJFHCThF2yWvkGkfvtwyFPRGX9MFHnDGP6UYp,10000,10625000,,in,,system_wallet
pump_person,,QwCCkY6PUaRd94AFLwfWfKGtZQzJa5SNCHt7SWx9SQ3,10000,10596309.08,,in,,no_account_data
pump_person,,6KPk6QoDi3ge93yBY5zxSK2ou9eFtNum4xDbj3dAtpZj,10000,10567226.366257,,in,,system_wallet
pump_person,,HjhEQAs3oe16zSPkUX3ZyZFBsKsBQA5bRRmXJjKgtzrX,10000,10548286.197163,,in,,system_wallet
pump_person,,2sEjt4NBRG8mnZeySD2jZSKnD1FbMpfVmMjCgssQ5i4w,10000,10545033.369246,,in,,system_wallet
pump_person,,7FLr64uLGN45K45UR9hzcCbAsKZ8jRshqRRy2w7rhh19,10000,10537180.184,,in,,system_wallet
pump_person,,GuJny4jNypukLwgUiGK4egJNaBMGhBMUftgeZTzJvudJ,10000,10491020,,in,,system_wallet
pump_person,,3vxheE5C46XzK4XftziRhwAf8QAfipD7HXXWj25mgkom,10000,10463353.620739,,in,,system_wallet
pump_person,,3KiYcEgruMcv6uDyNBPEUSgXaNT3ascwcretMT8z6BVy,10000,10439917.545117,,in,,system_wallet
pump_person,,oJm69z23sbK8TnRzm6xKCYNRNaD4FD7duiCCPTM4tiY,10000,10402388.583943,,in,,system_wallet
pump_person,,FGgWM8gcrJQtJKQUSTSb1T4m1Vu2PsHN5nvhX7qnhYTS,10000,10343867.95593,,in,,system_wallet
pump_person,,Dn518Zrb1tACvDYXPHsHKKLSokbqgGTxpFMWdeQ6K58w,10000,10340257.077185,,in,,system_wallet
pump_person,,GpYAPi2aFE6QvLU5hEBbu2YjR7Tz9Wi4JSXb2GpjKK3w,10000,10277302.512942,,in,,system_wallet
pump_person,,47LnMeuVwdmEjZeJnXX6SrTCinfQrT1f8Nw4puNfLcsU,10000,10248470.264598,,in,,no_account_data
pump_person,,6EqzwKZb2m8kk4QhaHqdz2f43Ls2rVo2L8HjUNKfuAic,10000,10234060.502559,,in,,system_wallet
pump_person,,8epNyKjWPPxcLsNSPaovwUGt2cpXzCAnhMad5YAnD7mP,10000,10198289.370209,,in,,system_wallet
pump_person,,DEk9LmFo9YBy42TXUfeUco5eimYKq9Z4Bbw68n3pvZdX,10000,10173124.225564,,in,,system_wallet
pump_person,,8P81zncb4E26nMv1dVuAQJ1gLDfgYYrmWyTimnAgEGDd,10000,10158690.23229,,in,,system_wallet
pump_person,,H2RWnGchKp3s1RuLCZ19MMDeXPGFYWUcUj7CV2A7egU9,10000,10050845.62817,,in,,system_wallet
pump_person,,6ixWrx57nvYcXbXvSVrNe7vYsPwRdbT25yk1tPVfodzH,10000,10042938.748909,,in,,system_wallet
pump_person,,4qnndLkbpzxcTkHyz3qx7eP93ZGQKUXzZhZfpbJwpFC9,10000,10004721.924242,,in,,system_wallet
pump_person,,3caD4ipBSB4EWFAmQ4Yu5MaZyCBvW99wJwo5ErzRdZPB,10000,10003998.238243,,in,,system_wallet
pump_person,,FjtF5vMo3mr4tfy2UkSFoSZsp6BS351bgmLfiubjrnpB,10000,10001711.76,,in,,system_wallet
pump_person,,8aHwQXaES1KUYJjUJKmHmNHxQex7ocWN4Yh9nCG97G8R,10000,10000265.518858,,in,,system_wallet
pump_person,,CQAdgbM1vi76PkWzzxGJudHdFi2sM4dNxUjnpaS4DSLg,10000,10000044.287928,,in,,system_wallet
pump_person,,EzuFVV4goCWhPTVYqQD4HyRR5sV6Vx9WT1Vu4LxyiGjV,10000,10000032.024703,,in,,system_wallet
pump_person,,AVeSttHqyxxQnWcfyW6rMvuB5cgXRhRsAkaBqi8AKuko,10000,10000000.479383,,in,,system_wallet
pump_person,,J76NMWANWxFrCjhCFDz9dZxAtDoCcUb54sVnykeDbkMg,10000,10000000,,in,,system_wallet
pump_person,,8rMiwHGEmtJNWvjniLrTU5a94ujNaqZBfsSf5CXrKgF4,10000,10000000,,in,,system_wallet
pump_person,,8qWy6hKJxLwFH9j3en3kfLzN6SiRBhWzAbAdmDdFtdt3,10000,10000000,,in,,system_wallet
pump_person,,3DG1XrKZfKFTZz1iAAokd7yNXwJoyVFDHEd5q8jMunPb,10000,10000000,,in,,system_wallet
pump_person,,9BqRTfVcof3WueGfVGcfvd6TiaHydtcN5SnEzqiAf9YJ,10000,10000000,,in,,system_wallet
pump_person,,4JyPGsd1eudBgYjagnk5fQuQeu3bQnfhoVLKdz2gg4qG,10000,10000000,,in,,system_wallet
pump_person,,9Vy6LwtDondaZv3VCGDFYtedXHK7ZWK4RnhFheV3oLMf,10000,10000000,,in,,system_wallet
pump_person,,4ReUByJ7HuXSiSvKchekf55Nfv7Nj19nWM3aDyTHDvWc,10000,9993734.799141,,in,,system_wallet
pump_person,,H2coft9MuAhyU59uF2G1Vm4bGL2v9BUsPXhbPnTpNnic,10000,9973101.037722,,in,,system_wallet
pump_person,,G2rJAZ3bihgZbxqryibffWjRtNJvSyUiXtPFshDzzeU6,10000,9964994.5,,in,,system_wallet
pump_person,,HSzKBUeWy3Cv4LMf6FZFUUm1N1MZe1UJfkBqtWQGmFx4,10000,9951577.610277,,in,,system_wallet
pump_person,,HcVDfBjLs3dgQjtdnPs8REF4d22Vt3iyTYSysDmxm4dC,10000,9947728.615315,,in,,no_account_data
pump_person,,H6qpbuw5NUXskPJsVD5KeT3kpWuoKamQJeGKaUVK2oWx,10000,9916528.379586,,in,,system_wallet
pump_person,,6P98UCVhNY8Yj2Bp8osHgUuXZGikFi4ZdWPK6o3Eaitv,10000,9911051.512758,,in,,system_wallet
pump_person,,BQdVT77ka7TPXB3psfFUHTpjx6NLnTQupHuuHUJB1Rxj,10000,9858880.684104,,in,,system_wallet
pump_person,,AibRodWnQxV3i39mws7kHoPda1ybyQ7kKQ81SxUpQKeY,10000,9852435.754768,,in,,system_wallet
pump_person,,JCU9fQKKdM1VHZyb4t7DKnYxnikhKnyLzjk2C89rwQNk,10000,9851127.762213,,in,,system_wallet
pump_person,,GK76PKZXR8DUV4w84WCKBS1PZoEmFDwboByFda4EbcXT,10000,9844300.697596,,in,,system_wallet
pump_person,,GQkn3fPeCV4pH1MGZVHsWPpRdq5ENYnaB8GVwSubjkCZ,10000,9836361.163884,,in,,system_wallet
pump_person,,B5R7GeCrkZs935xFQzSkm8dEppUWe3krisshm7n47ogw,10000,9831842.988584,,in,,system_wallet
pump_person,,HUFrJb27wxy1eshAPHkZF2CGms5MC7Zjk4gYpDNcA2cW,10000,9816892.33155,,in,,system_wallet
pump_person,,EVKNgtiyZ7Ko9hG7LMuNn2FJyBJVSPFcVq4bCJbVsaYU,10000,9738138.088234,,in,,system_wallet
pump_person,,DmMtErUGmp1bEp5ipTWBH7i4R9uu1AHp47tTnqtstZLt,10000,9733500.69974,,in,,no_account_data
pump_person,,4ScQ3kofuEQyNUVoLBSi3FHtfrqvre1gBdW6azsSxuTC,10000,9707127.243621,,in,,system_wallet
pump_person,,7w2UAHpFGfuDysgyS6oVarevXMLy5mDPSQgmJ7oWZdaf,10000,9650083.716166,,in,,system_wallet
pump_person,,9NoKkw6GL8LvyMtVQhCKERHej9ax2HXAisvonkMiYrKM,10000,9633153.87,,in,,no_account_data
pump_person,,HSaK6qJ8yAJsYowqPWEy2tm1eKFwXNnwNxiXX8RgdPVL,10000,9600420.162966,,in,,no_account_data
pump_person,,B2p6ePM3uJ6KLLQcAGywFRMwzjfxVCt8g5zRzFdLWLNE,10000,9564886.078589,,in,,system_wallet
pump_person,,3e5pwUqhzzR4C7Yd1BEkDxf4i8V3q6qtdAsWREUSV66t,10000,9563901.896302,,in,,system_wallet
pump_person,,QJ48jt7oU5TrS1v1xvDmyCdS21p8gSYJBtn3NJSdmrz,10000,9543667,,in,,system_wallet
pump_person,,Ddbs1mcoJVe3VSoez3Hu2R2njrLfaAnyvUvzbh5vnaZG,10000,9543596.34387,,in,,system_wallet
pump_person,,C5Ja8ze17TFuHUgz1rMUMMVqBt97q5fbd7BpdEitckM2,10000,9542935.168242,,in,,system_wallet
pump_person,,8stqxjqCTWuyE1o7ayfrbGmQMMyvV5SnTroibVQAavxC,10000,9540784.464759,,in,,system_wallet
pump_person,,GwtXsmP772pv2ctcyzvxMuR7pacTDCQywx9VwoirQNJa,10000,9527464.228416,,in,,system_wallet
pump_person,,B7WkZ96td6fbZkndsrVFn3dUE1d6EyAgEotAwcDkjCe7,10000,9512901.480176,,in,,system_wallet
pump_person,,4au7h1hNQ446vbDJiMi3ZVxyLdxKNqeB7mH89L5Nf7v6,10000,9503095.979707,,in,,system_wallet
pump_person,,5tBVky21R1AkKsWrub3Z2iqfcPtzPMAhqpojwG3PqEqk,10000,9476298.18629,,in,,system_wallet
pump_person,,9RXvErfadcT68njChE3mWBJWswXnbz1pFBW6ejqkFjN3,10000,9469248.937208,,in,,system_wallet
pump_person,,Fd15tWQQbrAVJTy7y2eYVKadYuEurHEcEDHdu9XdzUpt,10000,9446356.684876,,in,,system_wallet
pump_person,,8gomnBVPnGGTd4Z19aVdEJpUGwZtnyxacXuQabhxBsUu,10000,9435756.752179,,in,,system_wallet
pump_person,,28Bm9T58MU4jFN3JGg1vHB3PJNRMvp9HecMhYpKrv22z,10000,9382656.196633,,in,,system_wallet
pump_person,,GRuA3SNh4bjCa8J5BQaW7bm7fNYc54YMNQPWbeTNtD5F,10000,9375134.948159,,in,,system_wallet
pump_person,,E9MXchDwu4rdm7MmNy4hPBmkyvXhyNeyungmSg7LNptx,10000,9375000,,in,,system_wallet
pump_person,,3gvXNMosMkVzzJCNhMtouHX23YLUgLT4RLdBQJMswrtB,10000,9368716.290539,,in,,system_wallet
pump_person,,H7CWfh5Cq4adfcEUAbLitntYGnxGRSaQAhmc9VzT7cwx,10000,9329795.449193,,in,,system_wallet
pump_person,,BpBRX8yfeY5C7UQtr9K7HvTbgew98tBAuPMYAXQ3eScy,10000,9312856.035567,,in,,system_wallet
pump_person,,Gr9f7Co4cJYyitKVUzQZmsoMZ4DW4GsZtVX9KP19NrN8,10000,9250000,,in,,system_wallet
pump_person,,BKqtkpx5P6vxquoFoepaoutjqvxLKFUN8KWdjSXF2beX,10000,9239057.801497,,in,,system_wallet
pump_person,,2CLGzQqBxKqdiGfDK2epjAUyU2Wx3TzoBU8pbreeKNP9,10000,9218661.95584,,in,,system_wallet
pump_person,,FNf2gGbHpMz5Jw7rprHzMiQc6KXKe5j3ruzpuq4en3G2,10000,9216657.126248,,in,,system_wallet
pump_person,,2Z7qVJAEDFgVWgnZWmFgyw7MJoUeuDJcuDXF6ssBAu9e,10000,9206020.636095,,in,,system_wallet
pump_person,,A2QfbSNbQ23uJmYteRev89L1Jka1orTguRHLohuhYoxN,10000,9160457.988613,,in,,system_wallet
pump_person,,A2NGHjbnpihGpWEfsmJjfac7hsw4JCJMoRqszyEMQ13z,10000,9133022.697163,,in,,system_wallet
pump_person,,5UYDY7SL6NmaYGhVV88htPiMAgfMbH3W1fX6sVE3tBEj,10000,9124192.97,,in,,system_wallet
pump_person,,7v7afYtjU6xP49Yafs9cM3raGnYusRsdyc835SDM8bQK,10000,9100027.317347,,in,,system_wallet
pump_person,,zvyqCvY4dUgXu1JTgAaNkfwyenVLe9rgpKuoXrv3gGy,10000,9090227.890967,,in,,system_wallet
pump_person,,29mTDbGmyHsLmERxMtFy8aUFFD82HG419PciCDH3d5fm,10000,9038447.368584,,in,,system_wallet
pump_person,,ADb3sqzoR4CCXe3eDfCi9mL4sb2ijDV4SCzLBz2TeGNg,10000,9025633.327649,,in,,system_wallet
pump_person,,9fpHG9gc6s8mHUBc48GmhSAMgpvYc9eiimeiFFBGhHeM,10000,9003272.7745,,in,,system_wallet
pump_person,,2R6EKe2Gmy92ow5iBgMZVn3PxroJbH11YNrC4szXG4xU,10000,8999150.926586,,in,,system_wallet
pump_person,,ENUrrqMyRk4Nbgdtqe2ouoPTnjtqnFLLerwLmUZ8mBrV,10000,8992479.487181,,in,,system_wallet
pump_person,,AwFngv1APK8buWGegcoh9fCRSpZX8uvkwc9rF5x1pBAm,10000,8975186.441145,,in,,system_wallet
pump_person,,GEhXG4ZfkSbCiySz9Mg18Jer8jP67Ca8qsWStTpXdJj1,10000,8967270.723043,,in,,system_wallet
pump_person,,6HYudVTXC3iJUpxmHZy67F8jcMarj571q2pQj4FDwHC,10000,8964812.184232,,in,,system_wallet
pump_person,,8y63zUiBSzT2Af3bKzuz6WLUXcHgv5USsZnwRFzRunzX,10000,8954011.101199,,in,,system_wallet
pump_person,,4SAHa4gQ9AZs66uWWNaJtJqZetpotHcaKnrryP2vc8kp,10000,8953308.30016,,in,,system_wallet
pump_person,,xQezpTK6rov7xnRF1wmoRgzBzfWuKBASwLCPXaCpa45,10000,8950851.036251,,in,,system_wallet
pump_person,,F88y8sGrHspQtFrCVdmQCKeDJ1VLueJJrfU5kJKT4NqQ,10000,8941575.328057,,in,,system_wallet
pump_person,,CbqyiASsGW2FirbWYRB18cXcJzer8mH76doceSv3KyW5,10000,8924779.881312,,in,,system_wallet
pump_person,,AArRh9VJMYnc4Ve54Eu96yCi8PZNYw2KkQEHSFLzqdU3,10000,8890999.287846,,in,,system_wallet
pump_person,,BfCZBJJsqi54HjEdLXuQG1tRzHc6nbe2UKhCSDXCfGet,10000,8876221.76955,,in,,system_wallet
pump_person,,5SU8uEHULxyGqsWnzquBgaMajhU5tsa2GppN4U4WjHTn,10000,8872036.309621,,in,,system_wallet
pump_person,,6jAzM5QTGn5xFDjWhJDnrmJBryCa6UDrYKskKyGJkF4s,10000,8871008.079032,,in,,system_wallet
pump_person,,ChSwLhCGwPevuvbZ1VCmmKcM37BMEseSwWkEtJMEYSkk,10000,8870482.378089,,in,,system_wallet
pump_person,,3tZHK3qPnrAKjujNrjB3ZqBbwUQQfkGubAfYateChJZB,10000,8865777.523609,,in,,system_wallet
pump_person,,Breyn6gsbCLNbD8pgDagGAWs6WLrcRLeDD5hz4Qqo7co,10000,8861099.16894,,in,,system_wallet
pump_person,,13yFzFtSHoSS1chwZhDQgAVz5J8CkkkN8n5XCLoGFP4d,10000,8860756.499,,in,,no_account_data
pump_person,,4r1dVboNecWGCh82BWgtw34QaZrs43gCcK2ws8oj9hun,10000,8856769.966969,,in,,system_wallet
pump_person,,CPQUEFRYbehTTjUxD5ZqEK7feqKXBF8rhvMHrLuqUsan,10000,8840275.98,,in,,system_wallet
pump_person,,CNTdj4DqdLkGwzqZwst5rCELuyAnW7uY3VPabEvmKt6N,10000,8831824.209331,,in,,system_wallet
pump_person,,6UcanEPgy9t6aJxpvaU62CmmXpnAp5ny5e8XeoFr1q9b,10000,8828780.78845,,in,,system_wallet
pump_person,,Ckqhq21RRM1UYeBnXZKgZiyQbogsoUTFEi4ikBJ92jDy,10000,8800000,,in,,system_wallet
pump_person,,FWYL8BnhudvJtvyTmehbVcLVZLxw435qRV9HVKc7jF8B,10000,8790352.823892,,in,,system_wallet
pump_person,,E9SeHqVhQVD2UthKNSxptbL3vY3Vzrkx26SKt6kNQH3h,10000,8788893.249826,,in,,system_wallet
pump_person,,9teBK8dFriVxEnCtjqEWMVbTmcMPt5DW17Rm2LTTg1Zs,10000,8778000,,in,,no_account_data
pump_person,,2p6hkXkAhjYPda4nVt83aStqnRdtPqrBfB512zuktzTH,10000,8766946.723692,,in,,system_wallet
pump_person,,DHoeVfAp8VXjD7nth8SVpcPM2d1aFiHnA1SsJhD8AD9n,10000,8711848,,in,,no_account_data
pump_person,,G8v36jApKARSUFqpkL1hh2ZmZkaah8aGYLto7BLxyqtb,10000,8703546.551458,,in,,system_wallet
pump_person,,GDYwgH4h64o6oXJENUc52qpcbWQivbGPwJtmDG78Lwr3,10000,8701516.950789,,in,,system_wallet
pump_person,,2XDwf3vhjpjamu4vaPsYSWSmuhcFi5P59zoHmyzw8Tep,10000,8691391.094781,,in,,system_wallet
pump_person,,7C8z8d383GqPRUSmn5615NqCWzX8rrP8zygkJf6MBq9G,10000,8619582.493633,,in,,system_wallet
pump_person,,DPF23jabmNTVbv9JDZdhyHSA6SCB3m7Jyt3BXyD3E8rW,10000,8612162.768531,,in,,system_wallet
pump_person,,EWZXAUvdAHUy7bMedowwUYVnL66tB2d4ZMNnbkVraqCF,10000,8590426.322186,,in,,system_wallet
pump_person,,D8aw9iSgk9cpgs4ragC5obUZhsY97JeXpri83qMwQ8iP,10000,8548951.393725,,in,,no_account_data
pump_person,,GDUVwpkTCmqte3xVLBXJMVu8zgfiwNqhj7wQKLAUQWbv,10000,8538795.905269,,in,,system_wallet
pump_person,,jAru2HUrxpRsd654byKc9tqF3Ycq5TPbnoDYzhTQ5SD,10000,8528437,,in,,system_wallet
pump_person,,E4MNRP6zqgKQuoFmJEudtxwJN9f9y7gyQqi18TxmSSNK,10000,8509505.933422,,in,,system_wallet
pump_person,,8yYieKYrrxysGfD83snnWP5ebKpwjRPHyTKrDcRRCBna,10000,8503990.541687,,in,,system_wallet
pump_person,,HUkjkbpkThjNirSLMozmgjsC39hfxdabBRxvWzrZmQFi,10000,8498084.733066,,in,,system_wallet
pump_person,,GEyBWhdqLRc5zMfYikfvzKmBeVF3Lj392WY9Vptn9qSj,10000,8494928.417336,,in,,system_wallet
pump_person,,GVLxReic9tujm38mvvcfxAfBb9ELKd1a1H6NhfqvTyX8,10000,8467353.263329,,in,,system_wallet
pump_person,,7zXdqhi4B6coG5mcGfpxdMXkobvYMG9QD9LUzPB38F9c,10000,8463519.62997,,in,,system_wallet
pump_person,,iaTMcAGABrnBpDg3ebttaJmVCtGGRdB1Pix9SsihPGF,10000,8459210.605367,,in,,system_wallet
pump_person,,2KW72W1CWLqtYc1Y6bgeBYi8pEebDru6hVWeyB66W3et,10000,8442235.442937,,in,,system_wallet
pump_person,,3b488E5TGShztgdafefbrPD7pys2SMd3U8mRBJqP6ecc,10000,8420967.547086,,in,,system_wallet
pump_person,,9vFK5Qdj1Zk9y4EXVQDtrm8iRxjrdeiHfHfKGyopb9Ai,10000,8407619.169255,,in,,system_wallet
pump_person,,DFCsk3eC8c4VLMSqzzBNBwPsb3jHh562GnnMwY3jRsck,10000,8381527.898402,,in,,system_wallet
pump_person,,5ToskQgJkyTSf2rZVK5ZLjfqbfDba3bgc373o5jmee7L,10000,8342615.225295,,in,,system_wallet
pump_person,,9rexUBEaVi4F8kmgAj7wAb4bSfqRX86pzFYTJhdM725m,10000,8341945.079088,,in,,system_wallet
pump_person,,77DXFZnMebramt4dXfdwem1AjnfNnVnG8FkcVWpSwdjB,10000,8317375,,in,,system_wallet
pump_person,,BTbBdXeDq2rEHQmNFjNQXBcaWgfM6CNEa3ptFr2WNhMo,10000,8301401.842393,,in,,system_wallet
pump_person,,3aajgaC6ZggZV7CVGPdv8JEEC6iq8dFwbkuBSUYZEjbs,10000,8267592.134944,,in,,system_wallet
pump_person,,GCymMCdrcxffEnUdUwzaxjAYXHduvrnoPg4o4XBzkqur,10000,8236298.65936,,in,,system_wallet
pump_person,,Hk4FVVrrkebugc2z59NqtXZxQoCz8bnS9s13GaPRBg8R,10000,8212085.221316,,in,,system_wallet
pump_person,,7yt1AaMYPpTjTURN7PPkj1qYtdoKFhqKwAHkwjxm8P64,10000,8200184.218556,,in,,system_wallet
pump_person,,3j74UB3dH9U5uocu5twgixCpYSXf3LzXFw5yB34XjWSa,10000,8199277.033911,,in,,system_wallet
pump_person,,7KiGSvM4rV8hLJxrQ8mi2Xp4yzRy7PnCWyHkepGCQJiJ,10000,8190143.502881,,in,,system_wallet
pump_person,,4p75dC1waNaWsRostE6sxFPVNDXgSANY2sBKxQHXcg4j,10000,8186365.716561,,in,,system_wallet
pump_person,,A6PznyAbJtSqXPEYBwNFwtEpop1RHsB7rhzkcVcXpMTz,10000,8185085.369136,,in,,system_wallet
pump_person,,AjHrVtRn6jaGiSZT6zDbxYMFoqXT9Fp3g1PXQBXHgbKG,10000,8182344.412782,,in,,system_wallet
pump_person,,6j18zcM4NbF2AxocEtw5mCjfxUMyD2PZEKyeerhqhNVh,10000,8180998.927518,,in,,system_wallet
pump_person,,BcSSxeEJwV4CT3jSmpgj283tbpvk2gQWoFLYe9WxBko7,10000,8176148.97417,,in,,system_wallet
pump_person,,8rxJzwfy6HamfgBb6p7fzVMy4Tx6NuDrCKgGsQt6j9JJ,10000,8173064.128079,,in,,system_wallet
pump_person,,GFRWyub8ZvLfjzS49Uh6jCa6amH39Kx8WFobttx1EAHg,10000,8169002.738191,,in,,system_wallet
pump_person,,57djWHtmPVfbAqvjtq7Ciyi7aLamQFi6juTr6BY8UG8C,10000,8138388.617125,,in,,system_wallet
pump_person,,F6MmiLD7azY87uijwqNWN8DeG53eDuAXHZLupudExbCP,10000,8131390.651124,,in,,system_wallet
pump_person,,61H2ytprKxxw7VNyYL7A2WtXJWtmiJ6ToWFvkDKbmCTP,10000,8113678.490465,,in,,system_wallet
pump_person,,AJGPQsMQt3hmV5xdM6ouz4vBRoyiqQpRrmoVzGRsBbn7,10000,8113300.384836,,in,,system_wallet
pump_person,,4BKBwYZb5hnUKkvqPfefP7PWotHNUdWA9s22w7nV6xWw,10000,8085653.305276,,in,,system_wallet
pump_person,,EzkrS25bbzcAVAhRfL6dZyH2NTe1NzazdiBH5vqxJdtm,10000,8081509.151637,,in,,system_wallet
pump_person,,85rHUi19QeYUCm73FsLvTu2LydtnVy5FNB4Qat95GRa7,10000,8066442.354983,,in,,system_wallet
pump_person,,9jJBCyrEpofVmmVMMMdTAJoLyip2NiPYybRiiAV2EcbF,10000,8040555.26539,,in,,system_wallet
pump_person,,8hH2SVbSDTrvqExVNLxQCp32VasEkqYAoaprWCioGZA1,10000,8001810.834382,,in,,system_wallet
pump_person,,6KcVSTAouKJb2Zswn5bGgyL271xassowv5A3k1ox9UKB,10000,8000726.75103,,in,,system_wallet
pump_person,,93cY4LWasfNcTBEN7Nr3ESf6xKABCxaNNM8U5TETkFHd,10000,8000104.761709,,in,,system_wallet
pump_person,,GWbxs37WT2RfNhpdbj5CyJFJU6Jx3iQcg8Qkw48jT2e3,10000,8000000.51173,,in,,system_wallet
pump_person,,BUeUL3CBuc9tDSUXpv83taAW1f5kSJC9rHf8o6V4Metd,10000,8000000,,in,,system_wallet
pump_person,,9CHkXzKA8s86yY9zdcZe6jotTxGKWd1hQJw3pBW9vKPY,10000,7999952.84305,,in,,system_wallet
pump_person,,GBFJRhknZQKNB4PscTWWCKh7PBQCTtJ82KnUp41g1r9g,10000,7999153.541624,,in,,system_wallet
pump_person,,CtDz2aoYyBygXizkSXEUDPkXQDfc4XgtzgbsBVzXep5C,10000,7825031.995,,in,,system_wallet
pump_person,,BnHRcHqCei1PkMwNcc7qHe5XV6h9EkV1dTRSqxw6mqMz,10000,7813850.345006,,in,,system_wallet
pump_person,,3n2L9fGSHGdyZrirXrPNyGSyMdnuSiZg7MRw8FiSAHKn,10000,7746015.286969,,in,,system_wallet
pump_person,,4BcPADvShBojirYdv9UgnT9nKsfdJ1zZ5zDuWrvnCQNy,10000,7737519.30362,,in,,system_wallet
pump_person,,BqEyGYTpepzxYYyubmvZqCGPGxiXod6Bk9VqX7vrGXEn,10000,7721645.750835,,in,,system_wallet
pump_person,,GzpBovnC7uHwqnRM54F6hjECU2z8rcsSwHhTFicNQP6c,10000,7708431.73247,,in,,no_account_data
nft_gamer,,H6B1xriQkPSgpKAfLrTexDWtnuNGga77wGNnuJzwnY3G,10000,,15,in,,system_wallet
nft_gamer,,5sWsediccJMsGTayzXtKWKkAaYLN17KBa78otHRrFV2x,10000,,15,in,,system_wallet
nft_gamer,,6NSAMJ2gGuyiqXgeuTEETpqqRTuEb7iqnuwF1jCfrhsp,10000,,8,in,,system_wallet
nft_gamer,,12Nwf8b3ngxHdY838aLpmNugf8CJQ11EFXPwL9afAnZD,10000,,5,in,,system_wallet
nft_gamer,,6mqzB86e1frcyJiM2Ubv4moyyqgPDnPAhZYvPb2wjUvp,10000,,4,in,,system_wallet
nft_gamer,,E7KNHjXka39gPbffX9yAeE7B4F4pTu9AEx3tYq9veVfr,10000,,4,in,,system_wallet
nft_gamer,,DmZCdAer2BH4BT1Ni7XZjxL8AG554o56VmK2pYjQosM5,10000,,3,in,,system_wallet
nft_gamer,,C12drUKSsrNAwrLZ2yxZPi7hPiAFmjo2BSbPP62KQwrD,10000,,3,in,,system_wallet
nft_gamer,,7LAjESa11JXDQHfPye1JC7jvVjtYhignL8QdL8U6VCgn,10000,,3,in,,system_wallet
nft_gamer,,77cNR75Ag8mGBtSjbV2AFnjZ9NNKVvVSDZL86cGBd961,10000,,2,in,,system_wallet
nft_gamer,,7VzKwP6CoW6QAhbVaWNjB1NTfgTVefbFAQhsvxVdGB7X,10000,,2,in,,system_wallet
nft_gamer,,3BAiKokhyhW9mCwi5LK6WH2zoqfEv2YpdgVZGszHeVDR,10000,,2,in,,system_wallet
nft_gamer,,58oPotTcQn6JGuw7VEAPNzJGaywu1KkRWnxr38eQX6iV,10000,,2,in,,system_wallet
nft_gamer,,9SZdaS5pb5SzXKkkD5JiCTRwJcZnv2omsaH2WCwMTozH,10000,,2,in,,system_wallet
nft_gamer,,Gz8kqBUFFo1diobyfwwaDwhsuAbjCE9iLCvHhVUJ6wVK,10000,,2,in,,system_wallet
nft_gamer,,9LGCuEVrhTj4456W9ew832swP4WF4WKcmLfk9nhCtp9j,10000,,1,in,,system_wallet
nft_gamer,,bVdhouTGzW8zSNzxeRSFWN43FftXjfmYs5Dw9J6XtH2,10000,,1,in,,system_wallet
nft_gamer,,3Y6ckGWaWsxf3PBaBV4ScgzhkmR8PDBR6nB2k7LhAMFp,10000,,1,in,,system_wallet
nft_gamer,,FSJ4KSRu4BgWsVrFuokMq47DEUoD6ACkqsavSUUFSaWg,10000,,1,in,,system_wallet
nft_gamer,,5k15YfLg5TmTeVUAuxpQgK4r3Dzuu9ce6RwmKUdtDXYH,10000,,1,in,,system_wallet
nft_gamer,,GFBDfYcqPHK6Ezwkm5vvDqgKeW6UfYKktBvkjQYe9dQT,10000,,1,in,,system_wallet
nft_gamer,,DyKzjKZbgHFoQ6FahRYvC4D8RxfhP4NgC12j4Pvfrb57,10000,,1,in,,system_wallet
nft_gamer,,9BoXp3dtdzUXzAsnJjKHrZ5rjYj79uo3CCftLX9xNRck,10000,,1,in,,system_wallet
nft_gamer,,8EvjXrYrMDM5V1Uz5sbjyufswV6VdyL5MmQbz8hDceqv,10000,,1,in,,system_wallet
nft_gamer,,2ZCQ18QjibZZCPfcCesdZ1y2WMmZKd5rKZLyc2sjYGir,10000,,1,in,,system_wallet
nft_gamer,,BxMJyY1EsNoWuPgfR3NEDZ8xxhYpn2eSERgWUjxcoztu,10000,,1,in,,system_wallet
nft_gamer,,4NLjofVr3LevtZ4rkKtYWh739awijdgA5sp6kLPXWjES,10000,,1,in,,system_wallet
nft_gamer,,D9BjJAxC3G13scq9X4bezXzTyAt6kSH2v4MfBWzUHDUo,10000,,1,in,,system_wallet
nft_gamer,,9juYeXjaPjAT9FjCxhNVg9km4fseRZTZthYNT9xeRh5w,10000,,1,in,,system_wallet
nft_gamer,,Ch9c84ZCRvGcLDnAGCXg4rdftUpQbwZaYkb6gf5DLGBr,10000,,1,in,,system_wallet
nft_gamer,,BQCeYnHSF7Boa1JmcYYCKCpYbF1V8Ai8wj23kPX6fLqM,10000,,1,in,,system_wallet
nft_gamer,,CAWxDvAgQrCcwNAM6qPpo4Af15sL6rzYyHHMC2EZL1ys,10000,,1,in,,system_wallet
nft_gamer,,C6UtswbneEuyYTUB7AVeEFFkDUA12CpGUU5LakmNnZJL,10000,,1,in,,system_wallet
nft_gamer,,4Ui4SDYvBTSYZi6EZuHQ8rtSQk79GbKMYwZUxgb8xbZK,10000,,1,in,,system_wallet
nft_gamer,,5GzELwwPnmqBrooyoJYToeqGDZD4389ogc7tUPDYDTvg,10000,,1,in,,system_wallet
nft_gamer,,C4jdqASx8TDSV3LPtdJt5Z8CVBqjJWrezopkz4LLJ4Dr,10000,,1,in,,system_wallet
nft_gamer,,39TcYqUJzfXy3MqkVkhXEsMPbPmHNbxVRAMbEKnYoujF,10000,,1,in,,system_wallet
nft_gamer,,B3WMBuZVUo1xpLVW95WubBtbsabrsyRVH4cU8SwVX5dQ,10000,,1,in,,system_wallet
nft_gamer,,7MYwE8Aw4hfkZtbkACexTu6TLTPLEUgMT8c2ipHh1Aox,10000,,1,in,,system_wallet
nft_gamer,,7dmdC3uJze4B51nnVEQgWc25dUHW9BG8PtfYSy1iDkQS,10000,,1,in,,system_wallet
nft_gamer,,J9Fc2MWHeqGshh1qUQVvDimx7wK8SvtvJHLCnMHg6FqJ,10000,,1,in,,system_wallet
nft_gamer,,AGUVZ3gzahjrvU4ik3tCLSkhv5PbLqGbSkQrkddSPaNN,10000,,1,in,,system_wallet
nft_gamer,,BFVhG6EjJvqBsfzEAfQ2uCevnbe9yVFFw4k9p7QnQnBT,10000,,1,in,,system_wallet
nft_gamer,,2MGHS1LXBT5ofeHautzbkEHCqEQLqDHJbV5WWSeqCMsZ,10000,,1,in,,no_account_data
nft_gamer,,Gd6YJYUVwMq9pHS7c4KeabV3V3BgiGLfFjoiPPiFj99j,10000,,1,in,,system_wallet
nft_gamer,,FxgSKBrrpkup6XcKpofuiCXJXmBrJEUMWdqq19EqydED,10000,,1,in,,system_wallet
nft_gamer,,HyxGVDt7sshH7EwJyTzS44r2BijDDuop9jTBCKE5NBvq,10000,,1,in,,system_wallet
nft_gamer,,AyYjnyedpbpfYdgKd14V1sWbBELDqGYvAq81UW55cFCB,10000,,1,in,,no_account_data
nft_gamer,,2UU9TbdLuKmXaqjnkzrqsW64WFegPESYsw1YRdLCdnJV,10000,,1,in,,system_wallet
nft_gamer,,56vv7ie3hyYQ69C9hztmWVvTY8dj6pepwhDQGSW4fVv9,10000,,1,in,,system_wallet
nft_gamer,,8HWUKPLhDcnQFeKQRkuYMAUq4jRtRV4T7eZntBHS1Zr7,10000,,1,in,,no_account_data
nft_gamer,,44Pb5geDxobNmadZR93YHfdfaQ2hsWVaCpXsfhoHhAag,10000,,1,in,,no_account_data
nft_gamer,,6mxGT61UfDRH2QcGChc1TjFGEBRMPYYHPZjXjvtTUmta,10000,,1,in,,no_account_data
nft_gamer,,66j7UWYaQv6pA4r3ohq83xYw7WhMpU4GLmoACLELfqw3,10000,,1,in,,no_account_data
nft_gamer,,6fP9wY975k6MhJDicBeTmjGkP5cg6uBbdn14uM2nRKxR,10000,,1,in,,system_wallet
nft_gamer,,3NgKW4po9SEsTLLevRuYmniGNjUV5b3WXZXRUvD1Eyac,10000,,1,in,,no_account_data
nft_gamer,,4EPtLUKUkVRUqVnUSV6Rk8dJwhdnav3JJSNUsijrgjJu,10000,,1,in,,system_wallet
nft_gamer,,9G8x9ChhNouBTPUBDfgGMYWpWsTnVHgHZFt9MFAhANRz,10000,,1,in,,no_account_data
nft_gamer,,HRi5wzastLSVDjdLyrXFN11kjgd25SrevjtZ5QXsg2K6,10000,,1,in,,no_account_data
nft_gamer,,B4P4miyudoJTSpiuchDJs4HvxhSvyStni49LtEVoYVM,10000,,1,in,,system_wallet
nft_gamer,,G7mXA2PsEqyETzectJZJXMch9SrrC6XXbLJMznMqmVrm,10000,,1,in,,system_wallet
nft_gamer,,AQdxPt65WDvj1K73SvsGfw1gy9UyNuzVyeGpFcDNV3qx,10000,,1,in,,system_wallet
nft_gamer,,43DYWyPKfk9fKtAnJP1zxUikhPAPtDJFjMCPrrbm2KsM,10000,,1,in,,no_account_data
nft_gamer,,2mpByWxv9MnB3DdSpmbxTXkJV9gAjMcxQKVWK3A8RbVD,10000,,1,in,,system_wallet
nft_gamer,,82xJX7MZUVQPxdqoMJureHDarDserqbpsca2eGNvPqD1,10000,,1,in,,system_wallet
nft_gamer,,H5XD5UrHmESkAF9LMBwmKEnJg9TiB1k6NHbXtkptCqUX,10000,,1,in,,system_wallet
nft_gamer,,6vzWU3vib7B9DSGjwq2gUNQAB9SvkiTXmCcyvsUH4R8T,10000,,1,in,,system_wallet
nft_gamer,,BJSzbPhhuukgaZM3Z4kGV5RuouUB5USY2AAaPPHCyWLd,10000,,1,in,,system_wallet
nft_gamer,,6YnPVq6bPk9mpqot2dfJYh7zb4kjmTQ4kzLdmCgXmtUQ,10000,,1,in,,no_account_data
nft_gamer,,ABmzS4PZX3jib1mUf8zn5Y5svAewdq2mqJRjDTMD6SjV,10000,,1,in,,system_wallet
nft_gamer,,2cmimTLPZgacVbJZi4jVKFXEFfLL3tZqnekrkQDW7vMG,10000,,1,in,,no_account_data
nft_gamer,,DUmHRosRc6Jw86SjUm6sc9KEdCBGYnTEYtvutEjsPbgz,10000,,1,in,,no_account_data
nft_gamer,,FhXBESLG8NY71E24H6BE67L2WFGvJhMJMYbCsrwvEooY,10000,,1,in,,system_wallet
nft_gamer,,4CX3KfKjjAzyyabXoKxHjBkffNUr8LaLMgpygDZZzdrB,10000,,1,in,,system_wallet
nft_gamer,,HxJECF9ex7BDDDFW7RjWd51peSDM3Y2aa1y73UHSNht6,10000,,1,in,,no_account_data
nft_gamer,,GG2YixVBCdac7xLcFCmwgoaFp3X4AjQnhDxnctNLefrQ,10000,,1,in,,system_wallet
nft_gamer,,Ef2sbWy7SnkekrewG2DUuKykgLUCpL2KkJLPgWyZ3WcN,10000,,1,in,,system_wallet
nft_gamer,,65GN159z8JUzPrerhm19BADZege4cTjVNrToekNe6EiD,10000,,1,in,,system_wallet
nft_gamer,,DKq1LbMYkWN23xGZRUX5ugahEEESEfiVaUrsvv3de9C3,10000,,1,in,,system_wallet
nft_gamer,,HnPtEh9rEtvbfap1rims1DWnTFyh3JUiMpvG71ZAopZC,10000,,1,in,,system_wallet
