mid,name,gen,hp,atk_mid,axis,loadout,spec,hit_pct,raw,after,drop_mult,taken
0,Ettin,10,1376,40.0,out_magic,bare,0,88,69.1,69,1.0,
0,Ettin,10,1376,40.0,out_magic,MS20,0,88,69.1,69,1.0,
0,Ettin,10,1376,40.0,out_magic,MS22_HR50,0,93,69.1,69,1.0,
0,Ettin,10,1376,40.0,out_magic,MS22_HR91,0,97,69.1,69,1.0,
0,Ettin,10,1376,40.0,out_magic,ZW20,0,88,86.4,86,1.0,
0,Ettin,10,1376,40.0,out_magic,ZW20_HeroMage,0,88,91.4,91,1.0,
0,Ettin,10,1376,40.0,out_magic,bare_HeroMage,0,88,73.1,73,1.0,
0,Ettin,10,1376,40.0,out_phys,bare_hand,0,62,13.0,13,1.0,
0,Ettin,10,1376,40.0,out_phys,LongSword+2,0,62,8.7,9,1.0,
0,Ettin,10,1376,40.0,out_phys,GiantSword,0,62,18.6,19,1.0,
0,Ettin,10,1376,40.0,out_phys,GS_Hero,0,72,23.6,24,1.0,
0,Ettin,10,1376,40.0,out_phys,GS_Hero_NOX,0,82,23.6,24,1.0,
0,Ettin,10,1376,40.0,out_phys,GS_Hero_NOX_Xelima7,0,82,30.6,31,1.0,
0,Ettin,10,1376,40.0,out_phys,GS_Hero_NOX_Abaddon17,0,82,40.6,41,1.0,
0,Ettin,10,1376,40.0,out_phys,GS_full_upg10,0,82,50.6,51,1.0,
0,Ettin,10,1376,40.0,in_phys,naked_PA0,0,,40,,1.0,40
0,Ettin,10,1376,40.0,in_phys,light_PA20,0,,40,,1.0,32
0,Ettin,10,1376,40.0,in_phys,heavy_PA40,0,,40,,1.0,24
0,Ettin,10,1376,40.0,in_phys,heavy_Merien5_PA45,0,,40,,1.0,22
0,Ettin,10,1376,40.0,in_phys,heavy_Merien10_PA50,0,,40,,1.0,20
0,Ettin,10,1376,40.0,in_phys,stack_PA70,0,,40,,1.0,12
0,Ettin,10,1376,40.0,in_phys,cap_PA80,0,,40,,1.0,8
0,Ettin,10,1376,40.0,out_magic,bare,50,88,69.1,70,1.529,
0,Ettin,10,1376,40.0,out_magic,MS20,50,88,69.1,70,1.529,
0,Ettin,10,1376,40.0,out_magic,MS22_HR50,50,93,69.1,70,1.529,
0,Ettin,10,1376,40.0,out_magic,MS22_HR91,50,97,69.1,70,1.529,
0,Ettin,10,1376,40.0,out_magic,ZW20,50,88,86.4,87,1.529,
0,Ettin,10,1376,40.0,out_magic,ZW20_HeroMage,50,88,91.4,92,1.529,
0,Ettin,10,1376,40.0,out_magic,bare_HeroMage,50,88,73.1,74,1.529,
0,Ettin,10,1376,40.0,out_phys,bare_hand,50,62,13.0,14,1.529,
0,Ettin,10,1376,40.0,out_phys,LongSword+2,50,62,8.7,10,1.529,
0,Ettin,10,1376,40.0,out_phys,GiantSword,50,62,18.6,20,1.529,
0,Ettin,10,1376,40.0,out_phys,GS_Hero,50,72,23.6,25,1.529,
0,Ettin,10,1376,40.0,out_phys,GS_Hero_NOX,50,82,23.6,25,1.529,
0,Ettin,10,1376,40.0,out_phys,GS_Hero_NOX_Xelima7,50,82,30.6,32,1.529,
0,Ettin,10,1376,40.0,out_phys,GS_Hero_NOX_Abaddon17,50,82,40.6,42,1.529,
0,Ettin,10,1376,40.0,out_phys,GS_full_upg10,50,82,50.6,52,1.529,
0,Ettin,10,1376,40.0,in_phys,naked_PA0,50,,40,,1.529,39
0,Ettin,10,1376,40.0,in_phys,light_PA20,50,,40,,1.529,32
0,Ettin,10,1376,40.0,in_phys,heavy_PA40,50,,40,,1.529,24
0,Ettin,10,1376,40.0,in_phys,heavy_Merien5_PA45,50,,40,,1.529,22
0,Ettin,10,1376,40.0,in_phys,heavy_Merien10_PA50,50,,40,,1.529,20
0,Ettin,10,1376,40.0,in_phys,stack_PA70,50,,40,,1.529,12
0,Ettin,10,1376,40.0,in_phys,cap_PA80,50,,40,,1.529,8
1,Slime,1,7,2.5,out_magic,bare,0,97,69.1,69,1.0,
1,Slime,1,7,2.5,out_magic,MS20,0,97,69.1,69,1.0,
1,Slime,1,7,2.5,out_magic,MS22_HR50,0,97,69.1,69,1.0,
1,Slime,1,7,2.5,out_magic,MS22_HR91,0,97,69.1,69,1.0,
1,Slime,1,7,2.5,out_magic,ZW20,0,97,86.4,86,1.0,
1,Slime,1,7,2.5,out_magic,ZW20_HeroMage,0,97,91.4,91,1.0,
1,Slime,1,7,2.5,out_magic,bare_HeroMage,0,97,73.1,73,1.0,
1,Slime,1,7,2.5,out_phys,bare_hand,0,89,13.0,13,1.0,
1,Slime,1,7,2.5,out_phys,LongSword+2,0,89,8.7,9,1.0,
1,Slime,1,7,2.5,out_phys,GiantSword,0,89,18.6,19,1.0,
1,Slime,1,7,2.5,out_phys,GS_Hero,0,97,23.6,24,1.0,
1,Slime,1,7,2.5,out_phys,GS_Hero_NOX,0,97,23.6,24,1.0,
1,Slime,1,7,2.5,out_phys,GS_Hero_NOX_Xelima7,0,97,30.6,31,1.0,
1,Slime,1,7,2.5,out_phys,GS_Hero_NOX_Abaddon17,0,97,40.6,41,1.0,
1,Slime,1,7,2.5,out_phys,GS_full_upg10,0,97,50.6,51,1.0,
1,Slime,1,7,2.5,in_phys,naked_PA0,0,,2,,1.0,2
1,Slime,1,7,2.5,in_phys,light_PA20,0,,2,,1.0,2
1,Slime,1,7,2.5,in_phys,heavy_PA40,0,,2,,1.0,2
1,Slime,1,7,2.5,in_phys,heavy_Merien5_PA45,0,,2,,1.0,2
1,Slime,1,7,2.5,in_phys,heavy_Merien10_PA50,0,,2,,1.0,1
1,Slime,1,7,2.5,in_phys,stack_PA70,0,,2,,1.0,1
1,Slime,1,7,2.5,in_phys,cap_PA80,0,,2,,1.0,1
1,Slime,1,7,2.5,out_magic,bare,50,97,69.1,70,1.529,
1,Slime,1,7,2.5,out_magic,MS20,50,97,69.1,70,1.529,
1,Slime,1,7,2.5,out_magic,MS22_HR50,50,97,69.1,70,1.529,
1,Slime,1,7,2.5,out_magic,MS22_HR91,50,97,69.1,70,1.529,
1,Slime,1,7,2.5,out_magic,ZW20,50,97,86.4,87,1.529,
1,Slime,1,7,2.5,out_magic,ZW20_HeroMage,50,97,91.4,92,1.529,
1,Slime,1,7,2.5,out_magic,bare_HeroMage,50,97,73.1,74,1.529,
1,Slime,1,7,2.5,out_phys,bare_hand,50,89,13.0,14,1.529,
1,Slime,1,7,2.5,out_phys,LongSword+2,50,89,8.7,10,1.529,
1,Slime,1,7,2.5,out_phys,GiantSword,50,89,18.6,20,1.529,
1,Slime,1,7,2.5,out_phys,GS_Hero,50,97,23.6,25,1.529,
1,Slime,1,7,2.5,out_phys,GS_Hero_NOX,50,97,23.6,25,1.529,
1,Slime,1,7,2.5,out_phys,GS_Hero_NOX_Xelima7,50,97,30.6,32,1.529,
1,Slime,1,7,2.5,out_phys,GS_Hero_NOX_Abaddon17,50,97,40.6,42,1.529,
1,Slime,1,7,2.5,out_phys,GS_full_upg10,50,97,50.6,52,1.529,
1,Slime,1,7,2.5,in_phys,naked_PA0,50,,2,,1.529,1
1,Slime,1,7,2.5,in_phys,light_PA20,50,,2,,1.529,1
1,Slime,1,7,2.5,in_phys,heavy_PA40,50,,2,,1.529,1
1,Slime,1,7,2.5,in_phys,heavy_Merien5_PA45,50,,2,,1.529,1
1,Slime,1,7,2.5,in_phys,heavy_Merien10_PA50,50,,2,,1.529,1
1,Slime,1,7,2.5,in_phys,stack_PA70,50,,2,,1.529,1
1,Slime,1,7,2.5,in_phys,cap_PA80,50,,2,,1.529,1
2,Ant,1,11,4.0,out_magic,bare,0,97,69.1,69,1.0,
2,Ant,1,11,4.0,out_magic,MS20,0,97,69.1,69,1.0,
2,Ant,1,11,4.0,out_magic,MS22_HR50,0,97,69.1,69,1.0,
2,Ant,1,11,4.0,out_magic,MS22_HR91,0,97,69.1,69,1.0,
2,Ant,1,11,4.0,out_magic,ZW20,0,97,86.4,86,1.0,
2,Ant,1,11,4.0,out_magic,ZW20_HeroMage,0,97,91.4,91,1.0,
2,Ant,1,11,4.0,out_magic,bare_HeroMage,0,97,73.1,73,1.0,
2,Ant,1,11,4.0,out_phys,bare_hand,0,89,13.0,13,1.0,
2,Ant,1,11,4.0,out_phys,LongSword+2,0,89,8.7,9,1.0,
2,Ant,1,11,4.0,out_phys,GiantSword,0,89,18.6,19,1.0,
2,Ant,1,11,4.0,out_phys,GS_Hero,0,97,23.6,24,1.0,
2,Ant,1,11,4.0,out_phys,GS_Hero_NOX,0,97,23.6,24,1.0,
2,Ant,1,11,4.0,out_phys,GS_Hero_NOX_Xelima7,0,97,30.6,31,1.0,
2,Ant,1,11,4.0,out_phys,GS_Hero_NOX_Abaddon17,0,97,40.6,41,1.0,
2,Ant,1,11,4.0,out_phys,GS_full_upg10,0,97,50.6,51,1.0,
2,Ant,1,11,4.0,in_phys,naked_PA0,0,,4,,1.0,4
2,Ant,1,11,4.0,in_phys,light_PA20,0,,4,,1.0,4
2,Ant,1,11,4.0,in_phys,heavy_PA40,0,,4,,1.0,3
2,Ant,1,11,4.0,in_phys,heavy_Merien5_PA45,0,,4,,1.0,3
2,Ant,1,11,4.0,in_phys,heavy_Merien10_PA50,0,,4,,1.0,2
2,Ant,1,11,4.0,in_phys,stack_PA70,0,,4,,1.0,2
2,Ant,1,11,4.0,in_phys,cap_PA80,0,,4,,1.0,1
2,Ant,1,11,4.0,out_magic,bare,50,97,69.1,70,1.529,
2,Ant,1,11,4.0,out_magic,MS20,50,97,69.1,70,1.529,
2,Ant,1,11,4.0,out_magic,MS22_HR50,50,97,69.1,70,1.529,
2,Ant,1,11,4.0,out_magic,MS22_HR91,50,97,69.1,70,1.529,
2,Ant,1,11,4.0,out_magic,ZW20,50,97,86.4,87,1.529,
2,Ant,1,11,4.0,out_magic,ZW20_HeroMage,50,97,91.4,92,1.529,
2,Ant,1,11,4.0,out_magic,bare_HeroMage,50,97,73.1,74,1.529,
2,Ant,1,11,4.0,out_phys,bare_hand,50,89,13.0,14,1.529,
2,Ant,1,11,4.0,out_phys,LongSword+2,50,89,8.7,10,1.529,
2,Ant,1,11,4.0,out_phys,GiantSword,50,89,18.6,20,1.529,
2,Ant,1,11,4.0,out_phys,GS_Hero,50,97,23.6,25,1.529,
2,Ant,1,11,4.0,out_phys,GS_Hero_NOX,50,97,23.6,25,1.529,
2,Ant,1,11,4.0,out_phys,GS_Hero_NOX_Xelima7,50,97,30.6,32,1.529,
2,Ant,1,11,4.0,out_phys,GS_Hero_NOX_Abaddon17,50,97,40.6,42,1.529,
2,Ant,1,11,4.0,out_phys,GS_full_upg10,50,97,50.6,52,1.529,
2,Ant,1,11,4.0,in_phys,naked_PA0,50,,4,,1.529,3
2,Ant,1,11,4.0,in_phys,light_PA20,50,,4,,1.529,3
2,Ant,1,11,4.0,in_phys,heavy_PA40,50,,4,,1.529,2
2,Ant,1,11,4.0,in_phys,heavy_Merien5_PA45,50,,4,,1.529,2
2,Ant,1,11,4.0,in_phys,heavy_Merien10_PA50,50,,4,,1.529,2
2,Ant,1,11,4.0,in_phys,stack_PA70,50,,4,,1.529,1
2,Ant,1,11,4.0,in_phys,cap_PA80,50,,4,,1.529,1
3,Snake,1,14,5.0,out_magic,bare,0,97,69.1,69,1.0,
3,Snake,1,14,5.0,out_magic,MS20,0,97,69.1,69,1.0,
3,Snake,1,14,5.0,out_magic,MS22_HR50,0,97,69.1,69,1.0,
3,Snake,1,14,5.0,out_magic,MS22_HR91,0,97,69.1,69,1.0,
3,Snake,1,14,5.0,out_magic,ZW20,0,97,86.4,86,1.0,
3,Snake,1,14,5.0,out_magic,ZW20_HeroMage,0,97,91.4,91,1.0,
3,Snake,1,14,5.0,out_magic,bare_HeroMage,0,97,73.1,73,1.0,
3,Snake,1,14,5.0,out_phys,bare_hand,0,89,13.0,13,1.0,
3,Snake,1,14,5.0,out_phys,LongSword+2,0,89,8.7,9,1.0,
3,Snake,1,14,5.0,out_phys,GiantSword,0,89,18.6,19,1.0,
3,Snake,1,14,5.0,out_phys,GS_Hero,0,97,23.6,24,1.0,
3,Snake,1,14,5.0,out_phys,GS_Hero_NOX,0,97,23.6,24,1.0,
3,Snake,1,14,5.0,out_phys,GS_Hero_NOX_Xelima7,0,97,30.6,31,1.0,
3,Snake,1,14,5.0,out_phys,GS_Hero_NOX_Abaddon17,0,97,40.6,41,1.0,
3,Snake,1,14,5.0,out_phys,GS_full_upg10,0,97,50.6,51,1.0,
3,Snake,1,14,5.0,in_phys,naked_PA0,0,,5,,1.0,5
3,Snake,1,14,5.0,in_phys,light_PA20,0,,5,,1.0,4
3,Snake,1,14,5.0,in_phys,heavy_PA40,0,,5,,1.0,3
3,Snake,1,14,5.0,in_phys,heavy_Merien5_PA45,0,,5,,1.0,3
3,Snake,1,14,5.0,in_phys,heavy_Merien10_PA50,0,,5,,1.0,3
3,Snake,1,14,5.0,in_phys,stack_PA70,0,,5,,1.0,2
3,Snake,1,14,5.0,in_phys,cap_PA80,0,,5,,1.0,1
3,Snake,1,14,5.0,out_magic,bare,50,97,69.1,70,1.529,
3,Snake,1,14,5.0,out_magic,MS20,50,97,69.1,70,1.529,
3,Snake,1,14,5.0,out_magic,MS22_HR50,50,97,69.1,70,1.529,
3,Snake,1,14,5.0,out_magic,MS22_HR91,50,97,69.1,70,1.529,
3,Snake,1,14,5.0,out_magic,ZW20,50,97,86.4,87,1.529,
3,Snake,1,14,5.0,out_magic,ZW20_HeroMage,50,97,91.4,92,1.529,
3,Snake,1,14,5.0,out_magic,bare_HeroMage,50,97,73.1,74,1.529,
3,Snake,1,14,5.0,out_phys,bare_hand,50,89,13.0,14,1.529,
3,Snake,1,14,5.0,out_phys,LongSword+2,50,89,8.7,10,1.529,
3,Snake,1,14,5.0,out_phys,GiantSword,50,89,18.6,20,1.529,
3,Snake,1,14,5.0,out_phys,GS_Hero,50,97,23.6,25,1.529,
3,Snake,1,14,5.0,out_phys,GS_Hero_NOX,50,97,23.6,25,1.529,
3,Snake,1,14,5.0,out_phys,GS_Hero_NOX_Xelima7,50,97,30.6,32,1.529,
3,Snake,1,14,5.0,out_phys,GS_Hero_NOX_Abaddon17,50,97,40.6,42,1.529,
3,Snake,1,14,5.0,out_phys,GS_full_upg10,50,97,50.6,52,1.529,
3,Snake,1,14,5.0,in_phys,naked_PA0,50,,5,,1.529,4
3,Snake,1,14,5.0,in_phys,light_PA20,50,,5,,1.529,4
3,Snake,1,14,5.0,in_phys,heavy_PA40,50,,5,,1.529,3
3,Snake,1,14,5.0,in_phys,heavy_Merien5_PA45,50,,5,,1.529,3
3,Snake,1,14,5.0,in_phys,heavy_Merien10_PA50,50,,5,,1.529,2
3,Snake,1,14,5.0,in_phys,stack_PA70,50,,5,,1.529,2
3,Snake,1,14,5.0,in_phys,cap_PA80,50,,5,,1.529,1
4,Armored Battle Steed,0,0,5.0,out_magic,bare,0,97,69.1,69,1.0,
4,Armored Battle Steed,0,0,5.0,out_magic,MS20,0,97,69.1,69,1.0,
4,Armored Battle Steed,0,0,5.0,out_magic,MS22_HR50,0,97,69.1,69,1.0,
4,Armored Battle Steed,0,0,5.0,out_magic,MS22_HR91,0,97,69.1,69,1.0,
4,Armored Battle Steed,0,0,5.0,out_magic,ZW20,0,97,86.4,86,1.0,
4,Armored Battle Steed,0,0,5.0,out_magic,ZW20_HeroMage,0,97,91.4,91,1.0,
4,Armored Battle Steed,0,0,5.0,out_magic,bare_HeroMage,0,97,73.1,73,1.0,
4,Armored Battle Steed,0,0,5.0,out_phys,bare_hand,0,77,13.0,13,1.0,
4,Armored Battle Steed,0,0,5.0,out_phys,LongSword+2,0,77,8.7,9,1.0,
4,Armored Battle Steed,0,0,5.0,out_phys,GiantSword,0,77,18.6,19,1.0,
4,Armored Battle Steed,0,0,5.0,out_phys,GS_Hero,0,87,23.6,24,1.0,
4,Armored Battle Steed,0,0,5.0,out_phys,GS_Hero_NOX,0,97,23.6,24,1.0,
4,Armored Battle Steed,0,0,5.0,out_phys,GS_Hero_NOX_Xelima7,0,97,30.6,31,1.0,
4,Armored Battle Steed,0,0,5.0,out_phys,GS_Hero_NOX_Abaddon17,0,97,40.6,41,1.0,
4,Armored Battle Steed,0,0,5.0,out_phys,GS_full_upg10,0,97,50.6,51,1.0,
4,Armored Battle Steed,0,0,5.0,in_phys,naked_PA0,0,,5,,1.0,5
4,Armored Battle Steed,0,0,5.0,in_phys,light_PA20,0,,5,,1.0,4
4,Armored Battle Steed,0,0,5.0,in_phys,heavy_PA40,0,,5,,1.0,3
4,Armored Battle Steed,0,0,5.0,in_phys,heavy_Merien5_PA45,0,,5,,1.0,3
4,Armored Battle Steed,0,0,5.0,in_phys,heavy_Merien10_PA50,0,,5,,1.0,3
4,Armored Battle Steed,0,0,5.0,in_phys,stack_PA70,0,,5,,1.0,2
4,Armored Battle Steed,0,0,5.0,in_phys,cap_PA80,0,,5,,1.0,1
4,Armored Battle Steed,0,0,5.0,out_magic,bare,50,97,69.1,70,1.524,
4,Armored Battle Steed,0,0,5.0,out_magic,MS20,50,97,69.1,70,1.524,
4,Armored Battle Steed,0,0,5.0,out_magic,MS22_HR50,50,97,69.1,70,1.524,
4,Armored Battle Steed,0,0,5.0,out_magic,MS22_HR91,50,97,69.1,70,1.524,
4,Armored Battle Steed,0,0,5.0,out_magic,ZW20,50,97,86.4,87,1.524,
4,Armored Battle Steed,0,0,5.0,out_magic,ZW20_HeroMage,50,97,91.4,92,1.524,
4,Armored Battle Steed,0,0,5.0,out_magic,bare_HeroMage,50,97,73.1,74,1.524,
4,Armored Battle Steed,0,0,5.0,out_phys,bare_hand,50,79,13.0,14,1.524,
4,Armored Battle Steed,0,0,5.0,out_phys,LongSword+2,50,79,8.7,10,1.524,
4,Armored Battle Steed,0,0,5.0,out_phys,GiantSword,50,79,18.6,20,1.524,
4,Armored Battle Steed,0,0,5.0,out_phys,GS_Hero,50,89,23.6,25,1.524,
4,Armored Battle Steed,0,0,5.0,out_phys,GS_Hero_NOX,50,97,23.6,25,1.524,
4,Armored Battle Steed,0,0,5.0,out_phys,GS_Hero_NOX_Xelima7,50,97,30.6,32,1.524,
4,Armored Battle Steed,0,0,5.0,out_phys,GS_Hero_NOX_Abaddon17,50,97,40.6,42,1.524,
4,Armored Battle Steed,0,0,5.0,out_phys,GS_full_upg10,50,97,50.6,52,1.524,
4,Armored Battle Steed,0,0,5.0,in_phys,naked_PA0,50,,5,,1.524,4
4,Armored Battle Steed,0,0,5.0,in_phys,light_PA20,50,,5,,1.524,4
4,Armored Battle Steed,0,0,5.0,in_phys,heavy_PA40,50,,5,,1.524,3
4,Armored Battle Steed,0,0,5.0,in_phys,heavy_Merien5_PA45,50,,5,,1.524,3
4,Armored Battle Steed,0,0,5.0,in_phys,heavy_Merien10_PA50,50,,5,,1.524,2
4,Armored Battle Steed,0,0,5.0,in_phys,stack_PA70,50,,5,,1.524,2
4,Armored Battle Steed,0,0,5.0,in_phys,cap_PA80,50,,5,,1.524,1
5,Dragon,7,2751,49.5,out_magic,bare,0,78,69.1,69,1.0,
5,Dragon,7,2751,49.5,out_magic,MS20,0,78,69.1,69,1.0,
5,Dragon,7,2751,49.5,out_magic,MS22_HR50,0,83,69.1,69,1.0,
5,Dragon,7,2751,49.5,out_magic,MS22_HR91,0,87,69.1,69,1.0,
5,Dragon,7,2751,49.5,out_magic,ZW20,0,78,86.4,86,1.0,
5,Dragon,7,2751,49.5,out_magic,ZW20_HeroMage,0,78,91.4,91,1.0,
5,Dragon,7,2751,49.5,out_magic,bare_HeroMage,0,78,73.1,73,1.0,
5,Dragon,7,2751,49.5,out_phys,bare_hand,0,71,13.0,13,1.0,
5,Dragon,7,2751,49.5,out_phys,LongSword+2,0,71,8.7,9,1.0,
5,Dragon,7,2751,49.5,out_phys,GiantSword,0,71,18.6,19,1.0,
5,Dragon,7,2751,49.5,out_phys,GS_Hero,0,81,23.6,24,1.0,
5,Dragon,7,2751,49.5,out_phys,GS_Hero_NOX,0,91,23.6,24,1.0,
5,Dragon,7,2751,49.5,out_phys,GS_Hero_NOX_Xelima7,0,91,30.6,31,1.0,
5,Dragon,7,2751,49.5,out_phys,GS_Hero_NOX_Abaddon17,0,91,40.6,41,1.0,
5,Dragon,7,2751,49.5,out_phys,GS_full_upg10,0,91,50.6,51,1.0,
5,Dragon,7,2751,49.5,in_phys,naked_PA0,0,,50,,1.0,50
5,Dragon,7,2751,49.5,in_phys,light_PA20,0,,50,,1.0,40
5,Dragon,7,2751,49.5,in_phys,heavy_PA40,0,,50,,1.0,30
5,Dragon,7,2751,49.5,in_phys,heavy_Merien5_PA45,0,,50,,1.0,28
5,Dragon,7,2751,49.5,in_phys,heavy_Merien10_PA50,0,,50,,1.0,25
5,Dragon,7,2751,49.5,in_phys,stack_PA70,0,,50,,1.0,15
5,Dragon,7,2751,49.5,in_phys,cap_PA80,0,,50,,1.0,10
5,Dragon,7,2751,49.5,out_magic,bare,50,80,69.1,71,1.519,
5,Dragon,7,2751,49.5,out_magic,MS20,50,80,69.1,71,1.519,
5,Dragon,7,2751,49.5,out_magic,MS22_HR50,50,85,69.1,71,1.519,
5,Dragon,7,2751,49.5,out_magic,MS22_HR91,50,89,69.1,71,1.519,
5,Dragon,7,2751,49.5,out_magic,ZW20,50,80,86.4,89,1.519,
5,Dragon,7,2751,49.5,out_magic,ZW20_HeroMage,50,80,91.4,94,1.519,
5,Dragon,7,2751,49.5,out_magic,bare_HeroMage,50,80,73.1,75,1.519,
5,Dragon,7,2751,49.5,out_phys,bare_hand,50,73,13.0,14,1.519,
5,Dragon,7,2751,49.5,out_phys,LongSword+2,50,73,8.7,10,1.519,
5,Dragon,7,2751,49.5,out_phys,GiantSword,50,73,18.6,20,1.519,
5,Dragon,7,2751,49.5,out_phys,GS_Hero,50,83,23.6,26,1.519,
5,Dragon,7,2751,49.5,out_phys,GS_Hero_NOX,50,93,23.6,26,1.519,
5,Dragon,7,2751,49.5,out_phys,GS_Hero_NOX_Xelima7,50,93,30.6,33,1.519,
5,Dragon,7,2751,49.5,out_phys,GS_Hero_NOX_Abaddon17,50,93,40.6,43,1.519,
5,Dragon,7,2751,49.5,out_phys,GS_full_upg10,50,93,50.6,53,1.519,
5,Dragon,7,2751,49.5,in_phys,naked_PA0,50,,50,,1.519,49
5,Dragon,7,2751,49.5,in_phys,light_PA20,50,,50,,1.519,40
5,Dragon,7,2751,49.5,in_phys,heavy_PA40,50,,50,,1.519,30
5,Dragon,7,2751,49.5,in_phys,heavy_Merien5_PA45,50,,50,,1.519,27
5,Dragon,7,2751,49.5,in_phys,heavy_Merien10_PA50,50,,50,,1.519,25
5,Dragon,7,2751,49.5,in_phys,stack_PA70,50,,50,,1.519,15
5,Dragon,7,2751,49.5,in_phys,cap_PA80,50,,50,,1.519,10
6,Bunny,0,14,3.0,out_magic,bare,0,97,69.1,69,1.0,
6,Bunny,0,14,3.0,out_magic,MS20,0,97,69.1,69,1.0,
6,Bunny,0,14,3.0,out_magic,MS22_HR50,0,97,69.1,69,1.0,
6,Bunny,0,14,3.0,out_magic,MS22_HR91,0,97,69.1,69,1.0,
6,Bunny,0,14,3.0,out_magic,ZW20,0,97,86.4,86,1.0,
6,Bunny,0,14,3.0,out_magic,ZW20_HeroMage,0,97,91.4,91,1.0,
6,Bunny,0,14,3.0,out_magic,bare_HeroMage,0,97,73.1,73,1.0,
6,Bunny,0,14,3.0,out_phys,bare_hand,0,77,13.0,13,1.0,
6,Bunny,0,14,3.0,out_phys,LongSword+2,0,77,8.7,9,1.0,
6,Bunny,0,14,3.0,out_phys,GiantSword,0,77,18.6,19,1.0,
6,Bunny,0,14,3.0,out_phys,GS_Hero,0,87,23.6,24,1.0,
6,Bunny,0,14,3.0,out_phys,GS_Hero_NOX,0,97,23.6,24,1.0,
6,Bunny,0,14,3.0,out_phys,GS_Hero_NOX_Xelima7,0,97,30.6,31,1.0,
6,Bunny,0,14,3.0,out_phys,GS_Hero_NOX_Abaddon17,0,97,40.6,41,1.0,
6,Bunny,0,14,3.0,out_phys,GS_full_upg10,0,97,50.6,51,1.0,
6,Bunny,0,14,3.0,in_phys,naked_PA0,0,,3,,1.0,3
6,Bunny,0,14,3.0,in_phys,light_PA20,0,,3,,1.0,3
6,Bunny,0,14,3.0,in_phys,heavy_PA40,0,,3,,1.0,2
6,Bunny,0,14,3.0,in_phys,heavy_Merien5_PA45,0,,3,,1.0,2
6,Bunny,0,14,3.0,in_phys,heavy_Merien10_PA50,0,,3,,1.0,2
6,Bunny,0,14,3.0,in_phys,stack_PA70,0,,3,,1.0,1
6,Bunny,0,14,3.0,in_phys,cap_PA80,0,,3,,1.0,1
6,Bunny,0,14,3.0,out_magic,bare,50,97,69.1,70,1.534,
6,Bunny,0,14,3.0,out_magic,MS20,50,97,69.1,70,1.534,
6,Bunny,0,14,3.0,out_magic,MS22_HR50,50,97,69.1,70,1.534,
6,Bunny,0,14,3.0,out_magic,MS22_HR91,50,97,69.1,70,1.534,
6,Bunny,0,14,3.0,out_magic,ZW20,50,97,86.4,87,1.534,
6,Bunny,0,14,3.0,out_magic,ZW20_HeroMage,50,97,91.4,92,1.534,
6,Bunny,0,14,3.0,out_magic,bare_HeroMage,50,97,73.1,74,1.534,
6,Bunny,0,14,3.0,out_phys,bare_hand,50,77,13.0,14,1.534,
6,Bunny,0,14,3.0,out_phys,LongSword+2,50,77,8.7,10,1.534,
6,Bunny,0,14,3.0,out_phys,GiantSword,50,77,18.6,20,1.534,
6,Bunny,0,14,3.0,out_phys,GS_Hero,50,87,23.6,25,1.534,
6,Bunny,0,14,3.0,out_phys,GS_Hero_NOX,50,97,23.6,25,1.534,
6,Bunny,0,14,3.0,out_phys,GS_Hero_NOX_Xelima7,50,97,30.6,32,1.534,
6,Bunny,0,14,3.0,out_phys,GS_Hero_NOX_Abaddon17,50,97,40.6,42,1.534,
6,Bunny,0,14,3.0,out_phys,GS_full_upg10,50,97,50.6,52,1.534,
6,Bunny,0,14,3.0,in_phys,naked_PA0,50,,3,,1.534,3
6,Bunny,0,14,3.0,in_phys,light_PA20,50,,3,,1.534,3
6,Bunny,0,14,3.0,in_phys,heavy_PA40,50,,3,,1.534,2
6,Bunny,0,14,3.0,in_phys,heavy_Merien5_PA45,50,,3,,1.534,2
6,Bunny,0,14,3.0,in_phys,heavy_Merien10_PA50,50,,3,,1.534,2
6,Bunny,0,14,3.0,in_phys,stack_PA70,50,,3,,1.534,1
6,Bunny,0,14,3.0,in_phys,cap_PA80,50,,3,,1.534,1
7,Beholder,5,551,36.0,out_magic,bare,0,78,69.1,69,1.0,
7,Beholder,5,551,36.0,out_magic,MS20,0,78,69.1,69,1.0,
7,Beholder,5,551,36.0,out_magic,MS22_HR50,0,83,69.1,69,1.0,
7,Beholder,5,551,36.0,out_magic,MS22_HR91,0,87,69.1,69,1.0,
7,Beholder,5,551,36.0,out_magic,ZW20,0,78,86.4,86,1.0,
7,Beholder,5,551,36.0,out_magic,ZW20_HeroMage,0,78,91.4,91,1.0,
7,Beholder,5,551,36.0,out_magic,bare_HeroMage,0,78,73.1,73,1.0,
7,Beholder,5,551,36.0,out_phys,bare_hand,0,77,13.0,13,1.0,
7,Beholder,5,551,36.0,out_phys,LongSword+2,0,77,8.7,9,1.0,
7,Beholder,5,551,36.0,out_phys,GiantSword,0,77,18.6,19,1.0,
7,Beholder,5,551,36.0,out_phys,GS_Hero,0,87,23.6,24,1.0,
7,Beholder,5,551,36.0,out_phys,GS_Hero_NOX,0,97,23.6,24,1.0,
7,Beholder,5,551,36.0,out_phys,GS_Hero_NOX_Xelima7,0,97,30.6,31,1.0,
7,Beholder,5,551,36.0,out_phys,GS_Hero_NOX_Abaddon17,0,97,40.6,41,1.0,
7,Beholder,5,551,36.0,out_phys,GS_full_upg10,0,97,50.6,51,1.0,
7,Beholder,5,551,36.0,in_phys,naked_PA0,0,,36,,1.0,36
7,Beholder,5,551,36.0,in_phys,light_PA20,0,,36,,1.0,29
7,Beholder,5,551,36.0,in_phys,heavy_PA40,0,,36,,1.0,22
7,Beholder,5,551,36.0,in_phys,heavy_Merien5_PA45,0,,36,,1.0,20
7,Beholder,5,551,36.0,in_phys,heavy_Merien10_PA50,0,,36,,1.0,18
7,Beholder,5,551,36.0,in_phys,stack_PA70,0,,36,,1.0,11
7,Beholder,5,551,36.0,in_phys,cap_PA80,0,,36,,1.0,8
7,Beholder,5,551,36.0,out_magic,bare,50,80,69.1,70,1.524,
7,Beholder,5,551,36.0,out_magic,MS20,50,80,69.1,70,1.524,
7,Beholder,5,551,36.0,out_magic,MS22_HR50,50,85,69.1,70,1.524,
7,Beholder,5,551,36.0,out_magic,MS22_HR91,50,89,69.1,70,1.524,
7,Beholder,5,551,36.0,out_magic,ZW20,50,80,86.4,88,1.524,
7,Beholder,5,551,36.0,out_magic,ZW20_HeroMage,50,80,91.4,93,1.524,
7,Beholder,5,551,36.0,out_magic,bare_HeroMage,50,80,73.1,74,1.524,
7,Beholder,5,551,36.0,out_phys,bare_hand,50,79,13.0,13,1.524,
7,Beholder,5,551,36.0,out_phys,LongSword+2,50,79,8.7,9,1.524,
7,Beholder,5,551,36.0,out_phys,GiantSword,50,79,18.6,19,1.524,
7,Beholder,5,551,36.0,out_phys,GS_Hero,50,89,23.6,24,1.524,
7,Beholder,5,551,36.0,out_phys,GS_Hero_NOX,50,97,23.6,24,1.524,
7,Beholder,5,551,36.0,out_phys,GS_Hero_NOX_Xelima7,50,97,30.6,32,1.524,
7,Beholder,5,551,36.0,out_phys,GS_Hero_NOX_Abaddon17,50,97,40.6,42,1.524,
7,Beholder,5,551,36.0,out_phys,GS_full_upg10,50,97,50.6,52,1.524,
7,Beholder,5,551,36.0,in_phys,naked_PA0,50,,36,,1.524,35
7,Beholder,5,551,36.0,in_phys,light_PA20,50,,36,,1.524,28
7,Beholder,5,551,36.0,in_phys,heavy_PA40,50,,36,,1.524,21
7,Beholder,5,551,36.0,in_phys,heavy_Merien5_PA45,50,,36,,1.524,20
7,Beholder,5,551,36.0,in_phys,heavy_Merien10_PA50,50,,36,,1.524,18
7,Beholder,5,551,36.0,in_phys,stack_PA70,50,,36,,1.524,11
7,Beholder,5,551,36.0,in_phys,cap_PA80,50,,36,,1.524,7
8,Battle Golem,0,0,5.0,out_magic,bare,0,97,69.1,69,1.0,
8,Battle Golem,0,0,5.0,out_magic,MS20,0,97,69.1,69,1.0,
8,Battle Golem,0,0,5.0,out_magic,MS22_HR50,0,97,69.1,69,1.0,
8,Battle Golem,0,0,5.0,out_magic,MS22_HR91,0,97,69.1,69,1.0,
8,Battle Golem,0,0,5.0,out_magic,ZW20,0,97,86.4,86,1.0,
8,Battle Golem,0,0,5.0,out_magic,ZW20_HeroMage,0,97,91.4,91,1.0,
8,Battle Golem,0,0,5.0,out_magic,bare_HeroMage,0,97,73.1,73,1.0,
8,Battle Golem,0,0,5.0,out_phys,bare_hand,0,77,13.0,13,1.0,
8,Battle Golem,0,0,5.0,out_phys,LongSword+2,0,77,8.7,9,1.0,
8,Battle Golem,0,0,5.0,out_phys,GiantSword,0,77,18.6,19,1.0,
8,Battle Golem,0,0,5.0,out_phys,GS_Hero,0,87,23.6,24,1.0,
8,Battle Golem,0,0,5.0,out_phys,GS_Hero_NOX,0,97,23.6,24,1.0,
8,Battle Golem,0,0,5.0,out_phys,GS_Hero_NOX_Xelima7,0,97,30.6,31,1.0,
8,Battle Golem,0,0,5.0,out_phys,GS_Hero_NOX_Abaddon17,0,97,40.6,41,1.0,
8,Battle Golem,0,0,5.0,out_phys,GS_full_upg10,0,97,50.6,51,1.0,
8,Battle Golem,0,0,5.0,in_phys,naked_PA0,0,,5,,1.0,5
8,Battle Golem,0,0,5.0,in_phys,light_PA20,0,,5,,1.0,4
8,Battle Golem,0,0,5.0,in_phys,heavy_PA40,0,,5,,1.0,3
8,Battle Golem,0,0,5.0,in_phys,heavy_Merien5_PA45,0,,5,,1.0,3
8,Battle Golem,0,0,5.0,in_phys,heavy_Merien10_PA50,0,,5,,1.0,3
8,Battle Golem,0,0,5.0,in_phys,stack_PA70,0,,5,,1.0,2
8,Battle Golem,0,0,5.0,in_phys,cap_PA80,0,,5,,1.0,1
8,Battle Golem,0,0,5.0,out_magic,bare,50,97,69.1,70,1.524,
8,Battle Golem,0,0,5.0,out_magic,MS20,50,97,69.1,70,1.524,
8,Battle Golem,0,0,5.0,out_magic,MS22_HR50,50,97,69.1,70,1.524,
8,Battle Golem,0,0,5.0,out_magic,MS22_HR91,50,97,69.1,70,1.524,
8,Battle Golem,0,0,5.0,out_magic,ZW20,50,97,86.4,88,1.524,
8,Battle Golem,0,0,5.0,out_magic,ZW20_HeroMage,50,97,91.4,93,1.524,
8,Battle Golem,0,0,5.0,out_magic,bare_HeroMage,50,97,73.1,74,1.524,
8,Battle Golem,0,0,5.0,out_phys,bare_hand,50,79,13.0,13,1.524,
8,Battle Golem,0,0,5.0,out_phys,LongSword+2,50,79,8.7,9,1.524,
8,Battle Golem,0,0,5.0,out_phys,GiantSword,50,79,18.6,19,1.524,
8,Battle Golem,0,0,5.0,out_phys,GS_Hero,50,89,23.6,24,1.524,
8,Battle Golem,0,0,5.0,out_phys,GS_Hero_NOX,50,97,23.6,24,1.524,
8,Battle Golem,0,0,5.0,out_phys,GS_Hero_NOX_Xelima7,50,97,30.6,32,1.524,
8,Battle Golem,0,0,5.0,out_phys,GS_Hero_NOX_Abaddon17,50,97,40.6,42,1.524,
8,Battle Golem,0,0,5.0,out_phys,GS_full_upg10,50,97,50.6,52,1.524,
8,Battle Golem,0,0,5.0,in_phys,naked_PA0,50,,5,,1.524,4
8,Battle Golem,0,0,5.0,in_phys,light_PA20,50,,5,,1.524,4
8,Battle Golem,0,0,5.0,in_phys,heavy_PA40,50,,5,,1.524,3
8,Battle Golem,0,0,5.0,in_phys,heavy_Merien5_PA45,50,,5,,1.524,3
8,Battle Golem,0,0,5.0,in_phys,heavy_Merien10_PA50,50,,5,,1.524,2
8,Battle Golem,0,0,5.0,in_phys,stack_PA70,50,,5,,1.524,2
8,Battle Golem,0,0,5.0,in_phys,cap_PA80,50,,5,,1.524,1
9,Cannibal Plant,5,578,36.0,out_magic,bare,0,78,69.1,69,1.0,
9,Cannibal Plant,5,578,36.0,out_magic,MS20,0,78,69.1,69,1.0,
9,Cannibal Plant,5,578,36.0,out_magic,MS22_HR50,0,83,69.1,69,1.0,
9,Cannibal Plant,5,578,36.0,out_magic,MS22_HR91,0,87,69.1,69,1.0,
9,Cannibal Plant,5,578,36.0,out_magic,ZW20,0,78,86.4,86,1.0,
9,Cannibal Plant,5,578,36.0,out_magic,ZW20_HeroMage,0,78,91.4,91,1.0,
9,Cannibal Plant,5,578,36.0,out_magic,bare_HeroMage,0,78,73.1,73,1.0,
9,Cannibal Plant,5,578,36.0,out_phys,bare_hand,0,77,13.0,13,1.0,
9,Cannibal Plant,5,578,36.0,out_phys,LongSword+2,0,77,8.7,9,1.0,
9,Cannibal Plant,5,578,36.0,out_phys,GiantSword,0,77,18.6,19,1.0,
9,Cannibal Plant,5,578,36.0,out_phys,GS_Hero,0,87,23.6,24,1.0,
9,Cannibal Plant,5,578,36.0,out_phys,GS_Hero_NOX,0,97,23.6,24,1.0,
9,Cannibal Plant,5,578,36.0,out_phys,GS_Hero_NOX_Xelima7,0,97,30.6,31,1.0,
9,Cannibal Plant,5,578,36.0,out_phys,GS_Hero_NOX_Abaddon17,0,97,40.6,41,1.0,
9,Cannibal Plant,5,578,36.0,out_phys,GS_full_upg10,0,97,50.6,51,1.0,
9,Cannibal Plant,5,578,36.0,in_phys,naked_PA0,0,,36,,1.0,36
9,Cannibal Plant,5,578,36.0,in_phys,light_PA20,0,,36,,1.0,29
9,Cannibal Plant,5,578,36.0,in_phys,heavy_PA40,0,,36,,1.0,22
9,Cannibal Plant,5,578,36.0,in_phys,heavy_Merien5_PA45,0,,36,,1.0,20
9,Cannibal Plant,5,578,36.0,in_phys,heavy_Merien10_PA50,0,,36,,1.0,18
9,Cannibal Plant,5,578,36.0,in_phys,stack_PA70,0,,36,,1.0,11
9,Cannibal Plant,5,578,36.0,in_phys,cap_PA80,0,,36,,1.0,8
9,Cannibal Plant,5,578,36.0,out_magic,bare,50,80,69.1,70,1.524,
9,Cannibal Plant,5,578,36.0,out_magic,MS20,50,80,69.1,70,1.524,
9,Cannibal Plant,5,578,36.0,out_magic,MS22_HR50,50,85,69.1,70,1.524,
9,Cannibal Plant,5,578,36.0,out_magic,MS22_HR91,50,89,69.1,70,1.524,
9,Cannibal Plant,5,578,36.0,out_magic,ZW20,50,80,86.4,88,1.524,
9,Cannibal Plant,5,578,36.0,out_magic,ZW20_HeroMage,50,80,91.4,93,1.524,
9,Cannibal Plant,5,578,36.0,out_magic,bare_HeroMage,50,80,73.1,74,1.524,
9,Cannibal Plant,5,578,36.0,out_phys,bare_hand,50,79,13.0,13,1.524,
9,Cannibal Plant,5,578,36.0,out_phys,LongSword+2,50,79,8.7,9,1.524,
9,Cannibal Plant,5,578,36.0,out_phys,GiantSword,50,79,18.6,19,1.524,
9,Cannibal Plant,5,578,36.0,out_phys,GS_Hero,50,89,23.6,24,1.524,
9,Cannibal Plant,5,578,36.0,out_phys,GS_Hero_NOX,50,97,23.6,24,1.524,
9,Cannibal Plant,5,578,36.0,out_phys,GS_Hero_NOX_Xelima7,50,97,30.6,32,1.524,
9,Cannibal Plant,5,578,36.0,out_phys,GS_Hero_NOX_Abaddon17,50,97,40.6,42,1.524,
9,Cannibal Plant,5,578,36.0,out_phys,GS_full_upg10,50,97,50.6,52,1.524,
9,Cannibal Plant,5,578,36.0,in_phys,naked_PA0,50,,36,,1.524,35
9,Cannibal Plant,5,578,36.0,in_phys,light_PA20,50,,36,,1.524,28
9,Cannibal Plant,5,578,36.0,in_phys,heavy_PA40,50,,36,,1.524,21
9,Cannibal Plant,5,578,36.0,in_phys,heavy_Merien5_PA45,50,,36,,1.524,20
9,Cannibal Plant,5,578,36.0,in_phys,heavy_Merien10_PA50,50,,36,,1.524,18
9,Cannibal Plant,5,578,36.0,in_phys,stack_PA70,50,,36,,1.524,11
9,Cannibal Plant,5,578,36.0,in_phys,cap_PA80,50,,36,,1.524,7
10,Cat,0,14,5.0,out_magic,bare,0,97,69.1,69,1.0,
10,Cat,0,14,5.0,out_magic,MS20,0,97,69.1,69,1.0,
10,Cat,0,14,5.0,out_magic,MS22_HR50,0,97,69.1,69,1.0,
10,Cat,0,14,5.0,out_magic,MS22_HR91,0,97,69.1,69,1.0,
10,Cat,0,14,5.0,out_magic,ZW20,0,97,86.4,86,1.0,
10,Cat,0,14,5.0,out_magic,ZW20_HeroMage,0,97,91.4,91,1.0,
10,Cat,0,14,5.0,out_magic,bare_HeroMage,0,97,73.1,73,1.0,
10,Cat,0,14,5.0,out_phys,bare_hand,0,77,13.0,13,1.0,
10,Cat,0,14,5.0,out_phys,LongSword+2,0,77,8.7,9,1.0,
10,Cat,0,14,5.0,out_phys,GiantSword,0,77,18.6,19,1.0,
10,Cat,0,14,5.0,out_phys,GS_Hero,0,87,23.6,24,1.0,
10,Cat,0,14,5.0,out_phys,GS_Hero_NOX,0,97,23.6,24,1.0,
10,Cat,0,14,5.0,out_phys,GS_Hero_NOX_Xelima7,0,97,30.6,31,1.0,
10,Cat,0,14,5.0,out_phys,GS_Hero_NOX_Abaddon17,0,97,40.6,41,1.0,
10,Cat,0,14,5.0,out_phys,GS_full_upg10,0,97,50.6,51,1.0,
10,Cat,0,14,5.0,in_phys,naked_PA0,0,,5,,1.0,5
10,Cat,0,14,5.0,in_phys,light_PA20,0,,5,,1.0,4
10,Cat,0,14,5.0,in_phys,heavy_PA40,0,,5,,1.0,3
10,Cat,0,14,5.0,in_phys,heavy_Merien5_PA45,0,,5,,1.0,3
10,Cat,0,14,5.0,in_phys,heavy_Merien10_PA50,0,,5,,1.0,3
10,Cat,0,14,5.0,in_phys,stack_PA70,0,,5,,1.0,2
10,Cat,0,14,5.0,in_phys,cap_PA80,0,,5,,1.0,1
10,Cat,0,14,5.0,out_magic,bare,50,97,69.1,70,1.534,
10,Cat,0,14,5.0,out_magic,MS20,50,97,69.1,70,1.534,
10,Cat,0,14,5.0,out_magic,MS22_HR50,50,97,69.1,70,1.534,
10,Cat,0,14,5.0,out_magic,MS22_HR91,50,97,69.1,70,1.534,
10,Cat,0,14,5.0,out_magic,ZW20,50,97,86.4,87,1.534,
10,Cat,0,14,5.0,out_magic,ZW20_HeroMage,50,97,91.4,92,1.534,
10,Cat,0,14,5.0,out_magic,bare_HeroMage,50,97,73.1,74,1.534,
10,Cat,0,14,5.0,out_phys,bare_hand,50,77,13.0,14,1.534,
10,Cat,0,14,5.0,out_phys,LongSword+2,50,77,8.7,10,1.534,
10,Cat,0,14,5.0,out_phys,GiantSword,50,77,18.6,20,1.534,
10,Cat,0,14,5.0,out_phys,GS_Hero,50,87,23.6,25,1.534,
10,Cat,0,14,5.0,out_phys,GS_Hero_NOX,50,97,23.6,25,1.534,
10,Cat,0,14,5.0,out_phys,GS_Hero_NOX_Xelima7,50,97,30.6,32,1.534,
10,Cat,0,14,5.0,out_phys,GS_Hero_NOX_Abaddon17,50,97,40.6,42,1.534,
10,Cat,0,14,5.0,out_phys,GS_full_upg10,50,97,50.6,52,1.534,
10,Cat,0,14,5.0,in_phys,naked_PA0,50,,5,,1.534,5
10,Cat,0,14,5.0,in_phys,light_PA20,50,,5,,1.534,4
10,Cat,0,14,5.0,in_phys,heavy_PA40,50,,5,,1.534,3
10,Cat,0,14,5.0,in_phys,heavy_Merien5_PA45,50,,5,,1.534,3
10,Cat,0,14,5.0,in_phys,heavy_Merien10_PA50,50,,5,,1.534,3
10,Cat,0,14,5.0,in_phys,stack_PA70,50,,5,,1.534,2
10,Cat,0,14,5.0,in_phys,cap_PA80,50,,5,,1.534,1
11,Centaurus,7,1926,72.0,out_magic,bare,0,78,69.1,69,1.0,
11,Centaurus,7,1926,72.0,out_magic,MS20,0,78,69.1,69,1.0,
11,Centaurus,7,1926,72.0,out_magic,MS22_HR50,0,83,69.1,69,1.0,
11,Centaurus,7,1926,72.0,out_magic,MS22_HR91,0,87,69.1,69,1.0,
11,Centaurus,7,1926,72.0,out_magic,ZW20,0,78,86.4,86,1.0,
11,Centaurus,7,1926,72.0,out_magic,ZW20_HeroMage,0,78,91.4,91,1.0,
11,Centaurus,7,1926,72.0,out_magic,bare_HeroMage,0,78,73.1,73,1.0,
11,Centaurus,7,1926,72.0,out_phys,bare_hand,0,71,13.0,13,1.0,
11,Centaurus,7,1926,72.0,out_phys,LongSword+2,0,71,8.7,9,1.0,
11,Centaurus,7,1926,72.0,out_phys,GiantSword,0,71,18.6,19,1.0,
11,Centaurus,7,1926,72.0,out_phys,GS_Hero,0,81,23.6,24,1.0,
11,Centaurus,7,1926,72.0,out_phys,GS_Hero_NOX,0,91,23.6,24,1.0,
11,Centaurus,7,1926,72.0,out_phys,GS_Hero_NOX_Xelima7,0,91,30.6,31,1.0,
11,Centaurus,7,1926,72.0,out_phys,GS_Hero_NOX_Abaddon17,0,91,40.6,41,1.0,
11,Centaurus,7,1926,72.0,out_phys,GS_full_upg10,0,91,50.6,51,1.0,
11,Centaurus,7,1926,72.0,in_phys,naked_PA0,0,,72,,1.0,72
11,Centaurus,7,1926,72.0,in_phys,light_PA20,0,,72,,1.0,58
11,Centaurus,7,1926,72.0,in_phys,heavy_PA40,0,,72,,1.0,44
11,Centaurus,7,1926,72.0,in_phys,heavy_Merien5_PA45,0,,72,,1.0,40
11,Centaurus,7,1926,72.0,in_phys,heavy_Merien10_PA50,0,,72,,1.0,36
11,Centaurus,7,1926,72.0,in_phys,stack_PA70,0,,72,,1.0,22
11,Centaurus,7,1926,72.0,in_phys,cap_PA80,0,,72,,1.0,15
11,Centaurus,7,1926,72.0,out_magic,bare,50,80,69.1,70,1.524,
11,Centaurus,7,1926,72.0,out_magic,MS20,50,80,69.1,70,1.524,
11,Centaurus,7,1926,72.0,out_magic,MS22_HR50,50,85,69.1,70,1.524,
11,Centaurus,7,1926,72.0,out_magic,MS22_HR91,50,89,69.1,70,1.524,
11,Centaurus,7,1926,72.0,out_magic,ZW20,50,80,86.4,87,1.524,
11,Centaurus,7,1926,72.0,out_magic,ZW20_HeroMage,50,80,91.4,92,1.524,
11,Centaurus,7,1926,72.0,out_magic,bare_HeroMage,50,80,73.1,74,1.524,
11,Centaurus,7,1926,72.0,out_phys,bare_hand,50,73,13.0,14,1.524,
11,Centaurus,7,1926,72.0,out_phys,LongSword+2,50,73,8.7,10,1.524,
11,Centaurus,7,1926,72.0,out_phys,GiantSword,50,73,18.6,20,1.524,
11,Centaurus,7,1926,72.0,out_phys,GS_Hero,50,83,23.6,25,1.524,
11,Centaurus,7,1926,72.0,out_phys,GS_Hero_NOX,50,93,23.6,25,1.524,
11,Centaurus,7,1926,72.0,out_phys,GS_Hero_NOX_Xelima7,50,93,30.6,32,1.524,
11,Centaurus,7,1926,72.0,out_phys,GS_Hero_NOX_Abaddon17,50,93,40.6,42,1.524,
11,Centaurus,7,1926,72.0,out_phys,GS_full_upg10,50,93,50.6,52,1.524,
11,Centaurus,7,1926,72.0,in_phys,naked_PA0,50,,72,,1.524,71
11,Centaurus,7,1926,72.0,in_phys,light_PA20,50,,72,,1.524,57
11,Centaurus,7,1926,72.0,in_phys,heavy_PA40,50,,72,,1.524,43
11,Centaurus,7,1926,72.0,in_phys,heavy_Merien5_PA45,50,,72,,1.524,40
11,Centaurus,7,1926,72.0,in_phys,heavy_Merien10_PA50,50,,72,,1.524,36
11,Centaurus,7,1926,72.0,in_phys,stack_PA70,50,,72,,1.524,22
11,Centaurus,7,1926,72.0,in_phys,cap_PA80,50,,72,,1.524,15
12,Clay Golem,3,166,17.5,out_magic,bare,0,97,69.1,69,1.0,
12,Clay Golem,3,166,17.5,out_magic,MS20,0,97,69.1,69,1.0,
12,Clay Golem,3,166,17.5,out_magic,MS22_HR50,0,97,69.1,69,1.0,
12,Clay Golem,3,166,17.5,out_magic,MS22_HR91,0,97,69.1,69,1.0,
12,Clay Golem,3,166,17.5,out_magic,ZW20,0,97,86.4,86,1.0,
12,Clay Golem,3,166,17.5,out_magic,ZW20_HeroMage,0,97,91.4,91,1.0,
12,Clay Golem,3,166,17.5,out_magic,bare_HeroMage,0,97,73.1,73,1.0,
12,Clay Golem,3,166,17.5,out_phys,bare_hand,0,83,13.0,13,1.0,
12,Clay Golem,3,166,17.5,out_phys,LongSword+2,0,83,8.7,9,1.0,
12,Clay Golem,3,166,17.5,out_phys,GiantSword,0,83,18.6,19,1.0,
12,Clay Golem,3,166,17.5,out_phys,GS_Hero,0,93,23.6,24,1.0,
12,Clay Golem,3,166,17.5,out_phys,GS_Hero_NOX,0,97,23.6,24,1.0,
12,Clay Golem,3,166,17.5,out_phys,GS_Hero_NOX_Xelima7,0,97,30.6,31,1.0,
12,Clay Golem,3,166,17.5,out_phys,GS_Hero_NOX_Abaddon17,0,97,40.6,41,1.0,
12,Clay Golem,3,166,17.5,out_phys,GS_full_upg10,0,97,50.6,51,1.0,
12,Clay Golem,3,166,17.5,in_phys,naked_PA0,0,,18,,1.0,18
12,Clay Golem,3,166,17.5,in_phys,light_PA20,0,,18,,1.0,15
12,Clay Golem,3,166,17.5,in_phys,heavy_PA40,0,,18,,1.0,11
12,Clay Golem,3,166,17.5,in_phys,heavy_Merien5_PA45,0,,18,,1.0,10
12,Clay Golem,3,166,17.5,in_phys,heavy_Merien10_PA50,0,,18,,1.0,9
12,Clay Golem,3,166,17.5,in_phys,stack_PA70,0,,18,,1.0,6
12,Clay Golem,3,166,17.5,in_phys,cap_PA80,0,,18,,1.0,4
12,Clay Golem,3,166,17.5,out_magic,bare,50,97,69.1,70,1.524,
12,Clay Golem,3,166,17.5,out_magic,MS20,50,97,69.1,70,1.524,
12,Clay Golem,3,166,17.5,out_magic,MS22_HR50,50,97,69.1,70,1.524,
12,Clay Golem,3,166,17.5,out_magic,MS22_HR91,50,97,69.1,70,1.524,
12,Clay Golem,3,166,17.5,out_magic,ZW20,50,97,86.4,87,1.524,
12,Clay Golem,3,166,17.5,out_magic,ZW20_HeroMage,50,97,91.4,92,1.524,
12,Clay Golem,3,166,17.5,out_magic,bare_HeroMage,50,97,73.1,74,1.524,
12,Clay Golem,3,166,17.5,out_phys,bare_hand,50,85,13.0,14,1.524,
12,Clay Golem,3,166,17.5,out_phys,LongSword+2,50,85,8.7,10,1.524,
12,Clay Golem,3,166,17.5,out_phys,GiantSword,50,85,18.6,20,1.524,
12,Clay Golem,3,166,17.5,out_phys,GS_Hero,50,95,23.6,25,1.524,
12,Clay Golem,3,166,17.5,out_phys,GS_Hero_NOX,50,97,23.6,25,1.524,
12,Clay Golem,3,166,17.5,out_phys,GS_Hero_NOX_Xelima7,50,97,30.6,32,1.524,
12,Clay Golem,3,166,17.5,out_phys,GS_Hero_NOX_Abaddon17,50,97,40.6,42,1.524,
12,Clay Golem,3,166,17.5,out_phys,GS_full_upg10,50,97,50.6,52,1.524,
12,Clay Golem,3,166,17.5,in_phys,naked_PA0,50,,18,,1.524,17
12,Clay Golem,3,166,17.5,in_phys,light_PA20,50,,18,,1.524,14
12,Clay Golem,3,166,17.5,in_phys,heavy_PA40,50,,18,,1.524,11
12,Clay Golem,3,166,17.5,in_phys,heavy_Merien5_PA45,50,,18,,1.524,10
12,Clay Golem,3,166,17.5,in_phys,heavy_Merien10_PA50,50,,18,,1.524,9
12,Clay Golem,3,166,17.5,in_phys,stack_PA70,50,,18,,1.524,6
12,Clay Golem,3,166,17.5,in_phys,cap_PA80,50,,18,,1.524,4
13,Claw Turtle,5,661,40.0,out_magic,bare,0,97,69.1,69,1.0,
13,Claw Turtle,5,661,40.0,out_magic,MS20,0,97,69.1,69,1.0,
13,Claw Turtle,5,661,40.0,out_magic,MS22_HR50,0,97,69.1,69,1.0,
13,Claw Turtle,5,661,40.0,out_magic,MS22_HR91,0,97,69.1,69,1.0,
13,Claw Turtle,5,661,40.0,out_magic,ZW20,0,97,86.4,86,1.0,
13,Claw Turtle,5,661,40.0,out_magic,ZW20_HeroMage,0,97,91.4,91,1.0,
13,Claw Turtle,5,661,40.0,out_magic,bare_HeroMage,0,97,73.1,73,1.0,
13,Claw Turtle,5,661,40.0,out_phys,bare_hand,0,77,13.0,13,1.0,
13,Claw Turtle,5,661,40.0,out_phys,LongSword+2,0,77,8.7,9,1.0,
13,Claw Turtle,5,661,40.0,out_phys,GiantSword,0,77,18.6,19,1.0,
13,Claw Turtle,5,661,40.0,out_phys,GS_Hero,0,87,23.6,24,1.0,
13,Claw Turtle,5,661,40.0,out_phys,GS_Hero_NOX,0,97,23.6,24,1.0,
13,Claw Turtle,5,661,40.0,out_phys,GS_Hero_NOX_Xelima7,0,97,30.6,31,1.0,
13,Claw Turtle,5,661,40.0,out_phys,GS_Hero_NOX_Abaddon17,0,97,40.6,41,1.0,
13,Claw Turtle,5,661,40.0,out_phys,GS_full_upg10,0,97,50.6,51,1.0,
13,Claw Turtle,5,661,40.0,in_phys,naked_PA0,0,,40,,1.0,40
13,Claw Turtle,5,661,40.0,in_phys,light_PA20,0,,40,,1.0,32
13,Claw Turtle,5,661,40.0,in_phys,heavy_PA40,0,,40,,1.0,24
13,Claw Turtle,5,661,40.0,in_phys,heavy_Merien5_PA45,0,,40,,1.0,22
13,Claw Turtle,5,661,40.0,in_phys,heavy_Merien10_PA50,0,,40,,1.0,20
13,Claw Turtle,5,661,40.0,in_phys,stack_PA70,0,,40,,1.0,12
13,Claw Turtle,5,661,40.0,in_phys,cap_PA80,0,,40,,1.0,8
13,Claw Turtle,5,661,40.0,out_magic,bare,50,97,69.1,70,1.524,
13,Claw Turtle,5,661,40.0,out_magic,MS20,50,97,69.1,70,1.524,
13,Claw Turtle,5,661,40.0,out_magic,MS22_HR50,50,97,69.1,70,1.524,
13,Claw Turtle,5,661,40.0,out_magic,MS22_HR91,50,97,69.1,70,1.524,
13,Claw Turtle,5,661,40.0,out_magic,ZW20,50,97,86.4,88,1.524,
13,Claw Turtle,5,661,40.0,out_magic,ZW20_HeroMage,50,97,91.4,93,1.524,
13,Claw Turtle,5,661,40.0,out_magic,bare_HeroMage,50,97,73.1,74,1.524,
13,Claw Turtle,5,661,40.0,out_phys,bare_hand,50,79,13.0,13,1.524,
13,Claw Turtle,5,661,40.0,out_phys,LongSword+2,50,79,8.7,9,1.524,
13,Claw Turtle,5,661,40.0,out_phys,GiantSword,50,79,18.6,19,1.524,
13,Claw Turtle,5,661,40.0,out_phys,GS_Hero,50,89,23.6,24,1.524,
13,Claw Turtle,5,661,40.0,out_phys,GS_Hero_NOX,50,97,23.6,24,1.524,
13,Claw Turtle,5,661,40.0,out_phys,GS_Hero_NOX_Xelima7,50,97,30.6,32,1.524,
13,Claw Turtle,5,661,40.0,out_phys,GS_Hero_NOX_Abaddon17,50,97,40.6,42,1.524,
13,Claw Turtle,5,661,40.0,out_phys,GS_full_upg10,50,97,50.6,52,1.524,
13,Claw Turtle,5,661,40.0,in_phys,naked_PA0,50,,40,,1.524,39
13,Claw Turtle,5,661,40.0,in_phys,light_PA20,50,,40,,1.524,32
13,Claw Turtle,5,661,40.0,in_phys,heavy_PA40,50,,40,,1.524,24
13,Claw Turtle,5,661,40.0,in_phys,heavy_Merien5_PA45,50,,40,,1.524,22
13,Claw Turtle,5,661,40.0,in_phys,heavy_Merien10_PA50,50,,40,,1.524,20
13,Claw Turtle,5,661,40.0,in_phys,stack_PA70,50,,40,,1.524,12
13,Claw Turtle,5,661,40.0,in_phys,cap_PA80,50,,40,,1.524,8
14,Cyclops,5,331,28.0,out_magic,bare,0,83,69.1,69,1.0,
14,Cyclops,5,331,28.0,out_magic,MS20,0,83,69.1,69,1.0,
14,Cyclops,5,331,28.0,out_magic,MS22_HR50,0,88,69.1,69,1.0,
14,Cyclops,5,331,28.0,out_magic,MS22_HR91,0,92,69.1,69,1.0,
14,Cyclops,5,331,28.0,out_magic,ZW20,0,83,86.4,86,1.0,
14,Cyclops,5,331,28.0,out_magic,ZW20_HeroMage,0,83,91.4,91,1.0,
14,Cyclops,5,331,28.0,out_magic,bare_HeroMage,0,83,73.1,73,1.0,
14,Cyclops,5,331,28.0,out_phys,bare_hand,0,77,13.0,13,1.0,
14,Cyclops,5,331,28.0,out_phys,LongSword+2,0,77,8.7,9,1.0,
14,Cyclops,5,331,28.0,out_phys,GiantSword,0,77,18.6,19,1.0,
14,Cyclops,5,331,28.0,out_phys,GS_Hero,0,87,23.6,24,1.0,
14,Cyclops,5,331,28.0,out_phys,GS_Hero_NOX,0,97,23.6,24,1.0,
14,Cyclops,5,331,28.0,out_phys,GS_Hero_NOX_Xelima7,0,97,30.6,31,1.0,
14,Cyclops,5,331,28.0,out_phys,GS_Hero_NOX_Abaddon17,0,97,40.6,41,1.0,
14,Cyclops,5,331,28.0,out_phys,GS_full_upg10,0,97,50.6,51,1.0,
14,Cyclops,5,331,28.0,in_phys,naked_PA0,0,,28,,1.0,28
14,Cyclops,5,331,28.0,in_phys,light_PA20,0,,28,,1.0,23
14,Cyclops,5,331,28.0,in_phys,heavy_PA40,0,,28,,1.0,17
14,Cyclops,5,331,28.0,in_phys,heavy_Merien5_PA45,0,,28,,1.0,16
14,Cyclops,5,331,28.0,in_phys,heavy_Merien10_PA50,0,,28,,1.0,14
14,Cyclops,5,331,28.0,in_phys,stack_PA70,0,,28,,1.0,9
14,Cyclops,5,331,28.0,in_phys,cap_PA80,0,,28,,1.0,6
14,Cyclops,5,331,28.0,out_magic,bare,50,83,69.1,70,1.529,
14,Cyclops,5,331,28.0,out_magic,MS20,50,83,69.1,70,1.529,
14,Cyclops,5,331,28.0,out_magic,MS22_HR50,50,88,69.1,70,1.529,
14,Cyclops,5,331,28.0,out_magic,MS22_HR91,50,92,69.1,70,1.529,
14,Cyclops,5,331,28.0,out_magic,ZW20,50,83,86.4,87,1.529,
14,Cyclops,5,331,28.0,out_magic,ZW20_HeroMage,50,83,91.4,92,1.529,
14,Cyclops,5,331,28.0,out_magic,bare_HeroMage,50,83,73.1,74,1.529,
14,Cyclops,5,331,28.0,out_phys,bare_hand,50,77,13.0,14,1.529,
14,Cyclops,5,331,28.0,out_phys,LongSword+2,50,77,8.7,10,1.529,
14,Cyclops,5,331,28.0,out_phys,GiantSword,50,77,18.6,20,1.529,
14,Cyclops,5,331,28.0,out_phys,GS_Hero,50,87,23.6,25,1.529,
14,Cyclops,5,331,28.0,out_phys,GS_Hero_NOX,50,97,23.6,25,1.529,
14,Cyclops,5,331,28.0,out_phys,GS_Hero_NOX_Xelima7,50,97,30.6,32,1.529,
14,Cyclops,5,331,28.0,out_phys,GS_Hero_NOX_Abaddon17,50,97,40.6,42,1.529,
14,Cyclops,5,331,28.0,out_phys,GS_full_upg10,50,97,50.6,52,1.529,
14,Cyclops,5,331,28.0,in_phys,naked_PA0,50,,28,,1.529,27
14,Cyclops,5,331,28.0,in_phys,light_PA20,50,,28,,1.529,22
14,Cyclops,5,331,28.0,in_phys,heavy_PA40,50,,28,,1.529,17
14,Cyclops,5,331,28.0,in_phys,heavy_Merien5_PA45,50,,28,,1.529,15
14,Cyclops,5,331,28.0,in_phys,heavy_Merien10_PA50,50,,28,,1.529,14
14,Cyclops,5,331,28.0,in_phys,stack_PA70,50,,28,,1.529,9
14,Cyclops,5,331,28.0,in_phys,cap_PA80,50,,28,,1.529,6
15,Dark Elf,6,771,20.0,out_magic,bare,0,96,69.1,69,1.0,
15,Dark Elf,6,771,20.0,out_magic,MS20,0,96,69.1,69,1.0,
15,Dark Elf,6,771,20.0,out_magic,MS22_HR50,0,97,69.1,69,1.0,
15,Dark Elf,6,771,20.0,out_magic,MS22_HR91,0,97,69.1,69,1.0,
15,Dark Elf,6,771,20.0,out_magic,ZW20,0,96,86.4,86,1.0,
15,Dark Elf,6,771,20.0,out_magic,ZW20_HeroMage,0,96,91.4,91,1.0,
15,Dark Elf,6,771,20.0,out_magic,bare_HeroMage,0,96,73.1,73,1.0,
15,Dark Elf,6,771,20.0,out_phys,bare_hand,0,74,13.0,13,1.0,
15,Dark Elf,6,771,20.0,out_phys,LongSword+2,0,74,8.7,9,1.0,
15,Dark Elf,6,771,20.0,out_phys,GiantSword,0,74,18.6,19,1.0,
15,Dark Elf,6,771,20.0,out_phys,GS_Hero,0,84,23.6,24,1.0,
15,Dark Elf,6,771,20.0,out_phys,GS_Hero_NOX,0,94,23.6,24,1.0,
15,Dark Elf,6,771,20.0,out_phys,GS_Hero_NOX_Xelima7,0,94,30.6,31,1.0,
15,Dark Elf,6,771,20.0,out_phys,GS_Hero_NOX_Abaddon17,0,94,40.6,41,1.0,
15,Dark Elf,6,771,20.0,out_phys,GS_full_upg10,0,94,50.6,51,1.0,
15,Dark Elf,6,771,20.0,in_phys,naked_PA0,0,,20,,1.0,20
15,Dark Elf,6,771,20.0,in_phys,light_PA20,0,,20,,1.0,16
15,Dark Elf,6,771,20.0,in_phys,heavy_PA40,0,,20,,1.0,12
15,Dark Elf,6,771,20.0,in_phys,heavy_Merien5_PA45,0,,20,,1.0,11
15,Dark Elf,6,771,20.0,in_phys,heavy_Merien10_PA50,0,,20,,1.0,10
15,Dark Elf,6,771,20.0,in_phys,stack_PA70,0,,20,,1.0,6
15,Dark Elf,6,771,20.0,in_phys,cap_PA80,0,,20,,1.0,4
15,Dark Elf,6,771,20.0,out_magic,bare,50,96,69.1,70,1.529,
15,Dark Elf,6,771,20.0,out_magic,MS20,50,96,69.1,70,1.529,
15,Dark Elf,6,771,20.0,out_magic,MS22_HR50,50,97,69.1,70,1.529,
15,Dark Elf,6,771,20.0,out_magic,MS22_HR91,50,97,69.1,70,1.529,
15,Dark Elf,6,771,20.0,out_magic,ZW20,50,96,86.4,87,1.529,
15,Dark Elf,6,771,20.0,out_magic,ZW20_HeroMage,50,96,91.4,92,1.529,
15,Dark Elf,6,771,20.0,out_magic,bare_HeroMage,50,96,73.1,74,1.529,
15,Dark Elf,6,771,20.0,out_phys,bare_hand,50,74,13.0,14,1.529,
15,Dark Elf,6,771,20.0,out_phys,LongSword+2,50,74,8.7,10,1.529,
15,Dark Elf,6,771,20.0,out_phys,GiantSword,50,74,18.6,20,1.529,
15,Dark Elf,6,771,20.0,out_phys,GS_Hero,50,84,23.6,25,1.529,
15,Dark Elf,6,771,20.0,out_phys,GS_Hero_NOX,50,94,23.6,25,1.529,
15,Dark Elf,6,771,20.0,out_phys,GS_Hero_NOX_Xelima7,50,94,30.6,32,1.529,
15,Dark Elf,6,771,20.0,out_phys,GS_Hero_NOX_Abaddon17,50,94,40.6,42,1.529,
15,Dark Elf,6,771,20.0,out_phys,GS_full_upg10,50,94,50.6,52,1.529,
15,Dark Elf,6,771,20.0,in_phys,naked_PA0,50,,20,,1.529,19
15,Dark Elf,6,771,20.0,in_phys,light_PA20,50,,20,,1.529,16
15,Dark Elf,6,771,20.0,in_phys,heavy_PA40,50,,20,,1.529,12
15,Dark Elf,6,771,20.0,in_phys,heavy_Merien5_PA45,50,,20,,1.529,11
15,Dark Elf,6,771,20.0,in_phys,heavy_Merien10_PA50,50,,20,,1.529,10
15,Dark Elf,6,771,20.0,in_phys,stack_PA70,50,,20,,1.529,6
15,Dark Elf,6,771,20.0,in_phys,cap_PA80,50,,20,,1.529,4
16,Elf Master,0,0,5.0,out_magic,bare,0,97,69.1,69,1.0,
16,Elf Master,0,0,5.0,out_magic,MS20,0,97,69.1,69,1.0,
16,Elf Master,0,0,5.0,out_magic,MS22_HR50,0,97,69.1,69,1.0,
16,Elf Master,0,0,5.0,out_magic,MS22_HR91,0,97,69.1,69,1.0,
16,Elf Master,0,0,5.0,out_magic,ZW20,0,97,86.4,86,1.0,
16,Elf Master,0,0,5.0,out_magic,ZW20_HeroMage,0,97,91.4,91,1.0,
16,Elf Master,0,0,5.0,out_magic,bare_HeroMage,0,97,73.1,73,1.0,
16,Elf Master,0,0,5.0,out_phys,bare_hand,0,77,13.0,13,1.0,
16,Elf Master,0,0,5.0,out_phys,LongSword+2,0,77,8.7,9,1.0,
16,Elf Master,0,0,5.0,out_phys,GiantSword,0,77,18.6,19,1.0,
16,Elf Master,0,0,5.0,out_phys,GS_Hero,0,87,23.6,24,1.0,
16,Elf Master,0,0,5.0,out_phys,GS_Hero_NOX,0,97,23.6,24,1.0,
16,Elf Master,0,0,5.0,out_phys,GS_Hero_NOX_Xelima7,0,97,30.6,31,1.0,
16,Elf Master,0,0,5.0,out_phys,GS_Hero_NOX_Abaddon17,0,97,40.6,41,1.0,
16,Elf Master,0,0,5.0,out_phys,GS_full_upg10,0,97,50.6,51,1.0,
16,Elf Master,0,0,5.0,in_phys,naked_PA0,0,,5,,1.0,5
16,Elf Master,0,0,5.0,in_phys,light_PA20,0,,5,,1.0,4
16,Elf Master,0,0,5.0,in_phys,heavy_PA40,0,,5,,1.0,3
16,Elf Master,0,0,5.0,in_phys,heavy_Merien5_PA45,0,,5,,1.0,3
16,Elf Master,0,0,5.0,in_phys,heavy_Merien10_PA50,0,,5,,1.0,3
16,Elf Master,0,0,5.0,in_phys,stack_PA70,0,,5,,1.0,2
16,Elf Master,0,0,5.0,in_phys,cap_PA80,0,,5,,1.0,1
16,Elf Master,0,0,5.0,out_magic,bare,50,97,69.1,70,1.534,
16,Elf Master,0,0,5.0,out_magic,MS20,50,97,69.1,70,1.534,
16,Elf Master,0,0,5.0,out_magic,MS22_HR50,50,97,69.1,70,1.534,
16,Elf Master,0,0,5.0,out_magic,MS22_HR91,50,97,69.1,70,1.534,
16,Elf Master,0,0,5.0,out_magic,ZW20,50,97,86.4,87,1.534,
16,Elf Master,0,0,5.0,out_magic,ZW20_HeroMage,50,97,91.4,92,1.534,
16,Elf Master,0,0,5.0,out_magic,bare_HeroMage,50,97,73.1,74,1.534,
16,Elf Master,0,0,5.0,out_phys,bare_hand,50,77,13.0,14,1.534,
16,Elf Master,0,0,5.0,out_phys,LongSword+2,50,77,8.7,10,1.534,
16,Elf Master,0,0,5.0,out_phys,GiantSword,50,77,18.6,20,1.534,
16,Elf Master,0,0,5.0,out_phys,GS_Hero,50,87,23.6,25,1.534,
16,Elf Master,0,0,5.0,out_phys,GS_Hero_NOX,50,97,23.6,25,1.534,
16,Elf Master,0,0,5.0,out_phys,GS_Hero_NOX_Xelima7,50,97,30.6,32,1.534,
16,Elf Master,0,0,5.0,out_phys,GS_Hero_NOX_Abaddon17,50,97,40.6,42,1.534,
16,Elf Master,0,0,5.0,out_phys,GS_full_upg10,50,97,50.6,52,1.534,
16,Elf Master,0,0,5.0,in_phys,naked_PA0,50,,5,,1.534,5
16,Elf Master,0,0,5.0,in_phys,light_PA20,50,,5,,1.534,4
16,Elf Master,0,0,5.0,in_phys,heavy_PA40,50,,5,,1.534,3
16,Elf Master,0,0,5.0,in_phys,heavy_Merien5_PA45,50,,5,,1.534,3
16,Elf Master,0,0,5.0,in_phys,heavy_Merien10_PA50,50,,5,,1.534,3
16,Elf Master,0,0,5.0,in_phys,stack_PA70,50,,5,,1.534,2
16,Elf Master,0,0,5.0,in_phys,cap_PA80,50,,5,,1.534,1
17,Dark Shadow Knight,0,0,5.0,out_magic,bare,0,97,69.1,69,1.0,
17,Dark Shadow Knight,0,0,5.0,out_magic,MS20,0,97,69.1,69,1.0,
17,Dark Shadow Knight,0,0,5.0,out_magic,MS22_HR50,0,97,69.1,69,1.0,
17,Dark Shadow Knight,0,0,5.0,out_magic,MS22_HR91,0,97,69.1,69,1.0,
17,Dark Shadow Knight,0,0,5.0,out_magic,ZW20,0,97,86.4,86,1.0,
17,Dark Shadow Knight,0,0,5.0,out_magic,ZW20_HeroMage,0,97,91.4,91,1.0,
17,Dark Shadow Knight,0,0,5.0,out_magic,bare_HeroMage,0,97,73.1,73,1.0,
17,Dark Shadow Knight,0,0,5.0,out_phys,bare_hand,0,77,13.0,13,1.0,
17,Dark Shadow Knight,0,0,5.0,out_phys,LongSword+2,0,77,8.7,9,1.0,
17,Dark Shadow Knight,0,0,5.0,out_phys,GiantSword,0,77,18.6,19,1.0,
17,Dark Shadow Knight,0,0,5.0,out_phys,GS_Hero,0,87,23.6,24,1.0,
17,Dark Shadow Knight,0,0,5.0,out_phys,GS_Hero_NOX,0,97,23.6,24,1.0,
17,Dark Shadow Knight,0,0,5.0,out_phys,GS_Hero_NOX_Xelima7,0,97,30.6,31,1.0,
17,Dark Shadow Knight,0,0,5.0,out_phys,GS_Hero_NOX_Abaddon17,0,97,40.6,41,1.0,
17,Dark Shadow Knight,0,0,5.0,out_phys,GS_full_upg10,0,97,50.6,51,1.0,
17,Dark Shadow Knight,0,0,5.0,in_phys,naked_PA0,0,,5,,1.0,5
17,Dark Shadow Knight,0,0,5.0,in_phys,light_PA20,0,,5,,1.0,4
17,Dark Shadow Knight,0,0,5.0,in_phys,heavy_PA40,0,,5,,1.0,3
17,Dark Shadow Knight,0,0,5.0,in_phys,heavy_Merien5_PA45,0,,5,,1.0,3
17,Dark Shadow Knight,0,0,5.0,in_phys,heavy_Merien10_PA50,0,,5,,1.0,3
17,Dark Shadow Knight,0,0,5.0,in_phys,stack_PA70,0,,5,,1.0,2
17,Dark Shadow Knight,0,0,5.0,in_phys,cap_PA80,0,,5,,1.0,1
17,Dark Shadow Knight,0,0,5.0,out_magic,bare,50,97,69.1,70,1.524,
17,Dark Shadow Knight,0,0,5.0,out_magic,MS20,50,97,69.1,70,1.524,
17,Dark Shadow Knight,0,0,5.0,out_magic,MS22_HR50,50,97,69.1,70,1.524,
17,Dark Shadow Knight,0,0,5.0,out_magic,MS22_HR91,50,97,69.1,70,1.524,
17,Dark Shadow Knight,0,0,5.0,out_magic,ZW20,50,97,86.4,87,1.524,
17,Dark Shadow Knight,0,0,5.0,out_magic,ZW20_HeroMage,50,97,91.4,92,1.524,
17,Dark Shadow Knight,0,0,5.0,out_magic,bare_HeroMage,50,97,73.1,74,1.524,
17,Dark Shadow Knight,0,0,5.0,out_phys,bare_hand,50,79,13.0,14,1.524,
17,Dark Shadow Knight,0,0,5.0,out_phys,LongSword+2,50,79,8.7,10,1.524,
17,Dark Shadow Knight,0,0,5.0,out_phys,GiantSword,50,79,18.6,20,1.524,
17,Dark Shadow Knight,0,0,5.0,out_phys,GS_Hero,50,89,23.6,25,1.524,
17,Dark Shadow Knight,0,0,5.0,out_phys,GS_Hero_NOX,50,97,23.6,25,1.524,
17,Dark Shadow Knight,0,0,5.0,out_phys,GS_Hero_NOX_Xelima7,50,97,30.6,32,1.524,
17,Dark Shadow Knight,0,0,5.0,out_phys,GS_Hero_NOX_Abaddon17,50,97,40.6,42,1.524,
17,Dark Shadow Knight,0,0,5.0,out_phys,GS_full_upg10,50,97,50.6,52,1.524,
17,Dark Shadow Knight,0,0,5.0,in_phys,naked_PA0,50,,5,,1.524,4
17,Dark Shadow Knight,0,0,5.0,in_phys,light_PA20,50,,5,,1.524,4
17,Dark Shadow Knight,0,0,5.0,in_phys,heavy_PA40,50,,5,,1.524,3
17,Dark Shadow Knight,0,0,5.0,in_phys,heavy_Merien5_PA45,50,,5,,1.524,3
17,Dark Shadow Knight,0,0,5.0,in_phys,heavy_Merien10_PA50,50,,5,,1.524,2
17,Dark Shadow Knight,0,0,5.0,in_phys,stack_PA70,50,,5,,1.524,2
17,Dark Shadow Knight,0,0,5.0,in_phys,cap_PA80,50,,5,,1.524,1
18,Demon,8,1871,55.0,out_magic,bare,0,78,69.1,69,1.0,
18,Demon,8,1871,55.0,out_magic,MS20,0,78,69.1,69,1.0,
18,Demon,8,1871,55.0,out_magic,MS22_HR50,0,83,69.1,69,1.0,
18,Demon,8,1871,55.0,out_magic,MS22_HR91,0,87,69.1,69,1.0,
18,Demon,8,1871,55.0,out_magic,ZW20,0,78,86.4,86,1.0,
18,Demon,8,1871,55.0,out_magic,ZW20_HeroMage,0,78,91.4,91,1.0,
18,Demon,8,1871,55.0,out_magic,bare_HeroMage,0,78,73.1,73,1.0,
18,Demon,8,1871,55.0,out_phys,bare_hand,0,68,13.0,13,1.0,
18,Demon,8,1871,55.0,out_phys,LongSword+2,0,68,8.7,9,1.0,
18,Demon,8,1871,55.0,out_phys,GiantSword,0,68,18.6,19,1.0,
18,Demon,8,1871,55.0,out_phys,GS_Hero,0,78,23.6,24,1.0,
18,Demon,8,1871,55.0,out_phys,GS_Hero_NOX,0,88,23.6,24,1.0,
18,Demon,8,1871,55.0,out_phys,GS_Hero_NOX_Xelima7,0,88,30.6,31,1.0,
18,Demon,8,1871,55.0,out_phys,GS_Hero_NOX_Abaddon17,0,88,40.6,41,1.0,
18,Demon,8,1871,55.0,out_phys,GS_full_upg10,0,88,50.6,51,1.0,
18,Demon,8,1871,55.0,in_phys,naked_PA0,0,,55,,1.0,55
18,Demon,8,1871,55.0,in_phys,light_PA20,0,,55,,1.0,44
18,Demon,8,1871,55.0,in_phys,heavy_PA40,0,,55,,1.0,33
18,Demon,8,1871,55.0,in_phys,heavy_Merien5_PA45,0,,55,,1.0,31
18,Demon,8,1871,55.0,in_phys,heavy_Merien10_PA50,0,,55,,1.0,28
18,Demon,8,1871,55.0,in_phys,stack_PA70,0,,55,,1.0,17
18,Demon,8,1871,55.0,in_phys,cap_PA80,0,,55,,1.0,11
18,Demon,8,1871,55.0,out_magic,bare,50,80,69.1,70,1.524,
18,Demon,8,1871,55.0,out_magic,MS20,50,80,69.1,70,1.524,
18,Demon,8,1871,55.0,out_magic,MS22_HR50,50,85,69.1,70,1.524,
18,Demon,8,1871,55.0,out_magic,MS22_HR91,50,89,69.1,70,1.524,
18,Demon,8,1871,55.0,out_magic,ZW20,50,80,86.4,87,1.524,
18,Demon,8,1871,55.0,out_magic,ZW20_HeroMage,50,80,91.4,92,1.524,
18,Demon,8,1871,55.0,out_magic,bare_HeroMage,50,80,73.1,74,1.524,
18,Demon,8,1871,55.0,out_phys,bare_hand,50,70,13.0,14,1.524,
18,Demon,8,1871,55.0,out_phys,LongSword+2,50,70,8.7,10,1.524,
18,Demon,8,1871,55.0,out_phys,GiantSword,50,70,18.6,20,1.524,
18,Demon,8,1871,55.0,out_phys,GS_Hero,50,80,23.6,25,1.524,
18,Demon,8,1871,55.0,out_phys,GS_Hero_NOX,50,90,23.6,25,1.524,
18,Demon,8,1871,55.0,out_phys,GS_Hero_NOX_Xelima7,50,90,30.6,32,1.524,
18,Demon,8,1871,55.0,out_phys,GS_Hero_NOX_Abaddon17,50,90,40.6,42,1.524,
18,Demon,8,1871,55.0,out_phys,GS_full_upg10,50,90,50.6,52,1.524,
18,Demon,8,1871,55.0,in_phys,naked_PA0,50,,55,,1.524,54
18,Demon,8,1871,55.0,in_phys,light_PA20,50,,55,,1.524,44
18,Demon,8,1871,55.0,in_phys,heavy_PA40,50,,55,,1.524,33
18,Demon,8,1871,55.0,in_phys,heavy_Merien5_PA45,50,,55,,1.524,30
18,Demon,8,1871,55.0,in_phys,heavy_Merien10_PA50,50,,55,,1.524,27
18,Demon,8,1871,55.0,in_phys,stack_PA70,50,,55,,1.524,17
18,Demon,8,1871,55.0,in_phys,cap_PA80,50,,55,,1.524,11
19,Detector,0,0,5.0,out_magic,bare,0,97,69.1,69,1.0,
19,Detector,0,0,5.0,out_magic,MS20,0,97,69.1,69,1.0,
19,Detector,0,0,5.0,out_magic,MS22_HR50,0,97,69.1,69,1.0,
19,Detector,0,0,5.0,out_magic,MS22_HR91,0,97,69.1,69,1.0,
19,Detector,0,0,5.0,out_magic,ZW20,0,97,86.4,86,1.0,
19,Detector,0,0,5.0,out_magic,ZW20_HeroMage,0,97,91.4,91,1.0,
19,Detector,0,0,5.0,out_magic,bare_HeroMage,0,97,73.1,73,1.0,
19,Detector,0,0,5.0,out_phys,bare_hand,0,77,13.0,13,1.0,
19,Detector,0,0,5.0,out_phys,LongSword+2,0,77,8.7,9,1.0,
19,Detector,0,0,5.0,out_phys,GiantSword,0,77,18.6,19,1.0,
19,Detector,0,0,5.0,out_phys,GS_Hero,0,87,23.6,24,1.0,
19,Detector,0,0,5.0,out_phys,GS_Hero_NOX,0,97,23.6,24,1.0,
19,Detector,0,0,5.0,out_phys,GS_Hero_NOX_Xelima7,0,97,30.6,31,1.0,
19,Detector,0,0,5.0,out_phys,GS_Hero_NOX_Abaddon17,0,97,40.6,41,1.0,
19,Detector,0,0,5.0,out_phys,GS_full_upg10,0,97,50.6,51,1.0,
19,Detector,0,0,5.0,in_phys,naked_PA0,0,,5,,1.0,5
19,Detector,0,0,5.0,in_phys,light_PA20,0,,5,,1.0,4
19,Detector,0,0,5.0,in_phys,heavy_PA40,0,,5,,1.0,3
19,Detector,0,0,5.0,in_phys,heavy_Merien5_PA45,0,,5,,1.0,3
19,Detector,0,0,5.0,in_phys,heavy_Merien10_PA50,0,,5,,1.0,3
19,Detector,0,0,5.0,in_phys,stack_PA70,0,,5,,1.0,2
19,Detector,0,0,5.0,in_phys,cap_PA80,0,,5,,1.0,1
19,Detector,0,0,5.0,out_magic,bare,50,97,69.1,70,1.534,
19,Detector,0,0,5.0,out_magic,MS20,50,97,69.1,70,1.534,
19,Detector,0,0,5.0,out_magic,MS22_HR50,50,97,69.1,70,1.534,
19,Detector,0,0,5.0,out_magic,MS22_HR91,50,97,69.1,70,1.534,
19,Detector,0,0,5.0,out_magic,ZW20,50,97,86.4,87,1.534,
19,Detector,0,0,5.0,out_magic,ZW20_HeroMage,50,97,91.4,92,1.534,
19,Detector,0,0,5.0,out_magic,bare_HeroMage,50,97,73.1,74,1.534,
19,Detector,0,0,5.0,out_phys,bare_hand,50,77,13.0,14,1.534,
19,Detector,0,0,5.0,out_phys,LongSword+2,50,77,8.7,10,1.534,
19,Detector,0,0,5.0,out_phys,GiantSword,50,77,18.6,20,1.534,
19,Detector,0,0,5.0,out_phys,GS_Hero,50,87,23.6,25,1.534,
19,Detector,0,0,5.0,out_phys,GS_Hero_NOX,50,97,23.6,25,1.534,
19,Detector,0,0,5.0,out_phys,GS_Hero_NOX_Xelima7,50,97,30.6,32,1.534,
19,Detector,0,0,5.0,out_phys,GS_Hero_NOX_Abaddon17,50,97,40.6,42,1.534,
19,Detector,0,0,5.0,out_phys,GS_full_upg10,50,97,50.6,52,1.534,
19,Detector,0,0,5.0,in_phys,naked_PA0,50,,5,,1.534,5
19,Detector,0,0,5.0,in_phys,light_PA20,50,,5,,1.534,4
19,Detector,0,0,5.0,in_phys,heavy_PA40,50,,5,,1.534,3
19,Detector,0,0,5.0,in_phys,heavy_Merien5_PA45,50,,5,,1.534,3
19,Detector,0,0,5.0,in_phys,heavy_Merien10_PA50,50,,5,,1.534,3
19,Detector,0,0,5.0,in_phys,stack_PA70,50,,5,,1.534,2
19,Detector,0,0,5.0,in_phys,cap_PA80,50,,5,,1.534,1
20,Frost,7,716,28.0,out_magic,bare,0,78,69.1,69,1.0,
20,Frost,7,716,28.0,out_magic,MS20,0,78,69.1,69,1.0,
20,Frost,7,716,28.0,out_magic,MS22_HR50,0,83,69.1,69,1.0,
20,Frost,7,716,28.0,out_magic,MS22_HR91,0,87,69.1,69,1.0,
20,Frost,7,716,28.0,out_magic,ZW20,0,78,86.4,86,1.0,
20,Frost,7,716,28.0,out_magic,ZW20_HeroMage,0,78,91.4,91,1.0,
20,Frost,7,716,28.0,out_magic,bare_HeroMage,0,78,73.1,73,1.0,
20,Frost,7,716,28.0,out_phys,bare_hand,0,71,13.0,13,1.0,
20,Frost,7,716,28.0,out_phys,LongSword+2,0,71,8.7,9,1.0,
20,Frost,7,716,28.0,out_phys,GiantSword,0,71,18.6,19,1.0,
20,Frost,7,716,28.0,out_phys,GS_Hero,0,81,23.6,24,1.0,
20,Frost,7,716,28.0,out_phys,GS_Hero_NOX,0,91,23.6,24,1.0,
20,Frost,7,716,28.0,out_phys,GS_Hero_NOX_Xelima7,0,91,30.6,31,1.0,
20,Frost,7,716,28.0,out_phys,GS_Hero_NOX_Abaddon17,0,91,40.6,41,1.0,
20,Frost,7,716,28.0,out_phys,GS_full_upg10,0,91,50.6,51,1.0,
20,Frost,7,716,28.0,in_phys,naked_PA0,0,,28,,1.0,28
20,Frost,7,716,28.0,in_phys,light_PA20,0,,28,,1.0,23
20,Frost,7,716,28.0,in_phys,heavy_PA40,0,,28,,1.0,17
20,Frost,7,716,28.0,in_phys,heavy_Merien5_PA45,0,,28,,1.0,16
20,Frost,7,716,28.0,in_phys,heavy_Merien10_PA50,0,,28,,1.0,14
20,Frost,7,716,28.0,in_phys,stack_PA70,0,,28,,1.0,9
20,Frost,7,716,28.0,in_phys,cap_PA80,0,,28,,1.0,6
20,Frost,7,716,28.0,out_magic,bare,50,78,69.1,70,1.529,
20,Frost,7,716,28.0,out_magic,MS20,50,78,69.1,70,1.529,
20,Frost,7,716,28.0,out_magic,MS22_HR50,50,83,69.1,70,1.529,
20,Frost,7,716,28.0,out_magic,MS22_HR91,50,87,69.1,70,1.529,
20,Frost,7,716,28.0,out_magic,ZW20,50,78,86.4,87,1.529,
20,Frost,7,716,28.0,out_magic,ZW20_HeroMage,50,78,91.4,92,1.529,
20,Frost,7,716,28.0,out_magic,bare_HeroMage,50,78,73.1,74,1.529,
20,Frost,7,716,28.0,out_phys,bare_hand,50,71,13.0,14,1.529,
20,Frost,7,716,28.0,out_phys,LongSword+2,50,71,8.7,10,1.529,
20,Frost,7,716,28.0,out_phys,GiantSword,50,71,18.6,20,1.529,
20,Frost,7,716,28.0,out_phys,GS_Hero,50,81,23.6,25,1.529,
20,Frost,7,716,28.0,out_phys,GS_Hero_NOX,50,91,23.6,25,1.529,
20,Frost,7,716,28.0,out_phys,GS_Hero_NOX_Xelima7,50,91,30.6,32,1.529,
20,Frost,7,716,28.0,out_phys,GS_Hero_NOX_Abaddon17,50,91,40.6,42,1.529,
20,Frost,7,716,28.0,out_phys,GS_full_upg10,50,91,50.6,52,1.529,
20,Frost,7,716,28.0,in_phys,naked_PA0,50,,28,,1.529,27
20,Frost,7,716,28.0,in_phys,light_PA20,50,,28,,1.529,22
20,Frost,7,716,28.0,in_phys,heavy_PA40,50,,28,,1.529,17
20,Frost,7,716,28.0,in_phys,heavy_Merien5_PA45,50,,28,,1.529,15
20,Frost,7,716,28.0,in_phys,heavy_Merien10_PA50,50,,28,,1.529,14
20,Frost,7,716,28.0,in_phys,stack_PA70,50,,28,,1.529,9
20,Frost,7,716,28.0,in_phys,cap_PA80,50,,28,,1.529,6
21,Gargoyle,8,2201,71.5,out_magic,bare,0,78,69.1,69,1.0,
21,Gargoyle,8,2201,71.5,out_magic,MS20,0,78,69.1,69,1.0,
21,Gargoyle,8,2201,71.5,out_magic,MS22_HR50,0,83,69.1,69,1.0,
21,Gargoyle,8,2201,71.5,out_magic,MS22_HR91,0,87,69.1,69,1.0,
21,Gargoyle,8,2201,71.5,out_magic,ZW20,0,78,86.4,86,1.0,
21,Gargoyle,8,2201,71.5,out_magic,ZW20_HeroMage,0,78,91.4,91,1.0,
21,Gargoyle,8,2201,71.5,out_magic,bare_HeroMage,0,78,73.1,73,1.0,
21,Gargoyle,8,2201,71.5,out_phys,bare_hand,0,68,13.0,13,1.0,
21,Gargoyle,8,2201,71.5,out_phys,LongSword+2,0,68,8.7,9,1.0,
21,Gargoyle,8,2201,71.5,out_phys,GiantSword,0,68,18.6,19,1.0,
21,Gargoyle,8,2201,71.5,out_phys,GS_Hero,0,78,23.6,24,1.0,
21,Gargoyle,8,2201,71.5,out_phys,GS_Hero_NOX,0,88,23.6,24,1.0,
21,Gargoyle,8,2201,71.5,out_phys,GS_Hero_NOX_Xelima7,0,88,30.6,31,1.0,
21,Gargoyle,8,2201,71.5,out_phys,GS_Hero_NOX_Abaddon17,0,88,40.6,41,1.0,
21,Gargoyle,8,2201,71.5,out_phys,GS_full_upg10,0,88,50.6,51,1.0,
21,Gargoyle,8,2201,71.5,in_phys,naked_PA0,0,,72,,1.0,72
21,Gargoyle,8,2201,71.5,in_phys,light_PA20,0,,72,,1.0,58
21,Gargoyle,8,2201,71.5,in_phys,heavy_PA40,0,,72,,1.0,44
21,Gargoyle,8,2201,71.5,in_phys,heavy_Merien5_PA45,0,,72,,1.0,40
21,Gargoyle,8,2201,71.5,in_phys,heavy_Merien10_PA50,0,,72,,1.0,36
21,Gargoyle,8,2201,71.5,in_phys,stack_PA70,0,,72,,1.0,22
21,Gargoyle,8,2201,71.5,in_phys,cap_PA80,0,,72,,1.0,15
21,Gargoyle,8,2201,71.5,out_magic,bare,50,80,69.1,70,1.524,
21,Gargoyle,8,2201,71.5,out_magic,MS20,50,80,69.1,70,1.524,
21,Gargoyle,8,2201,71.5,out_magic,MS22_HR50,50,85,69.1,70,1.524,
21,Gargoyle,8,2201,71.5,out_magic,MS22_HR91,50,89,69.1,70,1.524,
21,Gargoyle,8,2201,71.5,out_magic,ZW20,50,80,86.4,88,1.524,
21,Gargoyle,8,2201,71.5,out_magic,ZW20_HeroMage,50,80,91.4,93,1.524,
21,Gargoyle,8,2201,71.5,out_magic,bare_HeroMage,50,80,73.1,74,1.524,
21,Gargoyle,8,2201,71.5,out_phys,bare_hand,50,70,13.0,13,1.524,
21,Gargoyle,8,2201,71.5,out_phys,LongSword+2,50,70,8.7,9,1.524,
21,Gargoyle,8,2201,71.5,out_phys,GiantSword,50,70,18.6,19,1.524,
21,Gargoyle,8,2201,71.5,out_phys,GS_Hero,50,80,23.6,24,1.524,
21,Gargoyle,8,2201,71.5,out_phys,GS_Hero_NOX,50,90,23.6,24,1.524,
21,Gargoyle,8,2201,71.5,out_phys,GS_Hero_NOX_Xelima7,50,90,30.6,32,1.524,
21,Gargoyle,8,2201,71.5,out_phys,GS_Hero_NOX_Abaddon17,50,90,40.6,42,1.524,
21,Gargoyle,8,2201,71.5,out_phys,GS_full_upg10,50,90,50.6,52,1.524,
21,Gargoyle,8,2201,71.5,in_phys,naked_PA0,50,,72,,1.524,71
21,Gargoyle,8,2201,71.5,in_phys,light_PA20,50,,72,,1.524,57
21,Gargoyle,8,2201,71.5,in_phys,heavy_PA40,50,,72,,1.524,43
21,Gargoyle,8,2201,71.5,in_phys,heavy_Merien5_PA45,50,,72,,1.524,40
21,Gargoyle,8,2201,71.5,in_phys,heavy_Merien10_PA50,50,,72,,1.524,36
21,Gargoyle,8,2201,71.5,in_phys,stack_PA70,50,,72,,1.524,22
21,Gargoyle,8,2201,71.5,in_phys,cap_PA80,50,,72,,1.524,15
22,God's Hand Knight,0,0,5.0,out_magic,bare,0,97,69.1,69,1.0,
22,God's Hand Knight,0,0,5.0,out_magic,MS20,0,97,69.1,69,1.0,
22,God's Hand Knight,0,0,5.0,out_magic,MS22_HR50,0,97,69.1,69,1.0,
22,God's Hand Knight,0,0,5.0,out_magic,MS22_HR91,0,97,69.1,69,1.0,
22,God's Hand Knight,0,0,5.0,out_magic,ZW20,0,97,86.4,86,1.0,
22,God's Hand Knight,0,0,5.0,out_magic,ZW20_HeroMage,0,97,91.4,91,1.0,
22,God's Hand Knight,0,0,5.0,out_magic,bare_HeroMage,0,97,73.1,73,1.0,
22,God's Hand Knight,0,0,5.0,out_phys,bare_hand,0,77,13.0,13,1.0,
22,God's Hand Knight,0,0,5.0,out_phys,LongSword+2,0,77,8.7,9,1.0,
22,God's Hand Knight,0,0,5.0,out_phys,GiantSword,0,77,18.6,19,1.0,
22,God's Hand Knight,0,0,5.0,out_phys,GS_Hero,0,87,23.6,24,1.0,
22,God's Hand Knight,0,0,5.0,out_phys,GS_Hero_NOX,0,97,23.6,24,1.0,
22,God's Hand Knight,0,0,5.0,out_phys,GS_Hero_NOX_Xelima7,0,97,30.6,31,1.0,
22,God's Hand Knight,0,0,5.0,out_phys,GS_Hero_NOX_Abaddon17,0,97,40.6,41,1.0,
22,God's Hand Knight,0,0,5.0,out_phys,GS_full_upg10,0,97,50.6,51,1.0,
22,God's Hand Knight,0,0,5.0,in_phys,naked_PA0,0,,5,,1.0,5
22,God's Hand Knight,0,0,5.0,in_phys,light_PA20,0,,5,,1.0,4
22,God's Hand Knight,0,0,5.0,in_phys,heavy_PA40,0,,5,,1.0,3
22,God's Hand Knight,0,0,5.0,in_phys,heavy_Merien5_PA45,0,,5,,1.0,3
22,God's Hand Knight,0,0,5.0,in_phys,heavy_Merien10_PA50,0,,5,,1.0,3
22,God's Hand Knight,0,0,5.0,in_phys,stack_PA70,0,,5,,1.0,2
22,God's Hand Knight,0,0,5.0,in_phys,cap_PA80,0,,5,,1.0,1
22,God's Hand Knight,0,0,5.0,out_magic,bare,50,97,69.1,70,1.534,
22,God's Hand Knight,0,0,5.0,out_magic,MS20,50,97,69.1,70,1.534,
22,God's Hand Knight,0,0,5.0,out_magic,MS22_HR50,50,97,69.1,70,1.534,
22,God's Hand Knight,0,0,5.0,out_magic,MS22_HR91,50,97,69.1,70,1.534,
22,God's Hand Knight,0,0,5.0,out_magic,ZW20,50,97,86.4,87,1.534,
22,God's Hand Knight,0,0,5.0,out_magic,ZW20_HeroMage,50,97,91.4,92,1.534,
22,God's Hand Knight,0,0,5.0,out_magic,bare_HeroMage,50,97,73.1,74,1.534,
22,God's Hand Knight,0,0,5.0,out_phys,bare_hand,50,77,13.0,14,1.534,
22,God's Hand Knight,0,0,5.0,out_phys,LongSword+2,50,77,8.7,10,1.534,
22,God's Hand Knight,0,0,5.0,out_phys,GiantSword,50,77,18.6,20,1.534,
22,God's Hand Knight,0,0,5.0,out_phys,GS_Hero,50,87,23.6,25,1.534,
22,God's Hand Knight,0,0,5.0,out_phys,GS_Hero_NOX,50,97,23.6,25,1.534,
22,God's Hand Knight,0,0,5.0,out_phys,GS_Hero_NOX_Xelima7,50,97,30.6,32,1.534,
22,God's Hand Knight,0,0,5.0,out_phys,GS_Hero_NOX_Abaddon17,50,97,40.6,42,1.534,
22,God's Hand Knight,0,0,5.0,out_phys,GS_full_upg10,50,97,50.6,52,1.534,
22,God's Hand Knight,0,0,5.0,in_phys,naked_PA0,50,,5,,1.534,5
22,God's Hand Knight,0,0,5.0,in_phys,light_PA20,50,,5,,1.534,4
22,God's Hand Knight,0,0,5.0,in_phys,heavy_PA40,50,,5,,1.534,3
22,God's Hand Knight,0,0,5.0,in_phys,heavy_Merien5_PA45,50,,5,,1.534,3
22,God's Hand Knight,0,0,5.0,in_phys,heavy_Merien10_PA50,50,,5,,1.534,3
22,God's Hand Knight,0,0,5.0,in_phys,stack_PA70,50,,5,,1.534,2
22,God's Hand Knight,0,0,5.0,in_phys,cap_PA80,50,,5,,1.534,1
23,God's Hand Knight on Armored Battle Steed,0,0,5.0,out_magic,bare,0,97,69.1,69,1.0,
23,God's Hand Knight on Armored Battle Steed,0,0,5.0,out_magic,MS20,0,97,69.1,69,1.0,
23,God's Hand Knight on Armored Battle Steed,0,0,5.0,out_magic,MS22_HR50,0,97,69.1,69,1.0,
23,God's Hand Knight on Armored Battle Steed,0,0,5.0,out_magic,MS22_HR91,0,97,69.1,69,1.0,
23,God's Hand Knight on Armored Battle Steed,0,0,5.0,out_magic,ZW20,0,97,86.4,86,1.0,
23,God's Hand Knight on Armored Battle Steed,0,0,5.0,out_magic,ZW20_HeroMage,0,97,91.4,91,1.0,
23,God's Hand Knight on Armored Battle Steed,0,0,5.0,out_magic,bare_HeroMage,0,97,73.1,73,1.0,
23,God's Hand Knight on Armored Battle Steed,0,0,5.0,out_phys,bare_hand,0,77,13.0,13,1.0,
23,God's Hand Knight on Armored Battle Steed,0,0,5.0,out_phys,LongSword+2,0,77,8.7,9,1.0,
23,God's Hand Knight on Armored Battle Steed,0,0,5.0,out_phys,GiantSword,0,77,18.6,19,1.0,
23,God's Hand Knight on Armored Battle Steed,0,0,5.0,out_phys,GS_Hero,0,87,23.6,24,1.0,
23,God's Hand Knight on Armored Battle Steed,0,0,5.0,out_phys,GS_Hero_NOX,0,97,23.6,24,1.0,
23,God's Hand Knight on Armored Battle Steed,0,0,5.0,out_phys,GS_Hero_NOX_Xelima7,0,97,30.6,31,1.0,
23,God's Hand Knight on Armored Battle Steed,0,0,5.0,out_phys,GS_Hero_NOX_Abaddon17,0,97,40.6,41,1.0,
23,God's Hand Knight on Armored Battle Steed,0,0,5.0,out_phys,GS_full_upg10,0,97,50.6,51,1.0,
23,God's Hand Knight on Armored Battle Steed,0,0,5.0,in_phys,naked_PA0,0,,5,,1.0,5
23,God's Hand Knight on Armored Battle Steed,0,0,5.0,in_phys,light_PA20,0,,5,,1.0,4
23,God's Hand Knight on Armored Battle Steed,0,0,5.0,in_phys,heavy_PA40,0,,5,,1.0,3
23,God's Hand Knight on Armored Battle Steed,0,0,5.0,in_phys,heavy_Merien5_PA45,0,,5,,1.0,3
23,God's Hand Knight on Armored Battle Steed,0,0,5.0,in_phys,heavy_Merien10_PA50,0,,5,,1.0,3
23,God's Hand Knight on Armored Battle Steed,0,0,5.0,in_phys,stack_PA70,0,,5,,1.0,2
23,God's Hand Knight on Armored Battle Steed,0,0,5.0,in_phys,cap_PA80,0,,5,,1.0,1
23,God's Hand Knight on Armored Battle Steed,0,0,5.0,out_magic,bare,50,97,69.1,70,1.524,
23,God's Hand Knight on Armored Battle Steed,0,0,5.0,out_magic,MS20,50,97,69.1,70,1.524,
23,God's Hand Knight on Armored Battle Steed,0,0,5.0,out_magic,MS22_HR50,50,97,69.1,70,1.524,
23,God's Hand Knight on Armored Battle Steed,0,0,5.0,out_magic,MS22_HR91,50,97,69.1,70,1.524,
23,God's Hand Knight on Armored Battle Steed,0,0,5.0,out_magic,ZW20,50,97,86.4,87,1.524,
23,God's Hand Knight on Armored Battle Steed,0,0,5.0,out_magic,ZW20_HeroMage,50,97,91.4,92,1.524,
23,God's Hand Knight on Armored Battle Steed,0,0,5.0,out_magic,bare_HeroMage,50,97,73.1,74,1.524,
23,God's Hand Knight on Armored Battle Steed,0,0,5.0,out_phys,bare_hand,50,79,13.0,14,1.524,
23,God's Hand Knight on Armored Battle Steed,0,0,5.0,out_phys,LongSword+2,50,79,8.7,10,1.524,
23,God's Hand Knight on Armored Battle Steed,0,0,5.0,out_phys,GiantSword,50,79,18.6,20,1.524,
23,God's Hand Knight on Armored Battle Steed,0,0,5.0,out_phys,GS_Hero,50,89,23.6,25,1.524,
23,God's Hand Knight on Armored Battle Steed,0,0,5.0,out_phys,GS_Hero_NOX,50,97,23.6,25,1.524,
23,God's Hand Knight on Armored Battle Steed,0,0,5.0,out_phys,GS_Hero_NOX_Xelima7,50,97,30.6,32,1.524,
23,God's Hand Knight on Armored Battle Steed,0,0,5.0,out_phys,GS_Hero_NOX_Abaddon17,50,97,40.6,42,1.524,
23,God's Hand Knight on Armored Battle Steed,0,0,5.0,out_phys,GS_full_upg10,50,97,50.6,52,1.524,
23,God's Hand Knight on Armored Battle Steed,0,0,5.0,in_phys,naked_PA0,50,,5,,1.524,4
23,God's Hand Knight on Armored Battle Steed,0,0,5.0,in_phys,light_PA20,50,,5,,1.524,4
23,God's Hand Knight on Armored Battle Steed,0,0,5.0,in_phys,heavy_PA40,50,,5,,1.524,3
23,God's Hand Knight on Armored Battle Steed,0,0,5.0,in_phys,heavy_Merien5_PA45,50,,5,,1.524,3
23,God's Hand Knight on Armored Battle Steed,0,0,5.0,in_phys,heavy_Merien10_PA50,50,,5,,1.524,2
23,God's Hand Knight on Armored Battle Steed,0,0,5.0,in_phys,stack_PA70,50,,5,,1.524,2
23,God's Hand Knight on Armored Battle Steed,0,0,5.0,in_phys,cap_PA80,50,,5,,1.524,1
24,Giant Cray Fish,5,386,28.0,out_magic,bare,0,97,69.1,69,1.0,
24,Giant Cray Fish,5,386,28.0,out_magic,MS20,0,97,69.1,69,1.0,
24,Giant Cray Fish,5,386,28.0,out_magic,MS22_HR50,0,97,69.1,69,1.0,
24,Giant Cray Fish,5,386,28.0,out_magic,MS22_HR91,0,97,69.1,69,1.0,
24,Giant Cray Fish,5,386,28.0,out_magic,ZW20,0,97,86.4,86,1.0,
24,Giant Cray Fish,5,386,28.0,out_magic,ZW20_HeroMage,0,97,91.4,91,1.0,
24,Giant Cray Fish,5,386,28.0,out_magic,bare_HeroMage,0,97,73.1,73,1.0,
24,Giant Cray Fish,5,386,28.0,out_phys,bare_hand,0,77,13.0,13,1.0,
24,Giant Cray Fish,5,386,28.0,out_phys,LongSword+2,0,77,8.7,9,1.0,
24,Giant Cray Fish,5,386,28.0,out_phys,GiantSword,0,77,18.6,19,1.0,
24,Giant Cray Fish,5,386,28.0,out_phys,GS_Hero,0,87,23.6,24,1.0,
24,Giant Cray Fish,5,386,28.0,out_phys,GS_Hero_NOX,0,97,23.6,24,1.0,
24,Giant Cray Fish,5,386,28.0,out_phys,GS_Hero_NOX_Xelima7,0,97,30.6,31,1.0,
24,Giant Cray Fish,5,386,28.0,out_phys,GS_Hero_NOX_Abaddon17,0,97,40.6,41,1.0,
24,Giant Cray Fish,5,386,28.0,out_phys,GS_full_upg10,0,97,50.6,51,1.0,
24,Giant Cray Fish,5,386,28.0,in_phys,naked_PA0,0,,28,,1.0,28
24,Giant Cray Fish,5,386,28.0,in_phys,light_PA20,0,,28,,1.0,23
24,Giant Cray Fish,5,386,28.0,in_phys,heavy_PA40,0,,28,,1.0,17
24,Giant Cray Fish,5,386,28.0,in_phys,heavy_Merien5_PA45,0,,28,,1.0,16
24,Giant Cray Fish,5,386,28.0,in_phys,heavy_Merien10_PA50,0,,28,,1.0,14
24,Giant Cray Fish,5,386,28.0,in_phys,stack_PA70,0,,28,,1.0,9
24,Giant Cray Fish,5,386,28.0,in_phys,cap_PA80,0,,28,,1.0,6
24,Giant Cray Fish,5,386,28.0,out_magic,bare,50,97,69.1,70,1.524,
24,Giant Cray Fish,5,386,28.0,out_magic,MS20,50,97,69.1,70,1.524,
24,Giant Cray Fish,5,386,28.0,out_magic,MS22_HR50,50,97,69.1,70,1.524,
24,Giant Cray Fish,5,386,28.0,out_magic,MS22_HR91,50,97,69.1,70,1.524,
24,Giant Cray Fish,5,386,28.0,out_magic,ZW20,50,97,86.4,88,1.524,
24,Giant Cray Fish,5,386,28.0,out_magic,ZW20_HeroMage,50,97,91.4,93,1.524,
24,Giant Cray Fish,5,386,28.0,out_magic,bare_HeroMage,50,97,73.1,74,1.524,
24,Giant Cray Fish,5,386,28.0,out_phys,bare_hand,50,79,13.0,13,1.524,
24,Giant Cray Fish,5,386,28.0,out_phys,LongSword+2,50,79,8.7,9,1.524,
24,Giant Cray Fish,5,386,28.0,out_phys,GiantSword,50,79,18.6,19,1.524,
24,Giant Cray Fish,5,386,28.0,out_phys,GS_Hero,50,89,23.6,24,1.524,
24,Giant Cray Fish,5,386,28.0,out_phys,GS_Hero_NOX,50,97,23.6,24,1.524,
24,Giant Cray Fish,5,386,28.0,out_phys,GS_Hero_NOX_Xelima7,50,97,30.6,32,1.524,
24,Giant Cray Fish,5,386,28.0,out_phys,GS_Hero_NOX_Abaddon17,50,97,40.6,42,1.524,
24,Giant Cray Fish,5,386,28.0,out_phys,GS_full_upg10,50,97,50.6,52,1.524,
24,Giant Cray Fish,5,386,28.0,in_phys,naked_PA0,50,,28,,1.524,27
24,Giant Cray Fish,5,386,28.0,in_phys,light_PA20,50,,28,,1.524,22
24,Giant Cray Fish,5,386,28.0,in_phys,heavy_PA40,50,,28,,1.524,17
24,Giant Cray Fish,5,386,28.0,in_phys,heavy_Merien5_PA45,50,,28,,1.524,15
24,Giant Cray Fish,5,386,28.0,in_phys,heavy_Merien10_PA50,50,,28,,1.524,14
24,Giant Cray Fish,5,386,28.0,in_phys,stack_PA70,50,,28,,1.524,9
24,Giant Cray Fish,5,386,28.0,in_phys,cap_PA80,50,,28,,1.524,6
25,Giant Frog,5,193,21.0,out_magic,bare,0,97,69.1,69,1.0,
25,Giant Frog,5,193,21.0,out_magic,MS20,0,97,69.1,69,1.0,
25,Giant Frog,5,193,21.0,out_magic,MS22_HR50,0,97,69.1,69,1.0,
25,Giant Frog,5,193,21.0,out_magic,MS22_HR91,0,97,69.1,69,1.0,
25,Giant Frog,5,193,21.0,out_magic,ZW20,0,97,86.4,86,1.0,
25,Giant Frog,5,193,21.0,out_magic,ZW20_HeroMage,0,97,91.4,91,1.0,
25,Giant Frog,5,193,21.0,out_magic,bare_HeroMage,0,97,73.1,73,1.0,
25,Giant Frog,5,193,21.0,out_phys,bare_hand,0,77,13.0,13,1.0,
25,Giant Frog,5,193,21.0,out_phys,LongSword+2,0,77,8.7,9,1.0,
25,Giant Frog,5,193,21.0,out_phys,GiantSword,0,77,18.6,19,1.0,
25,Giant Frog,5,193,21.0,out_phys,GS_Hero,0,87,23.6,24,1.0,
25,Giant Frog,5,193,21.0,out_phys,GS_Hero_NOX,0,97,23.6,24,1.0,
25,Giant Frog,5,193,21.0,out_phys,GS_Hero_NOX_Xelima7,0,97,30.6,31,1.0,
25,Giant Frog,5,193,21.0,out_phys,GS_Hero_NOX_Abaddon17,0,97,40.6,41,1.0,
25,Giant Frog,5,193,21.0,out_phys,GS_full_upg10,0,97,50.6,51,1.0,
25,Giant Frog,5,193,21.0,in_phys,naked_PA0,0,,21,,1.0,21
25,Giant Frog,5,193,21.0,in_phys,light_PA20,0,,21,,1.0,17
25,Giant Frog,5,193,21.0,in_phys,heavy_PA40,0,,21,,1.0,13
25,Giant Frog,5,193,21.0,in_phys,heavy_Merien5_PA45,0,,21,,1.0,12
25,Giant Frog,5,193,21.0,in_phys,heavy_Merien10_PA50,0,,21,,1.0,11
25,Giant Frog,5,193,21.0,in_phys,stack_PA70,0,,21,,1.0,7
25,Giant Frog,5,193,21.0,in_phys,cap_PA80,0,,21,,1.0,5
25,Giant Frog,5,193,21.0,out_magic,bare,50,97,69.1,70,1.524,
25,Giant Frog,5,193,21.0,out_magic,MS20,50,97,69.1,70,1.524,
25,Giant Frog,5,193,21.0,out_magic,MS22_HR50,50,97,69.1,70,1.524,
25,Giant Frog,5,193,21.0,out_magic,MS22_HR91,50,97,69.1,70,1.524,
25,Giant Frog,5,193,21.0,out_magic,ZW20,50,97,86.4,88,1.524,
25,Giant Frog,5,193,21.0,out_magic,ZW20_HeroMage,50,97,91.4,93,1.524,
25,Giant Frog,5,193,21.0,out_magic,bare_HeroMage,50,97,73.1,74,1.524,
25,Giant Frog,5,193,21.0,out_phys,bare_hand,50,79,13.0,13,1.524,
25,Giant Frog,5,193,21.0,out_phys,LongSword+2,50,79,8.7,9,1.524,
25,Giant Frog,5,193,21.0,out_phys,GiantSword,50,79,18.6,19,1.524,
25,Giant Frog,5,193,21.0,out_phys,GS_Hero,50,89,23.6,24,1.524,
25,Giant Frog,5,193,21.0,out_phys,GS_Hero_NOX,50,97,23.6,24,1.524,
25,Giant Frog,5,193,21.0,out_phys,GS_Hero_NOX_Xelima7,50,97,30.6,32,1.524,
25,Giant Frog,5,193,21.0,out_phys,GS_Hero_NOX_Abaddon17,50,97,40.6,42,1.524,
25,Giant Frog,5,193,21.0,out_phys,GS_full_upg10,50,97,50.6,52,1.524,
25,Giant Frog,5,193,21.0,in_phys,naked_PA0,50,,21,,1.524,20
25,Giant Frog,5,193,21.0,in_phys,light_PA20,50,,21,,1.524,16
25,Giant Frog,5,193,21.0,in_phys,heavy_PA40,50,,21,,1.524,12
25,Giant Frog,5,193,21.0,in_phys,heavy_Merien5_PA45,50,,21,,1.524,11
25,Giant Frog,5,193,21.0,in_phys,heavy_Merien10_PA50,50,,21,,1.524,10
25,Giant Frog,5,193,21.0,in_phys,stack_PA70,50,,21,,1.524,6
25,Giant Frog,5,193,21.0,in_phys,cap_PA80,50,,21,,1.524,4
26,Giant Lizard,10,2476,55.0,out_magic,bare,0,78,69.1,69,1.0,
26,Giant Lizard,10,2476,55.0,out_magic,MS20,0,78,69.1,69,1.0,
26,Giant Lizard,10,2476,55.0,out_magic,MS22_HR50,0,83,69.1,69,1.0,
26,Giant Lizard,10,2476,55.0,out_magic,MS22_HR91,0,87,69.1,69,1.0,
26,Giant Lizard,10,2476,55.0,out_magic,ZW20,0,78,86.4,86,1.0,
26,Giant Lizard,10,2476,55.0,out_magic,ZW20_HeroMage,0,78,91.4,91,1.0,
26,Giant Lizard,10,2476,55.0,out_magic,bare_HeroMage,0,78,73.1,73,1.0,
26,Giant Lizard,10,2476,55.0,out_phys,bare_hand,0,62,13.0,13,1.0,
26,Giant Lizard,10,2476,55.0,out_phys,LongSword+2,0,62,8.7,9,1.0,
26,Giant Lizard,10,2476,55.0,out_phys,GiantSword,0,62,18.6,19,1.0,
26,Giant Lizard,10,2476,55.0,out_phys,GS_Hero,0,72,23.6,24,1.0,
26,Giant Lizard,10,2476,55.0,out_phys,GS_Hero_NOX,0,82,23.6,24,1.0,
26,Giant Lizard,10,2476,55.0,out_phys,GS_Hero_NOX_Xelima7,0,82,30.6,31,1.0,
26,Giant Lizard,10,2476,55.0,out_phys,GS_Hero_NOX_Abaddon17,0,82,40.6,41,1.0,
26,Giant Lizard,10,2476,55.0,out_phys,GS_full_upg10,0,82,50.6,51,1.0,
26,Giant Lizard,10,2476,55.0,in_phys,naked_PA0,0,,55,,1.0,55
26,Giant Lizard,10,2476,55.0,in_phys,light_PA20,0,,55,,1.0,44
26,Giant Lizard,10,2476,55.0,in_phys,heavy_PA40,0,,55,,1.0,33
26,Giant Lizard,10,2476,55.0,in_phys,heavy_Merien5_PA45,0,,55,,1.0,31
26,Giant Lizard,10,2476,55.0,in_phys,heavy_Merien10_PA50,0,,55,,1.0,28
26,Giant Lizard,10,2476,55.0,in_phys,stack_PA70,0,,55,,1.0,17
26,Giant Lizard,10,2476,55.0,in_phys,cap_PA80,0,,55,,1.0,11
26,Giant Lizard,10,2476,55.0,out_magic,bare,50,80,69.1,70,1.524,
26,Giant Lizard,10,2476,55.0,out_magic,MS20,50,80,69.1,70,1.524,
26,Giant Lizard,10,2476,55.0,out_magic,MS22_HR50,50,85,69.1,70,1.524,
26,Giant Lizard,10,2476,55.0,out_magic,MS22_HR91,50,89,69.1,70,1.524,
26,Giant Lizard,10,2476,55.0,out_magic,ZW20,50,80,86.4,87,1.524,
26,Giant Lizard,10,2476,55.0,out_magic,ZW20_HeroMage,50,80,91.4,92,1.524,
26,Giant Lizard,10,2476,55.0,out_magic,bare_HeroMage,50,80,73.1,74,1.524,
26,Giant Lizard,10,2476,55.0,out_phys,bare_hand,50,64,13.0,14,1.524,
26,Giant Lizard,10,2476,55.0,out_phys,LongSword+2,50,64,8.7,10,1.524,
26,Giant Lizard,10,2476,55.0,out_phys,GiantSword,50,64,18.6,20,1.524,
26,Giant Lizard,10,2476,55.0,out_phys,GS_Hero,50,74,23.6,25,1.524,
26,Giant Lizard,10,2476,55.0,out_phys,GS_Hero_NOX,50,84,23.6,25,1.524,
26,Giant Lizard,10,2476,55.0,out_phys,GS_Hero_NOX_Xelima7,50,84,30.6,32,1.524,
26,Giant Lizard,10,2476,55.0,out_phys,GS_Hero_NOX_Abaddon17,50,84,40.6,42,1.524,
26,Giant Lizard,10,2476,55.0,out_phys,GS_full_upg10,50,84,50.6,52,1.524,
26,Giant Lizard,10,2476,55.0,in_phys,naked_PA0,50,,55,,1.524,54
26,Giant Lizard,10,2476,55.0,in_phys,light_PA20,50,,55,,1.524,44
26,Giant Lizard,10,2476,55.0,in_phys,heavy_PA40,50,,55,,1.524,33
26,Giant Lizard,10,2476,55.0,in_phys,heavy_Merien5_PA45,50,,55,,1.524,30
26,Giant Lizard,10,2476,55.0,in_phys,heavy_Merien10_PA50,50,,55,,1.524,27
26,Giant Lizard,10,2476,55.0,in_phys,stack_PA70,50,,55,,1.524,17
26,Giant Lizard,10,2476,55.0,in_phys,cap_PA80,50,,55,,1.524,11
27,Giant Tree,5,551,28.0,out_magic,bare,0,97,69.1,69,1.0,
27,Giant Tree,5,551,28.0,out_magic,MS20,0,97,69.1,69,1.0,
27,Giant Tree,5,551,28.0,out_magic,MS22_HR50,0,97,69.1,69,1.0,
27,Giant Tree,5,551,28.0,out_magic,MS22_HR91,0,97,69.1,69,1.0,
27,Giant Tree,5,551,28.0,out_magic,ZW20,0,97,86.4,86,1.0,
27,Giant Tree,5,551,28.0,out_magic,ZW20_HeroMage,0,97,91.4,91,1.0,
27,Giant Tree,5,551,28.0,out_magic,bare_HeroMage,0,97,73.1,73,1.0,
27,Giant Tree,5,551,28.0,out_phys,bare_hand,0,77,13.0,13,1.0,
27,Giant Tree,5,551,28.0,out_phys,LongSword+2,0,77,8.7,9,1.0,
27,Giant Tree,5,551,28.0,out_phys,GiantSword,0,77,18.6,19,1.0,
27,Giant Tree,5,551,28.0,out_phys,GS_Hero,0,87,23.6,24,1.0,
27,Giant Tree,5,551,28.0,out_phys,GS_Hero_NOX,0,97,23.6,24,1.0,
27,Giant Tree,5,551,28.0,out_phys,GS_Hero_NOX_Xelima7,0,97,30.6,31,1.0,
27,Giant Tree,5,551,28.0,out_phys,GS_Hero_NOX_Abaddon17,0,97,40.6,41,1.0,
27,Giant Tree,5,551,28.0,out_phys,GS_full_upg10,0,97,50.6,51,1.0,
27,Giant Tree,5,551,28.0,in_phys,naked_PA0,0,,28,,1.0,28
27,Giant Tree,5,551,28.0,in_phys,light_PA20,0,,28,,1.0,23
27,Giant Tree,5,551,28.0,in_phys,heavy_PA40,0,,28,,1.0,17
27,Giant Tree,5,551,28.0,in_phys,heavy_Merien5_PA45,0,,28,,1.0,16
27,Giant Tree,5,551,28.0,in_phys,heavy_Merien10_PA50,0,,28,,1.0,14
27,Giant Tree,5,551,28.0,in_phys,stack_PA70,0,,28,,1.0,9
27,Giant Tree,5,551,28.0,in_phys,cap_PA80,0,,28,,1.0,6
27,Giant Tree,5,551,28.0,out_magic,bare,50,97,69.1,70,1.524,
27,Giant Tree,5,551,28.0,out_magic,MS20,50,97,69.1,70,1.524,
27,Giant Tree,5,551,28.0,out_magic,MS22_HR50,50,97,69.1,70,1.524,
27,Giant Tree,5,551,28.0,out_magic,MS22_HR91,50,97,69.1,70,1.524,
27,Giant Tree,5,551,28.0,out_magic,ZW20,50,97,86.4,88,1.524,
27,Giant Tree,5,551,28.0,out_magic,ZW20_HeroMage,50,97,91.4,93,1.524,
27,Giant Tree,5,551,28.0,out_magic,bare_HeroMage,50,97,73.1,74,1.524,
27,Giant Tree,5,551,28.0,out_phys,bare_hand,50,79,13.0,13,1.524,
27,Giant Tree,5,551,28.0,out_phys,LongSword+2,50,79,8.7,9,1.524,
27,Giant Tree,5,551,28.0,out_phys,GiantSword,50,79,18.6,19,1.524,
27,Giant Tree,5,551,28.0,out_phys,GS_Hero,50,89,23.6,24,1.524,
27,Giant Tree,5,551,28.0,out_phys,GS_Hero_NOX,50,97,23.6,24,1.524,
27,Giant Tree,5,551,28.0,out_phys,GS_Hero_NOX_Xelima7,50,97,30.6,32,1.524,
27,Giant Tree,5,551,28.0,out_phys,GS_Hero_NOX_Abaddon17,50,97,40.6,42,1.524,
27,Giant Tree,5,551,28.0,out_phys,GS_full_upg10,50,97,50.6,52,1.524,
27,Giant Tree,5,551,28.0,in_phys,naked_PA0,50,,28,,1.524,27
27,Giant Tree,5,551,28.0,in_phys,light_PA20,50,,28,,1.524,22
27,Giant Tree,5,551,28.0,in_phys,heavy_PA40,50,,28,,1.524,17
27,Giant Tree,5,551,28.0,in_phys,heavy_Merien5_PA45,50,,28,,1.524,15
27,Giant Tree,5,551,28.0,in_phys,heavy_Merien10_PA50,50,,28,,1.524,14
27,Giant Tree,5,551,28.0,in_phys,stack_PA70,50,,28,,1.524,9
27,Giant Tree,5,551,28.0,in_phys,cap_PA80,50,,28,,1.524,6
28,Stone Golem,3,138,17.5,out_magic,bare,0,97,69.1,69,1.0,
28,Stone Golem,3,138,17.5,out_magic,MS20,0,97,69.1,69,1.0,
28,Stone Golem,3,138,17.5,out_magic,MS22_HR50,0,97,69.1,69,1.0,
28,Stone Golem,3,138,17.5,out_magic,MS22_HR91,0,97,69.1,69,1.0,
28,Stone Golem,3,138,17.5,out_magic,ZW20,0,97,86.4,86,1.0,
28,Stone Golem,3,138,17.5,out_magic,ZW20_HeroMage,0,97,91.4,91,1.0,
28,Stone Golem,3,138,17.5,out_magic,bare_HeroMage,0,97,73.1,73,1.0,
28,Stone Golem,3,138,17.5,out_phys,bare_hand,0,83,13.0,13,1.0,
28,Stone Golem,3,138,17.5,out_phys,LongSword+2,0,83,8.7,9,1.0,
28,Stone Golem,3,138,17.5,out_phys,GiantSword,0,83,18.6,19,1.0,
28,Stone Golem,3,138,17.5,out_phys,GS_Hero,0,93,23.6,24,1.0,
28,Stone Golem,3,138,17.5,out_phys,GS_Hero_NOX,0,97,23.6,24,1.0,
28,Stone Golem,3,138,17.5,out_phys,GS_Hero_NOX_Xelima7,0,97,30.6,31,1.0,
28,Stone Golem,3,138,17.5,out_phys,GS_Hero_NOX_Abaddon17,0,97,40.6,41,1.0,
28,Stone Golem,3,138,17.5,out_phys,GS_full_upg10,0,97,50.6,51,1.0,
28,Stone Golem,3,138,17.5,in_phys,naked_PA0,0,,18,,1.0,18
28,Stone Golem,3,138,17.5,in_phys,light_PA20,0,,18,,1.0,15
28,Stone Golem,3,138,17.5,in_phys,heavy_PA40,0,,18,,1.0,11
28,Stone Golem,3,138,17.5,in_phys,heavy_Merien5_PA45,0,,18,,1.0,10
28,Stone Golem,3,138,17.5,in_phys,heavy_Merien10_PA50,0,,18,,1.0,9
28,Stone Golem,3,138,17.5,in_phys,stack_PA70,0,,18,,1.0,6
28,Stone Golem,3,138,17.5,in_phys,cap_PA80,0,,18,,1.0,4
28,Stone Golem,3,138,17.5,out_magic,bare,50,97,69.1,70,1.524,
28,Stone Golem,3,138,17.5,out_magic,MS20,50,97,69.1,70,1.524,
28,Stone Golem,3,138,17.5,out_magic,MS22_HR50,50,97,69.1,70,1.524,
28,Stone Golem,3,138,17.5,out_magic,MS22_HR91,50,97,69.1,70,1.524,
28,Stone Golem,3,138,17.5,out_magic,ZW20,50,97,86.4,88,1.524,
28,Stone Golem,3,138,17.5,out_magic,ZW20_HeroMage,50,97,91.4,93,1.524,
28,Stone Golem,3,138,17.5,out_magic,bare_HeroMage,50,97,73.1,74,1.524,
28,Stone Golem,3,138,17.5,out_phys,bare_hand,50,85,13.0,13,1.524,
28,Stone Golem,3,138,17.5,out_phys,LongSword+2,50,85,8.7,9,1.524,
28,Stone Golem,3,138,17.5,out_phys,GiantSword,50,85,18.6,19,1.524,
28,Stone Golem,3,138,17.5,out_phys,GS_Hero,50,95,23.6,24,1.524,
28,Stone Golem,3,138,17.5,out_phys,GS_Hero_NOX,50,97,23.6,24,1.524,
28,Stone Golem,3,138,17.5,out_phys,GS_Hero_NOX_Xelima7,50,97,30.6,32,1.524,
28,Stone Golem,3,138,17.5,out_phys,GS_Hero_NOX_Abaddon17,50,97,40.6,42,1.524,
28,Stone Golem,3,138,17.5,out_phys,GS_full_upg10,50,97,50.6,52,1.524,
28,Stone Golem,3,138,17.5,in_phys,naked_PA0,50,,18,,1.524,17
28,Stone Golem,3,138,17.5,in_phys,light_PA20,50,,18,,1.524,14
28,Stone Golem,3,138,17.5,in_phys,heavy_PA40,50,,18,,1.524,11
28,Stone Golem,3,138,17.5,in_phys,heavy_Merien5_PA45,50,,18,,1.524,10
28,Stone Golem,3,138,17.5,in_phys,heavy_Merien10_PA50,50,,18,,1.524,9
28,Stone Golem,3,138,17.5,in_phys,stack_PA70,50,,18,,1.524,6
28,Stone Golem,3,138,17.5,in_phys,cap_PA80,50,,18,,1.524,4
29,Arrow Guard Tower,0,0,5.0,out_magic,bare,0,97,69.1,69,1.0,
29,Arrow Guard Tower,0,0,5.0,out_magic,MS20,0,97,69.1,69,1.0,
29,Arrow Guard Tower,0,0,5.0,out_magic,MS22_HR50,0,97,69.1,69,1.0,
29,Arrow Guard Tower,0,0,5.0,out_magic,MS22_HR91,0,97,69.1,69,1.0,
29,Arrow Guard Tower,0,0,5.0,out_magic,ZW20,0,97,86.4,86,1.0,
29,Arrow Guard Tower,0,0,5.0,out_magic,ZW20_HeroMage,0,97,91.4,91,1.0,
29,Arrow Guard Tower,0,0,5.0,out_magic,bare_HeroMage,0,97,73.1,73,1.0,
29,Arrow Guard Tower,0,0,5.0,out_phys,bare_hand,0,77,13.0,13,1.0,
29,Arrow Guard Tower,0,0,5.0,out_phys,LongSword+2,0,77,8.7,9,1.0,
29,Arrow Guard Tower,0,0,5.0,out_phys,GiantSword,0,77,18.6,19,1.0,
29,Arrow Guard Tower,0,0,5.0,out_phys,GS_Hero,0,87,23.6,24,1.0,
29,Arrow Guard Tower,0,0,5.0,out_phys,GS_Hero_NOX,0,97,23.6,24,1.0,
29,Arrow Guard Tower,0,0,5.0,out_phys,GS_Hero_NOX_Xelima7,0,97,30.6,31,1.0,
29,Arrow Guard Tower,0,0,5.0,out_phys,GS_Hero_NOX_Abaddon17,0,97,40.6,41,1.0,
29,Arrow Guard Tower,0,0,5.0,out_phys,GS_full_upg10,0,97,50.6,51,1.0,
29,Arrow Guard Tower,0,0,5.0,in_phys,naked_PA0,0,,5,,1.0,5
29,Arrow Guard Tower,0,0,5.0,in_phys,light_PA20,0,,5,,1.0,4
29,Arrow Guard Tower,0,0,5.0,in_phys,heavy_PA40,0,,5,,1.0,3
29,Arrow Guard Tower,0,0,5.0,in_phys,heavy_Merien5_PA45,0,,5,,1.0,3
29,Arrow Guard Tower,0,0,5.0,in_phys,heavy_Merien10_PA50,0,,5,,1.0,3
29,Arrow Guard Tower,0,0,5.0,in_phys,stack_PA70,0,,5,,1.0,2
29,Arrow Guard Tower,0,0,5.0,in_phys,cap_PA80,0,,5,,1.0,1
29,Arrow Guard Tower,0,0,5.0,out_magic,bare,50,97,69.1,70,1.529,
29,Arrow Guard Tower,0,0,5.0,out_magic,MS20,50,97,69.1,70,1.529,
29,Arrow Guard Tower,0,0,5.0,out_magic,MS22_HR50,50,97,69.1,70,1.529,
29,Arrow Guard Tower,0,0,5.0,out_magic,MS22_HR91,50,97,69.1,70,1.529,
29,Arrow Guard Tower,0,0,5.0,out_magic,ZW20,50,97,86.4,88,1.529,
29,Arrow Guard Tower,0,0,5.0,out_magic,ZW20_HeroMage,50,97,91.4,93,1.529,
29,Arrow Guard Tower,0,0,5.0,out_magic,bare_HeroMage,50,97,73.1,74,1.529,
29,Arrow Guard Tower,0,0,5.0,out_phys,bare_hand,50,77,13.0,13,1.529,
29,Arrow Guard Tower,0,0,5.0,out_phys,LongSword+2,50,77,8.7,9,1.529,
29,Arrow Guard Tower,0,0,5.0,out_phys,GiantSword,50,77,18.6,19,1.529,
29,Arrow Guard Tower,0,0,5.0,out_phys,GS_Hero,50,87,23.6,24,1.529,
29,Arrow Guard Tower,0,0,5.0,out_phys,GS_Hero_NOX,50,97,23.6,24,1.529,
29,Arrow Guard Tower,0,0,5.0,out_phys,GS_Hero_NOX_Xelima7,50,97,30.6,32,1.529,
29,Arrow Guard Tower,0,0,5.0,out_phys,GS_Hero_NOX_Abaddon17,50,97,40.6,42,1.529,
29,Arrow Guard Tower,0,0,5.0,out_phys,GS_full_upg10,50,97,50.6,52,1.529,
29,Arrow Guard Tower,0,0,5.0,in_phys,naked_PA0,50,,5,,1.529,5
29,Arrow Guard Tower,0,0,5.0,in_phys,light_PA20,50,,5,,1.529,4
29,Arrow Guard Tower,0,0,5.0,in_phys,heavy_PA40,50,,5,,1.529,3
29,Arrow Guard Tower,0,0,5.0,in_phys,heavy_Merien5_PA45,50,,5,,1.529,3
29,Arrow Guard Tower,0,0,5.0,in_phys,heavy_Merien10_PA50,50,,5,,1.529,3
29,Arrow Guard Tower,0,0,5.0,in_phys,stack_PA70,50,,5,,1.529,2
29,Arrow Guard Tower,0,0,5.0,in_phys,cap_PA80,50,,5,,1.529,1
30,Cannon Guard Tower,0,0,5.0,out_magic,bare,0,78,69.1,69,1.0,
30,Cannon Guard Tower,0,0,5.0,out_magic,MS20,0,78,69.1,69,1.0,
30,Cannon Guard Tower,0,0,5.0,out_magic,MS22_HR50,0,83,69.1,69,1.0,
30,Cannon Guard Tower,0,0,5.0,out_magic,MS22_HR91,0,87,69.1,69,1.0,
30,Cannon Guard Tower,0,0,5.0,out_magic,ZW20,0,78,86.4,86,1.0,
30,Cannon Guard Tower,0,0,5.0,out_magic,ZW20_HeroMage,0,78,91.4,91,1.0,
30,Cannon Guard Tower,0,0,5.0,out_magic,bare_HeroMage,0,78,73.1,73,1.0,
30,Cannon Guard Tower,0,0,5.0,out_phys,bare_hand,0,77,13.0,13,1.0,
30,Cannon Guard Tower,0,0,5.0,out_phys,LongSword+2,0,77,8.7,9,1.0,
30,Cannon Guard Tower,0,0,5.0,out_phys,GiantSword,0,77,18.6,19,1.0,
30,Cannon Guard Tower,0,0,5.0,out_phys,GS_Hero,0,87,23.6,24,1.0,
30,Cannon Guard Tower,0,0,5.0,out_phys,GS_Hero_NOX,0,97,23.6,24,1.0,
30,Cannon Guard Tower,0,0,5.0,out_phys,GS_Hero_NOX_Xelima7,0,97,30.6,31,1.0,
30,Cannon Guard Tower,0,0,5.0,out_phys,GS_Hero_NOX_Abaddon17,0,97,40.6,41,1.0,
30,Cannon Guard Tower,0,0,5.0,out_phys,GS_full_upg10,0,97,50.6,51,1.0,
30,Cannon Guard Tower,0,0,5.0,in_phys,naked_PA0,0,,5,,1.0,5
30,Cannon Guard Tower,0,0,5.0,in_phys,light_PA20,0,,5,,1.0,4
30,Cannon Guard Tower,0,0,5.0,in_phys,heavy_PA40,0,,5,,1.0,3
30,Cannon Guard Tower,0,0,5.0,in_phys,heavy_Merien5_PA45,0,,5,,1.0,3
30,Cannon Guard Tower,0,0,5.0,in_phys,heavy_Merien10_PA50,0,,5,,1.0,3
30,Cannon Guard Tower,0,0,5.0,in_phys,stack_PA70,0,,5,,1.0,2
30,Cannon Guard Tower,0,0,5.0,in_phys,cap_PA80,0,,5,,1.0,1
30,Cannon Guard Tower,0,0,5.0,out_magic,bare,50,80,69.1,70,1.524,
30,Cannon Guard Tower,0,0,5.0,out_magic,MS20,50,80,69.1,70,1.524,
30,Cannon Guard Tower,0,0,5.0,out_magic,MS22_HR50,50,85,69.1,70,1.524,
30,Cannon Guard Tower,0,0,5.0,out_magic,MS22_HR91,50,89,69.1,70,1.524,
30,Cannon Guard Tower,0,0,5.0,out_magic,ZW20,50,80,86.4,88,1.524,
30,Cannon Guard Tower,0,0,5.0,out_magic,ZW20_HeroMage,50,80,91.4,93,1.524,
30,Cannon Guard Tower,0,0,5.0,out_magic,bare_HeroMage,50,80,73.1,74,1.524,
30,Cannon Guard Tower,0,0,5.0,out_phys,bare_hand,50,79,13.0,13,1.524,
30,Cannon Guard Tower,0,0,5.0,out_phys,LongSword+2,50,79,8.7,9,1.524,
30,Cannon Guard Tower,0,0,5.0,out_phys,GiantSword,50,79,18.6,19,1.524,
30,Cannon Guard Tower,0,0,5.0,out_phys,GS_Hero,50,89,23.6,24,1.524,
30,Cannon Guard Tower,0,0,5.0,out_phys,GS_Hero_NOX,50,97,23.6,24,1.524,
30,Cannon Guard Tower,0,0,5.0,out_phys,GS_Hero_NOX_Xelima7,50,97,30.6,32,1.524,
30,Cannon Guard Tower,0,0,5.0,out_phys,GS_Hero_NOX_Abaddon17,50,97,40.6,42,1.524,
30,Cannon Guard Tower,0,0,5.0,out_phys,GS_full_upg10,50,97,50.6,52,1.524,
30,Cannon Guard Tower,0,0,5.0,in_phys,naked_PA0,50,,5,,1.524,5
30,Cannon Guard Tower,0,0,5.0,in_phys,light_PA20,50,,5,,1.524,4
30,Cannon Guard Tower,0,0,5.0,in_phys,heavy_PA40,50,,5,,1.524,3
30,Cannon Guard Tower,0,0,5.0,in_phys,heavy_Merien5_PA45,50,,5,,1.524,3
30,Cannon Guard Tower,0,0,5.0,in_phys,heavy_Merien10_PA50,50,,5,,1.524,3
30,Cannon Guard Tower,0,0,5.0,in_phys,stack_PA70,50,,5,,1.524,2
30,Cannon Guard Tower,0,0,5.0,in_phys,cap_PA80,50,,5,,1.524,1
31,Guard,0,1926,54.0,out_magic,bare,0,78,69.1,69,1.0,
31,Guard,0,1926,54.0,out_magic,MS20,0,78,69.1,69,1.0,
31,Guard,0,1926,54.0,out_magic,MS22_HR50,0,83,69.1,69,1.0,
31,Guard,0,1926,54.0,out_magic,MS22_HR91,0,87,69.1,69,1.0,
31,Guard,0,1926,54.0,out_magic,ZW20,0,78,86.4,86,1.0,
31,Guard,0,1926,54.0,out_magic,ZW20_HeroMage,0,78,91.4,91,1.0,
31,Guard,0,1926,54.0,out_magic,bare_HeroMage,0,78,73.1,73,1.0,
31,Guard,0,1926,54.0,out_phys,bare_hand,0,77,13.0,13,1.0,
31,Guard,0,1926,54.0,out_phys,LongSword+2,0,77,8.7,9,1.0,
31,Guard,0,1926,54.0,out_phys,GiantSword,0,77,18.6,19,1.0,
31,Guard,0,1926,54.0,out_phys,GS_Hero,0,87,23.6,24,1.0,
31,Guard,0,1926,54.0,out_phys,GS_Hero_NOX,0,97,23.6,24,1.0,
31,Guard,0,1926,54.0,out_phys,GS_Hero_NOX_Xelima7,0,97,30.6,31,1.0,
31,Guard,0,1926,54.0,out_phys,GS_Hero_NOX_Abaddon17,0,97,40.6,41,1.0,
31,Guard,0,1926,54.0,out_phys,GS_full_upg10,0,97,50.6,51,1.0,
31,Guard,0,1926,54.0,in_phys,naked_PA0,0,,54,,1.0,54
31,Guard,0,1926,54.0,in_phys,light_PA20,0,,54,,1.0,44
31,Guard,0,1926,54.0,in_phys,heavy_PA40,0,,54,,1.0,33
31,Guard,0,1926,54.0,in_phys,heavy_Merien5_PA45,0,,54,,1.0,30
31,Guard,0,1926,54.0,in_phys,heavy_Merien10_PA50,0,,54,,1.0,27
31,Guard,0,1926,54.0,in_phys,stack_PA70,0,,54,,1.0,17
31,Guard,0,1926,54.0,in_phys,cap_PA80,0,,54,,1.0,11
31,Guard,0,1926,54.0,out_magic,bare,50,80,69.1,70,1.524,
31,Guard,0,1926,54.0,out_magic,MS20,50,80,69.1,70,1.524,
31,Guard,0,1926,54.0,out_magic,MS22_HR50,50,85,69.1,70,1.524,
31,Guard,0,1926,54.0,out_magic,MS22_HR91,50,89,69.1,70,1.524,
31,Guard,0,1926,54.0,out_magic,ZW20,50,80,86.4,88,1.524,
31,Guard,0,1926,54.0,out_magic,ZW20_HeroMage,50,80,91.4,93,1.524,
31,Guard,0,1926,54.0,out_magic,bare_HeroMage,50,80,73.1,74,1.524,
31,Guard,0,1926,54.0,out_phys,bare_hand,50,79,13.0,13,1.524,
31,Guard,0,1926,54.0,out_phys,LongSword+2,50,79,8.7,9,1.524,
31,Guard,0,1926,54.0,out_phys,GiantSword,50,79,18.6,19,1.524,
31,Guard,0,1926,54.0,out_phys,GS_Hero,50,89,23.6,24,1.524,
31,Guard,0,1926,54.0,out_phys,GS_Hero_NOX,50,97,23.6,24,1.524,
31,Guard,0,1926,54.0,out_phys,GS_Hero_NOX_Xelima7,50,97,30.6,32,1.524,
31,Guard,0,1926,54.0,out_phys,GS_Hero_NOX_Abaddon17,50,97,40.6,42,1.524,
31,Guard,0,1926,54.0,out_phys,GS_full_upg10,50,97,50.6,52,1.524,
31,Guard,0,1926,54.0,in_phys,naked_PA0,50,,54,,1.524,53
31,Guard,0,1926,54.0,in_phys,light_PA20,50,,54,,1.524,43
31,Guard,0,1926,54.0,in_phys,heavy_PA40,50,,54,,1.524,32
31,Guard,0,1926,54.0,in_phys,heavy_Merien5_PA45,50,,54,,1.524,30
31,Guard,0,1926,54.0,in_phys,heavy_Merien10_PA50,50,,54,,1.524,27
31,Guard,0,1926,54.0,in_phys,stack_PA70,50,,54,,1.524,16
31,Guard,0,1926,54.0,in_phys,cap_PA80,50,,54,,1.524,11
32,Hellhound,4,193,21.0,out_magic,bare,0,97,69.1,69,1.0,
32,Hellhound,4,193,21.0,out_magic,MS20,0,97,69.1,69,1.0,
32,Hellhound,4,193,21.0,out_magic,MS22_HR50,0,97,69.1,69,1.0,
32,Hellhound,4,193,21.0,out_magic,MS22_HR91,0,97,69.1,69,1.0,
32,Hellhound,4,193,21.0,out_magic,ZW20,0,97,86.4,86,1.0,
32,Hellhound,4,193,21.0,out_magic,ZW20_HeroMage,0,97,91.4,91,1.0,
32,Hellhound,4,193,21.0,out_magic,bare_HeroMage,0,97,73.1,73,1.0,
32,Hellhound,4,193,21.0,out_phys,bare_hand,0,80,13.0,13,1.0,
32,Hellhound,4,193,21.0,out_phys,LongSword+2,0,80,8.7,9,1.0,
32,Hellhound,4,193,21.0,out_phys,GiantSword,0,80,18.6,19,1.0,
32,Hellhound,4,193,21.0,out_phys,GS_Hero,0,90,23.6,24,1.0,
32,Hellhound,4,193,21.0,out_phys,GS_Hero_NOX,0,97,23.6,24,1.0,
32,Hellhound,4,193,21.0,out_phys,GS_Hero_NOX_Xelima7,0,97,30.6,31,1.0,
32,Hellhound,4,193,21.0,out_phys,GS_Hero_NOX_Abaddon17,0,97,40.6,41,1.0,
32,Hellhound,4,193,21.0,out_phys,GS_full_upg10,0,97,50.6,51,1.0,
32,Hellhound,4,193,21.0,in_phys,naked_PA0,0,,21,,1.0,21
32,Hellhound,4,193,21.0,in_phys,light_PA20,0,,21,,1.0,17
32,Hellhound,4,193,21.0,in_phys,heavy_PA40,0,,21,,1.0,13
32,Hellhound,4,193,21.0,in_phys,heavy_Merien5_PA45,0,,21,,1.0,12
32,Hellhound,4,193,21.0,in_phys,heavy_Merien10_PA50,0,,21,,1.0,11
32,Hellhound,4,193,21.0,in_phys,stack_PA70,0,,21,,1.0,7
32,Hellhound,4,193,21.0,in_phys,cap_PA80,0,,21,,1.0,5
32,Hellhound,4,193,21.0,out_magic,bare,50,97,69.1,70,1.524,
32,Hellhound,4,193,21.0,out_magic,MS20,50,97,69.1,70,1.524,
32,Hellhound,4,193,21.0,out_magic,MS22_HR50,50,97,69.1,70,1.524,
32,Hellhound,4,193,21.0,out_magic,MS22_HR91,50,97,69.1,70,1.524,
32,Hellhound,4,193,21.0,out_magic,ZW20,50,97,86.4,88,1.524,
32,Hellhound,4,193,21.0,out_magic,ZW20_HeroMage,50,97,91.4,93,1.524,
32,Hellhound,4,193,21.0,out_magic,bare_HeroMage,50,97,73.1,74,1.524,
32,Hellhound,4,193,21.0,out_phys,bare_hand,50,82,13.0,13,1.524,
32,Hellhound,4,193,21.0,out_phys,LongSword+2,50,82,8.7,9,1.524,
32,Hellhound,4,193,21.0,out_phys,GiantSword,50,82,18.6,19,1.524,
32,Hellhound,4,193,21.0,out_phys,GS_Hero,50,92,23.6,24,1.524,
32,Hellhound,4,193,21.0,out_phys,GS_Hero_NOX,50,97,23.6,24,1.524,
32,Hellhound,4,193,21.0,out_phys,GS_Hero_NOX_Xelima7,50,97,30.6,32,1.524,
32,Hellhound,4,193,21.0,out_phys,GS_Hero_NOX_Abaddon17,50,97,40.6,42,1.524,
32,Hellhound,4,193,21.0,out_phys,GS_full_upg10,50,97,50.6,52,1.524,
32,Hellhound,4,193,21.0,in_phys,naked_PA0,50,,21,,1.524,21
32,Hellhound,4,193,21.0,in_phys,light_PA20,50,,21,,1.524,17
32,Hellhound,4,193,21.0,in_phys,heavy_PA40,50,,21,,1.524,13
32,Hellhound,4,193,21.0,in_phys,heavy_Merien5_PA45,50,,21,,1.524,12
32,Hellhound,4,193,21.0,in_phys,heavy_Merien10_PA50,50,,21,,1.524,11
32,Hellhound,4,193,21.0,in_phys,stack_PA70,50,,21,,1.524,7
32,Hellhound,4,193,21.0,in_phys,cap_PA80,50,,21,,1.524,5
33,Hellclaw,8,5501,112.5,out_magic,bare,0,92,69.1,69,1.0,
33,Hellclaw,8,5501,112.5,out_magic,MS20,0,92,69.1,69,1.0,
33,Hellclaw,8,5501,112.5,out_magic,MS22_HR50,0,97,69.1,69,1.0,
33,Hellclaw,8,5501,112.5,out_magic,MS22_HR91,0,97,69.1,69,1.0,
33,Hellclaw,8,5501,112.5,out_magic,ZW20,0,92,86.4,86,1.0,
33,Hellclaw,8,5501,112.5,out_magic,ZW20_HeroMage,0,92,91.4,91,1.0,
33,Hellclaw,8,5501,112.5,out_magic,bare_HeroMage,0,92,73.1,73,1.0,
33,Hellclaw,8,5501,112.5,out_phys,bare_hand,0,68,13.0,13,1.0,
33,Hellclaw,8,5501,112.5,out_phys,LongSword+2,0,68,8.7,9,1.0,
33,Hellclaw,8,5501,112.5,out_phys,GiantSword,0,68,18.6,19,1.0,
33,Hellclaw,8,5501,112.5,out_phys,GS_Hero,0,78,23.6,24,1.0,
33,Hellclaw,8,5501,112.5,out_phys,GS_Hero_NOX,0,88,23.6,24,1.0,
33,Hellclaw,8,5501,112.5,out_phys,GS_Hero_NOX_Xelima7,0,88,30.6,31,1.0,
33,Hellclaw,8,5501,112.5,out_phys,GS_Hero_NOX_Abaddon17,0,88,40.6,41,1.0,
33,Hellclaw,8,5501,112.5,out_phys,GS_full_upg10,0,88,50.6,51,1.0,
33,Hellclaw,8,5501,112.5,in_phys,naked_PA0,0,,112,,1.0,112
33,Hellclaw,8,5501,112.5,in_phys,light_PA20,0,,112,,1.0,90
33,Hellclaw,8,5501,112.5,in_phys,heavy_PA40,0,,112,,1.0,68
33,Hellclaw,8,5501,112.5,in_phys,heavy_Merien5_PA45,0,,112,,1.0,62
33,Hellclaw,8,5501,112.5,in_phys,heavy_Merien10_PA50,0,,112,,1.0,56
33,Hellclaw,8,5501,112.5,in_phys,stack_PA70,0,,112,,1.0,34
33,Hellclaw,8,5501,112.5,in_phys,cap_PA80,0,,112,,1.0,23
33,Hellclaw,8,5501,112.5,out_magic,bare,50,94,69.1,70,1.524,
33,Hellclaw,8,5501,112.5,out_magic,MS20,50,94,69.1,70,1.524,
33,Hellclaw,8,5501,112.5,out_magic,MS22_HR50,50,97,69.1,70,1.524,
33,Hellclaw,8,5501,112.5,out_magic,MS22_HR91,50,97,69.1,70,1.524,
33,Hellclaw,8,5501,112.5,out_magic,ZW20,50,94,86.4,88,1.524,
33,Hellclaw,8,5501,112.5,out_magic,ZW20_HeroMage,50,94,91.4,93,1.524,
33,Hellclaw,8,5501,112.5,out_magic,bare_HeroMage,50,94,73.1,74,1.524,
33,Hellclaw,8,5501,112.5,out_phys,bare_hand,50,70,13.0,13,1.524,
33,Hellclaw,8,5501,112.5,out_phys,LongSword+2,50,70,8.7,9,1.524,
33,Hellclaw,8,5501,112.5,out_phys,GiantSword,50,70,18.6,19,1.524,
33,Hellclaw,8,5501,112.5,out_phys,GS_Hero,50,80,23.6,24,1.524,
33,Hellclaw,8,5501,112.5,out_phys,GS_Hero_NOX,50,90,23.6,24,1.524,
33,Hellclaw,8,5501,112.5,out_phys,GS_Hero_NOX_Xelima7,50,90,30.6,32,1.524,
33,Hellclaw,8,5501,112.5,out_phys,GS_Hero_NOX_Abaddon17,50,90,40.6,42,1.524,
33,Hellclaw,8,5501,112.5,out_phys,GS_full_upg10,50,90,50.6,52,1.524,
33,Hellclaw,8,5501,112.5,in_phys,naked_PA0,50,,112,,1.524,110
33,Hellclaw,8,5501,112.5,in_phys,light_PA20,50,,112,,1.524,88
33,Hellclaw,8,5501,112.5,in_phys,heavy_PA40,50,,112,,1.524,66
33,Hellclaw,8,5501,112.5,in_phys,heavy_Merien5_PA45,50,,112,,1.524,61
33,Hellclaw,8,5501,112.5,in_phys,heavy_Merien10_PA50,50,,112,,1.524,55
33,Hellclaw,8,5501,112.5,in_phys,stack_PA70,50,,112,,1.524,33
33,Hellclaw,8,5501,112.5,in_phys,cap_PA80,50,,112,,1.524,22
34,Ice Golem,6,468,28.0,out_magic,bare,0,78,69.1,69,1.0,
34,Ice Golem,6,468,28.0,out_magic,MS20,0,78,69.1,69,1.0,
34,Ice Golem,6,468,28.0,out_magic,MS22_HR50,0,83,69.1,69,1.0,
34,Ice Golem,6,468,28.0,out_magic,MS22_HR91,0,87,69.1,69,1.0,
34,Ice Golem,6,468,28.0,out_magic,ZW20,0,78,86.4,86,1.0,
34,Ice Golem,6,468,28.0,out_magic,ZW20_HeroMage,0,78,91.4,91,1.0,
34,Ice Golem,6,468,28.0,out_magic,bare_HeroMage,0,78,73.1,73,1.0,
34,Ice Golem,6,468,28.0,out_phys,bare_hand,0,74,13.0,13,1.0,
34,Ice Golem,6,468,28.0,out_phys,LongSword+2,0,74,8.7,9,1.0,
34,Ice Golem,6,468,28.0,out_phys,GiantSword,0,74,18.6,19,1.0,
34,Ice Golem,6,468,28.0,out_phys,GS_Hero,0,84,23.6,24,1.0,
34,Ice Golem,6,468,28.0,out_phys,GS_Hero_NOX,0,94,23.6,24,1.0,
34,Ice Golem,6,468,28.0,out_phys,GS_Hero_NOX_Xelima7,0,94,30.6,31,1.0,
34,Ice Golem,6,468,28.0,out_phys,GS_Hero_NOX_Abaddon17,0,94,40.6,41,1.0,
34,Ice Golem,6,468,28.0,out_phys,GS_full_upg10,0,94,50.6,51,1.0,
34,Ice Golem,6,468,28.0,in_phys,naked_PA0,0,,28,,1.0,28
34,Ice Golem,6,468,28.0,in_phys,light_PA20,0,,28,,1.0,23
34,Ice Golem,6,468,28.0,in_phys,heavy_PA40,0,,28,,1.0,17
34,Ice Golem,6,468,28.0,in_phys,heavy_Merien5_PA45,0,,28,,1.0,16
34,Ice Golem,6,468,28.0,in_phys,heavy_Merien10_PA50,0,,28,,1.0,14
34,Ice Golem,6,468,28.0,in_phys,stack_PA70,0,,28,,1.0,9
34,Ice Golem,6,468,28.0,in_phys,cap_PA80,0,,28,,1.0,6
34,Ice Golem,6,468,28.0,out_magic,bare,50,78,69.1,70,1.529,
34,Ice Golem,6,468,28.0,out_magic,MS20,50,78,69.1,70,1.529,
34,Ice Golem,6,468,28.0,out_magic,MS22_HR50,50,83,69.1,70,1.529,
34,Ice Golem,6,468,28.0,out_magic,MS22_HR91,50,87,69.1,70,1.529,
34,Ice Golem,6,468,28.0,out_magic,ZW20,50,78,86.4,87,1.529,
34,Ice Golem,6,468,28.0,out_magic,ZW20_HeroMage,50,78,91.4,92,1.529,
34,Ice Golem,6,468,28.0,out_magic,bare_HeroMage,50,78,73.1,74,1.529,
34,Ice Golem,6,468,28.0,out_phys,bare_hand,50,74,13.0,14,1.529,
34,Ice Golem,6,468,28.0,out_phys,LongSword+2,50,74,8.7,10,1.529,
34,Ice Golem,6,468,28.0,out_phys,GiantSword,50,74,18.6,20,1.529,
34,Ice Golem,6,468,28.0,out_phys,GS_Hero,50,84,23.6,25,1.529,
34,Ice Golem,6,468,28.0,out_phys,GS_Hero_NOX,50,94,23.6,25,1.529,
34,Ice Golem,6,468,28.0,out_phys,GS_Hero_NOX_Xelima7,50,94,30.6,32,1.529,
34,Ice Golem,6,468,28.0,out_phys,GS_Hero_NOX_Abaddon17,50,94,40.6,42,1.529,
34,Ice Golem,6,468,28.0,out_phys,GS_full_upg10,50,94,50.6,52,1.529,
34,Ice Golem,6,468,28.0,in_phys,naked_PA0,50,,28,,1.529,27
34,Ice Golem,6,468,28.0,in_phys,light_PA20,50,,28,,1.529,22
34,Ice Golem,6,468,28.0,in_phys,heavy_PA40,50,,28,,1.529,17
34,Ice Golem,6,468,28.0,in_phys,heavy_Merien5_PA45,50,,28,,1.529,15
34,Ice Golem,6,468,28.0,in_phys,heavy_Merien10_PA50,50,,28,,1.529,14
34,Ice Golem,6,468,28.0,in_phys,stack_PA70,50,,28,,1.529,9
34,Ice Golem,6,468,28.0,in_phys,cap_PA80,50,,28,,1.529,6
35,Light War Beetle,0,0,5.0,out_magic,bare,0,97,69.1,69,1.0,
35,Light War Beetle,0,0,5.0,out_magic,MS20,0,97,69.1,69,1.0,
35,Light War Beetle,0,0,5.0,out_magic,MS22_HR50,0,97,69.1,69,1.0,
35,Light War Beetle,0,0,5.0,out_magic,MS22_HR91,0,97,69.1,69,1.0,
35,Light War Beetle,0,0,5.0,out_magic,ZW20,0,97,86.4,86,1.0,
35,Light War Beetle,0,0,5.0,out_magic,ZW20_HeroMage,0,97,91.4,91,1.0,
35,Light War Beetle,0,0,5.0,out_magic,bare_HeroMage,0,97,73.1,73,1.0,
35,Light War Beetle,0,0,5.0,out_phys,bare_hand,0,77,13.0,13,1.0,
35,Light War Beetle,0,0,5.0,out_phys,LongSword+2,0,77,8.7,9,1.0,
35,Light War Beetle,0,0,5.0,out_phys,GiantSword,0,77,18.6,19,1.0,
35,Light War Beetle,0,0,5.0,out_phys,GS_Hero,0,87,23.6,24,1.0,
35,Light War Beetle,0,0,5.0,out_phys,GS_Hero_NOX,0,97,23.6,24,1.0,
35,Light War Beetle,0,0,5.0,out_phys,GS_Hero_NOX_Xelima7,0,97,30.6,31,1.0,
35,Light War Beetle,0,0,5.0,out_phys,GS_Hero_NOX_Abaddon17,0,97,40.6,41,1.0,
35,Light War Beetle,0,0,5.0,out_phys,GS_full_upg10,0,97,50.6,51,1.0,
35,Light War Beetle,0,0,5.0,in_phys,naked_PA0,0,,5,,1.0,5
35,Light War Beetle,0,0,5.0,in_phys,light_PA20,0,,5,,1.0,4
35,Light War Beetle,0,0,5.0,in_phys,heavy_PA40,0,,5,,1.0,3
35,Light War Beetle,0,0,5.0,in_phys,heavy_Merien5_PA45,0,,5,,1.0,3
35,Light War Beetle,0,0,5.0,in_phys,heavy_Merien10_PA50,0,,5,,1.0,3
35,Light War Beetle,0,0,5.0,in_phys,stack_PA70,0,,5,,1.0,2
35,Light War Beetle,0,0,5.0,in_phys,cap_PA80,0,,5,,1.0,1
35,Light War Beetle,0,0,5.0,out_magic,bare,50,97,69.1,70,1.529,
35,Light War Beetle,0,0,5.0,out_magic,MS20,50,97,69.1,70,1.529,
35,Light War Beetle,0,0,5.0,out_magic,MS22_HR50,50,97,69.1,70,1.529,
35,Light War Beetle,0,0,5.0,out_magic,MS22_HR91,50,97,69.1,70,1.529,
35,Light War Beetle,0,0,5.0,out_magic,ZW20,50,97,86.4,87,1.529,
35,Light War Beetle,0,0,5.0,out_magic,ZW20_HeroMage,50,97,91.4,92,1.529,
35,Light War Beetle,0,0,5.0,out_magic,bare_HeroMage,50,97,73.1,74,1.529,
35,Light War Beetle,0,0,5.0,out_phys,bare_hand,50,77,13.0,14,1.529,
35,Light War Beetle,0,0,5.0,out_phys,LongSword+2,50,77,8.7,10,1.529,
35,Light War Beetle,0,0,5.0,out_phys,GiantSword,50,77,18.6,20,1.529,
35,Light War Beetle,0,0,5.0,out_phys,GS_Hero,50,87,23.6,25,1.529,
35,Light War Beetle,0,0,5.0,out_phys,GS_Hero_NOX,50,97,23.6,25,1.529,
35,Light War Beetle,0,0,5.0,out_phys,GS_Hero_NOX_Xelima7,50,97,30.6,32,1.529,
35,Light War Beetle,0,0,5.0,out_phys,GS_Hero_NOX_Abaddon17,50,97,40.6,42,1.529,
35,Light War Beetle,0,0,5.0,out_phys,GS_full_upg10,50,97,50.6,52,1.529,
35,Light War Beetle,0,0,5.0,in_phys,naked_PA0,50,,5,,1.529,4
35,Light War Beetle,0,0,5.0,in_phys,light_PA20,50,,5,,1.529,4
35,Light War Beetle,0,0,5.0,in_phys,heavy_PA40,50,,5,,1.529,3
35,Light War Beetle,0,0,5.0,in_phys,heavy_Merien5_PA45,50,,5,,1.529,3
35,Light War Beetle,0,0,5.0,in_phys,heavy_Merien10_PA50,50,,5,,1.529,2
35,Light War Beetle,0,0,5.0,in_phys,stack_PA70,50,,5,,1.529,2
35,Light War Beetle,0,0,5.0,in_phys,cap_PA80,50,,5,,1.529,1
36,Master Mage Orc,10,1376,32.0,out_magic,bare,0,78,69.1,69,1.0,
36,Master Mage Orc,10,1376,32.0,out_magic,MS20,0,78,69.1,69,1.0,
36,Master Mage Orc,10,1376,32.0,out_magic,MS22_HR50,0,83,69.1,69,1.0,
36,Master Mage Orc,10,1376,32.0,out_magic,MS22_HR91,0,87,69.1,69,1.0,
36,Master Mage Orc,10,1376,32.0,out_magic,ZW20,0,78,86.4,86,1.0,
36,Master Mage Orc,10,1376,32.0,out_magic,ZW20_HeroMage,0,78,91.4,91,1.0,
36,Master Mage Orc,10,1376,32.0,out_magic,bare_HeroMage,0,78,73.1,73,1.0,
36,Master Mage Orc,10,1376,32.0,out_phys,bare_hand,0,62,13.0,13,1.0,
36,Master Mage Orc,10,1376,32.0,out_phys,LongSword+2,0,62,8.7,9,1.0,
36,Master Mage Orc,10,1376,32.0,out_phys,GiantSword,0,62,18.6,19,1.0,
36,Master Mage Orc,10,1376,32.0,out_phys,GS_Hero,0,72,23.6,24,1.0,
36,Master Mage Orc,10,1376,32.0,out_phys,GS_Hero_NOX,0,82,23.6,24,1.0,
36,Master Mage Orc,10,1376,32.0,out_phys,GS_Hero_NOX_Xelima7,0,82,30.6,31,1.0,
36,Master Mage Orc,10,1376,32.0,out_phys,GS_Hero_NOX_Abaddon17,0,82,40.6,41,1.0,
36,Master Mage Orc,10,1376,32.0,out_phys,GS_full_upg10,0,82,50.6,51,1.0,
36,Master Mage Orc,10,1376,32.0,in_phys,naked_PA0,0,,32,,1.0,32
36,Master Mage Orc,10,1376,32.0,in_phys,light_PA20,0,,32,,1.0,26
36,Master Mage Orc,10,1376,32.0,in_phys,heavy_PA40,0,,32,,1.0,20
36,Master Mage Orc,10,1376,32.0,in_phys,heavy_Merien5_PA45,0,,32,,1.0,18
36,Master Mage Orc,10,1376,32.0,in_phys,heavy_Merien10_PA50,0,,32,,1.0,16
36,Master Mage Orc,10,1376,32.0,in_phys,stack_PA70,0,,32,,1.0,10
36,Master Mage Orc,10,1376,32.0,in_phys,cap_PA80,0,,32,,1.0,7
36,Master Mage Orc,10,1376,32.0,out_magic,bare,50,80,69.1,70,1.524,
36,Master Mage Orc,10,1376,32.0,out_magic,MS20,50,80,69.1,70,1.524,
36,Master Mage Orc,10,1376,32.0,out_magic,MS22_HR50,50,85,69.1,70,1.524,
36,Master Mage Orc,10,1376,32.0,out_magic,MS22_HR91,50,89,69.1,70,1.524,
36,Master Mage Orc,10,1376,32.0,out_magic,ZW20,50,80,86.4,87,1.524,
36,Master Mage Orc,10,1376,32.0,out_magic,ZW20_HeroMage,50,80,91.4,92,1.524,
36,Master Mage Orc,10,1376,32.0,out_magic,bare_HeroMage,50,80,73.1,74,1.524,
36,Master Mage Orc,10,1376,32.0,out_phys,bare_hand,50,64,13.0,14,1.524,
36,Master Mage Orc,10,1376,32.0,out_phys,LongSword+2,50,64,8.7,10,1.524,
36,Master Mage Orc,10,1376,32.0,out_phys,GiantSword,50,64,18.6,20,1.524,
36,Master Mage Orc,10,1376,32.0,out_phys,GS_Hero,50,74,23.6,25,1.524,
36,Master Mage Orc,10,1376,32.0,out_phys,GS_Hero_NOX,50,84,23.6,25,1.524,
36,Master Mage Orc,10,1376,32.0,out_phys,GS_Hero_NOX_Xelima7,50,84,30.6,32,1.524,
36,Master Mage Orc,10,1376,32.0,out_phys,GS_Hero_NOX_Abaddon17,50,84,40.6,42,1.524,
36,Master Mage Orc,10,1376,32.0,out_phys,GS_full_upg10,50,84,50.6,52,1.524,
36,Master Mage Orc,10,1376,32.0,in_phys,naked_PA0,50,,32,,1.524,31
36,Master Mage Orc,10,1376,32.0,in_phys,light_PA20,50,,32,,1.524,25
36,Master Mage Orc,10,1376,32.0,in_phys,heavy_PA40,50,,32,,1.524,19
36,Master Mage Orc,10,1376,32.0,in_phys,heavy_Merien5_PA45,50,,32,,1.524,18
36,Master Mage Orc,10,1376,32.0,in_phys,heavy_Merien10_PA50,50,,32,,1.524,16
36,Master Mage Orc,10,1376,32.0,in_phys,stack_PA70,50,,32,,1.524,10
36,Master Mage Orc,10,1376,32.0,in_phys,cap_PA80,50,,32,,1.524,7
37,Minotaur,6,1871,78.0,out_magic,bare,0,96,69.1,69,1.0,
37,Minotaur,6,1871,78.0,out_magic,MS20,0,96,69.1,69,1.0,
37,Minotaur,6,1871,78.0,out_magic,MS22_HR50,0,97,69.1,69,1.0,
37,Minotaur,6,1871,78.0,out_magic,MS22_HR91,0,97,69.1,69,1.0,
37,Minotaur,6,1871,78.0,out_magic,ZW20,0,96,86.4,86,1.0,
37,Minotaur,6,1871,78.0,out_magic,ZW20_HeroMage,0,96,91.4,91,1.0,
37,Minotaur,6,1871,78.0,out_magic,bare_HeroMage,0,96,73.1,73,1.0,
37,Minotaur,6,1871,78.0,out_phys,bare_hand,0,74,13.0,13,1.0,
37,Minotaur,6,1871,78.0,out_phys,LongSword+2,0,74,8.7,9,1.0,
37,Minotaur,6,1871,78.0,out_phys,GiantSword,0,74,18.6,19,1.0,
37,Minotaur,6,1871,78.0,out_phys,GS_Hero,0,84,23.6,24,1.0,
37,Minotaur,6,1871,78.0,out_phys,GS_Hero_NOX,0,94,23.6,24,1.0,
37,Minotaur,6,1871,78.0,out_phys,GS_Hero_NOX_Xelima7,0,94,30.6,31,1.0,
37,Minotaur,6,1871,78.0,out_phys,GS_Hero_NOX_Abaddon17,0,94,40.6,41,1.0,
37,Minotaur,6,1871,78.0,out_phys,GS_full_upg10,0,94,50.6,51,1.0,
37,Minotaur,6,1871,78.0,in_phys,naked_PA0,0,,78,,1.0,78
37,Minotaur,6,1871,78.0,in_phys,light_PA20,0,,78,,1.0,63
37,Minotaur,6,1871,78.0,in_phys,heavy_PA40,0,,78,,1.0,47
37,Minotaur,6,1871,78.0,in_phys,heavy_Merien5_PA45,0,,78,,1.0,43
37,Minotaur,6,1871,78.0,in_phys,heavy_Merien10_PA50,0,,78,,1.0,39
37,Minotaur,6,1871,78.0,in_phys,stack_PA70,0,,78,,1.0,24
37,Minotaur,6,1871,78.0,in_phys,cap_PA80,0,,78,,1.0,16
37,Minotaur,6,1871,78.0,out_magic,bare,50,97,69.1,70,1.524,
37,Minotaur,6,1871,78.0,out_magic,MS20,50,97,69.1,70,1.524,
37,Minotaur,6,1871,78.0,out_magic,MS22_HR50,50,97,69.1,70,1.524,
37,Minotaur,6,1871,78.0,out_magic,MS22_HR91,50,97,69.1,70,1.524,
37,Minotaur,6,1871,78.0,out_magic,ZW20,50,97,86.4,87,1.524,
37,Minotaur,6,1871,78.0,out_magic,ZW20_HeroMage,50,97,91.4,92,1.524,
37,Minotaur,6,1871,78.0,out_magic,bare_HeroMage,50,97,73.1,74,1.524,
37,Minotaur,6,1871,78.0,out_phys,bare_hand,50,76,13.0,14,1.524,
37,Minotaur,6,1871,78.0,out_phys,LongSword+2,50,76,8.7,10,1.524,
37,Minotaur,6,1871,78.0,out_phys,GiantSword,50,76,18.6,20,1.524,
37,Minotaur,6,1871,78.0,out_phys,GS_Hero,50,86,23.6,25,1.524,
37,Minotaur,6,1871,78.0,out_phys,GS_Hero_NOX,50,96,23.6,25,1.524,
37,Minotaur,6,1871,78.0,out_phys,GS_Hero_NOX_Xelima7,50,96,30.6,32,1.524,
37,Minotaur,6,1871,78.0,out_phys,GS_Hero_NOX_Abaddon17,50,96,40.6,42,1.524,
37,Minotaur,6,1871,78.0,out_phys,GS_full_upg10,50,96,50.6,52,1.524,
37,Minotaur,6,1871,78.0,in_phys,naked_PA0,50,,78,,1.524,77
37,Minotaur,6,1871,78.0,in_phys,light_PA20,50,,78,,1.524,62
37,Minotaur,6,1871,78.0,in_phys,heavy_PA40,50,,78,,1.524,47
37,Minotaur,6,1871,78.0,in_phys,heavy_Merien5_PA45,50,,78,,1.524,43
37,Minotaur,6,1871,78.0,in_phys,heavy_Merien10_PA50,50,,78,,1.524,39
37,Minotaur,6,1871,78.0,in_phys,stack_PA70,50,,78,,1.524,24
37,Minotaur,6,1871,78.0,in_phys,cap_PA80,50,,78,,1.524,16
38,Mountain Giant,9,551,32.0,out_magic,bare,0,90,69.1,69,1.0,
38,Mountain Giant,9,551,32.0,out_magic,MS20,0,90,69.1,69,1.0,
38,Mountain Giant,9,551,32.0,out_magic,MS22_HR50,0,95,69.1,69,1.0,
38,Mountain Giant,9,551,32.0,out_magic,MS22_HR91,0,97,69.1,69,1.0,
38,Mountain Giant,9,551,32.0,out_magic,ZW20,0,90,86.4,86,1.0,
38,Mountain Giant,9,551,32.0,out_magic,ZW20_HeroMage,0,90,91.4,91,1.0,
38,Mountain Giant,9,551,32.0,out_magic,bare_HeroMage,0,90,73.1,73,1.0,
38,Mountain Giant,9,551,32.0,out_phys,bare_hand,0,65,13.0,13,1.0,
38,Mountain Giant,9,551,32.0,out_phys,LongSword+2,0,65,8.7,9,1.0,
38,Mountain Giant,9,551,32.0,out_phys,GiantSword,0,65,18.6,19,1.0,
38,Mountain Giant,9,551,32.0,out_phys,GS_Hero,0,75,23.6,24,1.0,
38,Mountain Giant,9,551,32.0,out_phys,GS_Hero_NOX,0,85,23.6,24,1.0,
38,Mountain Giant,9,551,32.0,out_phys,GS_Hero_NOX_Xelima7,0,85,30.6,31,1.0,
38,Mountain Giant,9,551,32.0,out_phys,GS_Hero_NOX_Abaddon17,0,85,40.6,41,1.0,
38,Mountain Giant,9,551,32.0,out_phys,GS_full_upg10,0,85,50.6,51,1.0,
38,Mountain Giant,9,551,32.0,in_phys,naked_PA0,0,,32,,1.0,32
38,Mountain Giant,9,551,32.0,in_phys,light_PA20,0,,32,,1.0,26
38,Mountain Giant,9,551,32.0,in_phys,heavy_PA40,0,,32,,1.0,20
38,Mountain Giant,9,551,32.0,in_phys,heavy_Merien5_PA45,0,,32,,1.0,18
38,Mountain Giant,9,551,32.0,in_phys,heavy_Merien10_PA50,0,,32,,1.0,16
38,Mountain Giant,9,551,32.0,in_phys,stack_PA70,0,,32,,1.0,10
38,Mountain Giant,9,551,32.0,in_phys,cap_PA80,0,,32,,1.0,7
38,Mountain Giant,9,551,32.0,out_magic,bare,50,92,69.1,70,1.524,
38,Mountain Giant,9,551,32.0,out_magic,MS20,50,92,69.1,70,1.524,
38,Mountain Giant,9,551,32.0,out_magic,MS22_HR50,50,97,69.1,70,1.524,
38,Mountain Giant,9,551,32.0,out_magic,MS22_HR91,50,97,69.1,70,1.524,
38,Mountain Giant,9,551,32.0,out_magic,ZW20,50,92,86.4,87,1.524,
38,Mountain Giant,9,551,32.0,out_magic,ZW20_HeroMage,50,92,91.4,92,1.524,
38,Mountain Giant,9,551,32.0,out_magic,bare_HeroMage,50,92,73.1,74,1.524,
38,Mountain Giant,9,551,32.0,out_phys,bare_hand,50,67,13.0,14,1.524,
38,Mountain Giant,9,551,32.0,out_phys,LongSword+2,50,67,8.7,10,1.524,
38,Mountain Giant,9,551,32.0,out_phys,GiantSword,50,67,18.6,20,1.524,
38,Mountain Giant,9,551,32.0,out_phys,GS_Hero,50,77,23.6,25,1.524,
38,Mountain Giant,9,551,32.0,out_phys,GS_Hero_NOX,50,87,23.6,25,1.524,
38,Mountain Giant,9,551,32.0,out_phys,GS_Hero_NOX_Xelima7,50,87,30.6,32,1.524,
38,Mountain Giant,9,551,32.0,out_phys,GS_Hero_NOX_Abaddon17,50,87,40.6,42,1.524,
38,Mountain Giant,9,551,32.0,out_phys,GS_full_upg10,50,87,50.6,52,1.524,
38,Mountain Giant,9,551,32.0,in_phys,naked_PA0,50,,32,,1.524,31
38,Mountain Giant,9,551,32.0,in_phys,light_PA20,50,,32,,1.524,25
38,Mountain Giant,9,551,32.0,in_phys,heavy_PA40,50,,32,,1.524,19
38,Mountain Giant,9,551,32.0,in_phys,heavy_Merien5_PA45,50,,32,,1.524,18
38,Mountain Giant,9,551,32.0,in_phys,heavy_Merien10_PA50,50,,32,,1.524,16
38,Mountain Giant,9,551,32.0,in_phys,stack_PA70,50,,32,,1.524,10
38,Mountain Giant,9,551,32.0,in_phys,cap_PA80,50,,32,,1.524,7
39,Nizie,7,1541,55.0,out_magic,bare,0,78,69.1,69,1.0,
39,Nizie,7,1541,55.0,out_magic,MS20,0,78,69.1,69,1.0,
39,Nizie,7,1541,55.0,out_magic,MS22_HR50,0,83,69.1,69,1.0,
39,Nizie,7,1541,55.0,out_magic,MS22_HR91,0,87,69.1,69,1.0,
39,Nizie,7,1541,55.0,out_magic,ZW20,0,78,86.4,86,1.0,
39,Nizie,7,1541,55.0,out_magic,ZW20_HeroMage,0,78,91.4,91,1.0,
39,Nizie,7,1541,55.0,out_magic,bare_HeroMage,0,78,73.1,73,1.0,
39,Nizie,7,1541,55.0,out_phys,bare_hand,0,71,13.0,13,1.0,
39,Nizie,7,1541,55.0,out_phys,LongSword+2,0,71,8.7,9,1.0,
39,Nizie,7,1541,55.0,out_phys,GiantSword,0,71,18.6,19,1.0,
39,Nizie,7,1541,55.0,out_phys,GS_Hero,0,81,23.6,24,1.0,
39,Nizie,7,1541,55.0,out_phys,GS_Hero_NOX,0,91,23.6,24,1.0,
39,Nizie,7,1541,55.0,out_phys,GS_Hero_NOX_Xelima7,0,91,30.6,31,1.0,
39,Nizie,7,1541,55.0,out_phys,GS_Hero_NOX_Abaddon17,0,91,40.6,41,1.0,
39,Nizie,7,1541,55.0,out_phys,GS_full_upg10,0,91,50.6,51,1.0,
39,Nizie,7,1541,55.0,in_phys,naked_PA0,0,,55,,1.0,55
39,Nizie,7,1541,55.0,in_phys,light_PA20,0,,55,,1.0,44
39,Nizie,7,1541,55.0,in_phys,heavy_PA40,0,,55,,1.0,33
39,Nizie,7,1541,55.0,in_phys,heavy_Merien5_PA45,0,,55,,1.0,31
39,Nizie,7,1541,55.0,in_phys,heavy_Merien10_PA50,0,,55,,1.0,28
39,Nizie,7,1541,55.0,in_phys,stack_PA70,0,,55,,1.0,17
39,Nizie,7,1541,55.0,in_phys,cap_PA80,0,,55,,1.0,11
39,Nizie,7,1541,55.0,out_magic,bare,50,80,69.1,70,1.524,
39,Nizie,7,1541,55.0,out_magic,MS20,50,80,69.1,70,1.524,
39,Nizie,7,1541,55.0,out_magic,MS22_HR50,50,85,69.1,70,1.524,
39,Nizie,7,1541,55.0,out_magic,MS22_HR91,50,89,69.1,70,1.524,
39,Nizie,7,1541,55.0,out_magic,ZW20,50,80,86.4,87,1.524,
39,Nizie,7,1541,55.0,out_magic,ZW20_HeroMage,50,80,91.4,92,1.524,
39,Nizie,7,1541,55.0,out_magic,bare_HeroMage,50,80,73.1,74,1.524,
39,Nizie,7,1541,55.0,out_phys,bare_hand,50,73,13.0,14,1.524,
39,Nizie,7,1541,55.0,out_phys,LongSword+2,50,73,8.7,10,1.524,
39,Nizie,7,1541,55.0,out_phys,GiantSword,50,73,18.6,20,1.524,
39,Nizie,7,1541,55.0,out_phys,GS_Hero,50,83,23.6,25,1.524,
39,Nizie,7,1541,55.0,out_phys,GS_Hero_NOX,50,93,23.6,25,1.524,
39,Nizie,7,1541,55.0,out_phys,GS_Hero_NOX_Xelima7,50,93,30.6,32,1.524,
39,Nizie,7,1541,55.0,out_phys,GS_Hero_NOX_Abaddon17,50,93,40.6,42,1.524,
39,Nizie,7,1541,55.0,out_phys,GS_full_upg10,50,93,50.6,52,1.524,
39,Nizie,7,1541,55.0,in_phys,naked_PA0,50,,55,,1.524,54
39,Nizie,7,1541,55.0,in_phys,light_PA20,50,,55,,1.524,44
39,Nizie,7,1541,55.0,in_phys,heavy_PA40,50,,55,,1.524,33
39,Nizie,7,1541,55.0,in_phys,heavy_Merien5_PA45,50,,55,,1.524,30
39,Nizie,7,1541,55.0,in_phys,heavy_Merien10_PA50,50,,55,,1.524,27
39,Nizie,7,1541,55.0,in_phys,stack_PA70,50,,55,,1.524,17
39,Nizie,7,1541,55.0,in_phys,cap_PA80,50,,55,,1.524,11
40,Orc,2,14,6.0,out_magic,bare,0,97,69.1,69,1.0,
40,Orc,2,14,6.0,out_magic,MS20,0,97,69.1,69,1.0,
40,Orc,2,14,6.0,out_magic,MS22_HR50,0,97,69.1,69,1.0,
40,Orc,2,14,6.0,out_magic,MS22_HR91,0,97,69.1,69,1.0,
40,Orc,2,14,6.0,out_magic,ZW20,0,97,86.4,86,1.0,
40,Orc,2,14,6.0,out_magic,ZW20_HeroMage,0,97,91.4,91,1.0,
40,Orc,2,14,6.0,out_magic,bare_HeroMage,0,97,73.1,73,1.0,
40,Orc,2,14,6.0,out_phys,bare_hand,0,86,13.0,13,1.0,
40,Orc,2,14,6.0,out_phys,LongSword+2,0,86,8.7,9,1.0,
40,Orc,2,14,6.0,out_phys,GiantSword,0,86,18.6,19,1.0,
40,Orc,2,14,6.0,out_phys,GS_Hero,0,96,23.6,24,1.0,
40,Orc,2,14,6.0,out_phys,GS_Hero_NOX,0,97,23.6,24,1.0,
40,Orc,2,14,6.0,out_phys,GS_Hero_NOX_Xelima7,0,97,30.6,31,1.0,
40,Orc,2,14,6.0,out_phys,GS_Hero_NOX_Abaddon17,0,97,40.6,41,1.0,
40,Orc,2,14,6.0,out_phys,GS_full_upg10,0,97,50.6,51,1.0,
40,Orc,2,14,6.0,in_phys,naked_PA0,0,,6,,1.0,6
40,Orc,2,14,6.0,in_phys,light_PA20,0,,6,,1.0,5
40,Orc,2,14,6.0,in_phys,heavy_PA40,0,,6,,1.0,4
40,Orc,2,14,6.0,in_phys,heavy_Merien5_PA45,0,,6,,1.0,4
40,Orc,2,14,6.0,in_phys,heavy_Merien10_PA50,0,,6,,1.0,3
40,Orc,2,14,6.0,in_phys,stack_PA70,0,,6,,1.0,2
40,Orc,2,14,6.0,in_phys,cap_PA80,0,,6,,1.0,2
40,Orc,2,14,6.0,out_magic,bare,50,97,69.1,70,1.529,
40,Orc,2,14,6.0,out_magic,MS20,50,97,69.1,70,1.529,
40,Orc,2,14,6.0,out_magic,MS22_HR50,50,97,69.1,70,1.529,
40,Orc,2,14,6.0,out_magic,MS22_HR91,50,97,69.1,70,1.529,
40,Orc,2,14,6.0,out_magic,ZW20,50,97,86.4,87,1.529,
40,Orc,2,14,6.0,out_magic,ZW20_HeroMage,50,97,91.4,92,1.529,
40,Orc,2,14,6.0,out_magic,bare_HeroMage,50,97,73.1,74,1.529,
40,Orc,2,14,6.0,out_phys,bare_hand,50,86,13.0,14,1.529,
40,Orc,2,14,6.0,out_phys,LongSword+2,50,86,8.7,10,1.529,
40,Orc,2,14,6.0,out_phys,GiantSword,50,86,18.6,20,1.529,
40,Orc,2,14,6.0,out_phys,GS_Hero,50,96,23.6,25,1.529,
40,Orc,2,14,6.0,out_phys,GS_Hero_NOX,50,97,23.6,25,1.529,
40,Orc,2,14,6.0,out_phys,GS_Hero_NOX_Xelima7,50,97,30.6,32,1.529,
40,Orc,2,14,6.0,out_phys,GS_Hero_NOX_Abaddon17,50,97,40.6,42,1.529,
40,Orc,2,14,6.0,out_phys,GS_full_upg10,50,97,50.6,52,1.529,
40,Orc,2,14,6.0,in_phys,naked_PA0,50,,6,,1.529,5
40,Orc,2,14,6.0,in_phys,light_PA20,50,,6,,1.529,4
40,Orc,2,14,6.0,in_phys,heavy_PA40,50,,6,,1.529,3
40,Orc,2,14,6.0,in_phys,heavy_Merien5_PA45,50,,6,,1.529,3
40,Orc,2,14,6.0,in_phys,heavy_Merien10_PA50,50,,6,,1.529,3
40,Orc,2,14,6.0,in_phys,stack_PA70,50,,6,,1.529,2
40,Orc,2,14,6.0,in_phys,cap_PA80,50,,6,,1.529,1
41,Dire Boar,5,716,36.0,out_magic,bare,0,97,69.1,69,1.0,
41,Dire Boar,5,716,36.0,out_magic,MS20,0,97,69.1,69,1.0,
41,Dire Boar,5,716,36.0,out_magic,MS22_HR50,0,97,69.1,69,1.0,
41,Dire Boar,5,716,36.0,out_magic,MS22_HR91,0,97,69.1,69,1.0,
41,Dire Boar,5,716,36.0,out_magic,ZW20,0,97,86.4,86,1.0,
41,Dire Boar,5,716,36.0,out_magic,ZW20_HeroMage,0,97,91.4,91,1.0,
41,Dire Boar,5,716,36.0,out_magic,bare_HeroMage,0,97,73.1,73,1.0,
41,Dire Boar,5,716,36.0,out_phys,bare_hand,0,77,13.0,13,1.0,
41,Dire Boar,5,716,36.0,out_phys,LongSword+2,0,77,8.7,9,1.0,
41,Dire Boar,5,716,36.0,out_phys,GiantSword,0,77,18.6,19,1.0,
41,Dire Boar,5,716,36.0,out_phys,GS_Hero,0,87,23.6,24,1.0,
41,Dire Boar,5,716,36.0,out_phys,GS_Hero_NOX,0,97,23.6,24,1.0,
41,Dire Boar,5,716,36.0,out_phys,GS_Hero_NOX_Xelima7,0,97,30.6,31,1.0,
41,Dire Boar,5,716,36.0,out_phys,GS_Hero_NOX_Abaddon17,0,97,40.6,41,1.0,
41,Dire Boar,5,716,36.0,out_phys,GS_full_upg10,0,97,50.6,51,1.0,
41,Dire Boar,5,716,36.0,in_phys,naked_PA0,0,,36,,1.0,36
41,Dire Boar,5,716,36.0,in_phys,light_PA20,0,,36,,1.0,29
41,Dire Boar,5,716,36.0,in_phys,heavy_PA40,0,,36,,1.0,22
41,Dire Boar,5,716,36.0,in_phys,heavy_Merien5_PA45,0,,36,,1.0,20
41,Dire Boar,5,716,36.0,in_phys,heavy_Merien10_PA50,0,,36,,1.0,18
41,Dire Boar,5,716,36.0,in_phys,stack_PA70,0,,36,,1.0,11
41,Dire Boar,5,716,36.0,in_phys,cap_PA80,0,,36,,1.0,8
41,Dire Boar,5,716,36.0,out_magic,bare,50,97,69.1,70,1.529,
41,Dire Boar,5,716,36.0,out_magic,MS20,50,97,69.1,70,1.529,
41,Dire Boar,5,716,36.0,out_magic,MS22_HR50,50,97,69.1,70,1.529,
41,Dire Boar,5,716,36.0,out_magic,MS22_HR91,50,97,69.1,70,1.529,
41,Dire Boar,5,716,36.0,out_magic,ZW20,50,97,86.4,87,1.529,
41,Dire Boar,5,716,36.0,out_magic,ZW20_HeroMage,50,97,91.4,92,1.529,
41,Dire Boar,5,716,36.0,out_magic,bare_HeroMage,50,97,73.1,74,1.529,
41,Dire Boar,5,716,36.0,out_phys,bare_hand,50,77,13.0,14,1.529,
41,Dire Boar,5,716,36.0,out_phys,LongSword+2,50,77,8.7,10,1.529,
41,Dire Boar,5,716,36.0,out_phys,GiantSword,50,77,18.6,20,1.529,
41,Dire Boar,5,716,36.0,out_phys,GS_Hero,50,87,23.6,25,1.529,
41,Dire Boar,5,716,36.0,out_phys,GS_Hero_NOX,50,97,23.6,25,1.529,
41,Dire Boar,5,716,36.0,out_phys,GS_Hero_NOX_Xelima7,50,97,30.6,32,1.529,
41,Dire Boar,5,716,36.0,out_phys,GS_Hero_NOX_Abaddon17,50,97,40.6,42,1.529,
41,Dire Boar,5,716,36.0,out_phys,GS_full_upg10,50,97,50.6,52,1.529,
41,Dire Boar,5,716,36.0,in_phys,naked_PA0,50,,36,,1.529,35
41,Dire Boar,5,716,36.0,in_phys,light_PA20,50,,36,,1.529,28
41,Dire Boar,5,716,36.0,in_phys,heavy_PA40,50,,36,,1.529,21
41,Dire Boar,5,716,36.0,in_phys,heavy_Merien5_PA45,50,,36,,1.529,20
41,Dire Boar,5,716,36.0,in_phys,heavy_Merien10_PA50,50,,36,,1.529,18
41,Dire Boar,5,716,36.0,in_phys,stack_PA70,50,,36,,1.529,11
41,Dire Boar,5,716,36.0,in_phys,cap_PA80,50,,36,,1.529,7
42,Training Dummy,0,0,5.0,out_magic,bare,0,97,69.1,69,1.0,
42,Training Dummy,0,0,5.0,out_magic,MS20,0,97,69.1,69,1.0,
42,Training Dummy,0,0,5.0,out_magic,MS22_HR50,0,97,69.1,69,1.0,
42,Training Dummy,0,0,5.0,out_magic,MS22_HR91,0,97,69.1,69,1.0,
42,Training Dummy,0,0,5.0,out_magic,ZW20,0,97,86.4,86,1.0,
42,Training Dummy,0,0,5.0,out_magic,ZW20_HeroMage,0,97,91.4,91,1.0,
42,Training Dummy,0,0,5.0,out_magic,bare_HeroMage,0,97,73.1,73,1.0,
42,Training Dummy,0,0,5.0,out_phys,bare_hand,0,77,13.0,13,1.0,
42,Training Dummy,0,0,5.0,out_phys,LongSword+2,0,77,8.7,9,1.0,
42,Training Dummy,0,0,5.0,out_phys,GiantSword,0,77,18.6,19,1.0,
42,Training Dummy,0,0,5.0,out_phys,GS_Hero,0,87,23.6,24,1.0,
42,Training Dummy,0,0,5.0,out_phys,GS_Hero_NOX,0,97,23.6,24,1.0,
42,Training Dummy,0,0,5.0,out_phys,GS_Hero_NOX_Xelima7,0,97,30.6,31,1.0,
42,Training Dummy,0,0,5.0,out_phys,GS_Hero_NOX_Abaddon17,0,97,40.6,41,1.0,
42,Training Dummy,0,0,5.0,out_phys,GS_full_upg10,0,97,50.6,51,1.0,
42,Training Dummy,0,0,5.0,in_phys,naked_PA0,0,,5,,1.0,5
42,Training Dummy,0,0,5.0,in_phys,light_PA20,0,,5,,1.0,4
42,Training Dummy,0,0,5.0,in_phys,heavy_PA40,0,,5,,1.0,3
42,Training Dummy,0,0,5.0,in_phys,heavy_Merien5_PA45,0,,5,,1.0,3
42,Training Dummy,0,0,5.0,in_phys,heavy_Merien10_PA50,0,,5,,1.0,3
42,Training Dummy,0,0,5.0,in_phys,stack_PA70,0,,5,,1.0,2
42,Training Dummy,0,0,5.0,in_phys,cap_PA80,0,,5,,1.0,1
42,Training Dummy,0,0,5.0,out_magic,bare,50,97,69.1,70,1.534,
42,Training Dummy,0,0,5.0,out_magic,MS20,50,97,69.1,70,1.534,
42,Training Dummy,0,0,5.0,out_magic,MS22_HR50,50,97,69.1,70,1.534,
42,Training Dummy,0,0,5.0,out_magic,MS22_HR91,50,97,69.1,70,1.534,
42,Training Dummy,0,0,5.0,out_magic,ZW20,50,97,86.4,87,1.534,
42,Training Dummy,0,0,5.0,out_magic,ZW20_HeroMage,50,97,91.4,92,1.534,
42,Training Dummy,0,0,5.0,out_magic,bare_HeroMage,50,97,73.1,74,1.534,
42,Training Dummy,0,0,5.0,out_phys,bare_hand,50,77,13.0,14,1.534,
42,Training Dummy,0,0,5.0,out_phys,LongSword+2,50,77,8.7,10,1.534,
42,Training Dummy,0,0,5.0,out_phys,GiantSword,50,77,18.6,20,1.534,
42,Training Dummy,0,0,5.0,out_phys,GS_Hero,50,87,23.6,25,1.534,
42,Training Dummy,0,0,5.0,out_phys,GS_Hero_NOX,50,97,23.6,25,1.534,
42,Training Dummy,0,0,5.0,out_phys,GS_Hero_NOX_Xelima7,50,97,30.6,32,1.534,
42,Training Dummy,0,0,5.0,out_phys,GS_Hero_NOX_Abaddon17,50,97,40.6,42,1.534,
42,Training Dummy,0,0,5.0,out_phys,GS_full_upg10,50,97,50.6,52,1.534,
42,Training Dummy,0,0,5.0,in_phys,naked_PA0,50,,5,,1.534,5
42,Training Dummy,0,0,5.0,in_phys,light_PA20,50,,5,,1.534,4
42,Training Dummy,0,0,5.0,in_phys,heavy_PA40,50,,5,,1.534,3
42,Training Dummy,0,0,5.0,in_phys,heavy_Merien5_PA45,50,,5,,1.534,3
42,Training Dummy,0,0,5.0,in_phys,heavy_Merien10_PA50,50,,5,,1.534,3
42,Training Dummy,0,0,5.0,in_phys,stack_PA70,50,,5,,1.534,2
42,Training Dummy,0,0,5.0,in_phys,cap_PA80,50,,5,,1.534,1
43,Fire Wyvern,8,16501,128.0,out_magic,bare,0,78,69.1,69,1.0,
43,Fire Wyvern,8,16501,128.0,out_magic,MS20,0,78,69.1,69,1.0,
43,Fire Wyvern,8,16501,128.0,out_magic,MS22_HR50,0,83,69.1,69,1.0,
43,Fire Wyvern,8,16501,128.0,out_magic,MS22_HR91,0,87,69.1,69,1.0,
43,Fire Wyvern,8,16501,128.0,out_magic,ZW20,0,78,86.4,86,1.0,
43,Fire Wyvern,8,16501,128.0,out_magic,ZW20_HeroMage,0,78,91.4,91,1.0,
43,Fire Wyvern,8,16501,128.0,out_magic,bare_HeroMage,0,78,73.1,73,1.0,
43,Fire Wyvern,8,16501,128.0,out_phys,bare_hand,0,68,13.0,13,1.0,
43,Fire Wyvern,8,16501,128.0,out_phys,LongSword+2,0,68,8.7,9,1.0,
43,Fire Wyvern,8,16501,128.0,out_phys,GiantSword,0,68,18.6,19,1.0,
43,Fire Wyvern,8,16501,128.0,out_phys,GS_Hero,0,78,23.6,24,1.0,
43,Fire Wyvern,8,16501,128.0,out_phys,GS_Hero_NOX,0,88,23.6,24,1.0,
43,Fire Wyvern,8,16501,128.0,out_phys,GS_Hero_NOX_Xelima7,0,88,30.6,31,1.0,
43,Fire Wyvern,8,16501,128.0,out_phys,GS_Hero_NOX_Abaddon17,0,88,40.6,41,1.0,
43,Fire Wyvern,8,16501,128.0,out_phys,GS_full_upg10,0,88,50.6,51,1.0,
43,Fire Wyvern,8,16501,128.0,in_phys,naked_PA0,0,,128,,1.0,128
43,Fire Wyvern,8,16501,128.0,in_phys,light_PA20,0,,128,,1.0,103
43,Fire Wyvern,8,16501,128.0,in_phys,heavy_PA40,0,,128,,1.0,77
43,Fire Wyvern,8,16501,128.0,in_phys,heavy_Merien5_PA45,0,,128,,1.0,71
43,Fire Wyvern,8,16501,128.0,in_phys,heavy_Merien10_PA50,0,,128,,1.0,64
43,Fire Wyvern,8,16501,128.0,in_phys,stack_PA70,0,,128,,1.0,39
43,Fire Wyvern,8,16501,128.0,in_phys,cap_PA80,0,,128,,1.0,26
43,Fire Wyvern,8,16501,128.0,out_magic,bare,50,80,69.1,70,1.524,
43,Fire Wyvern,8,16501,128.0,out_magic,MS20,50,80,69.1,70,1.524,
43,Fire Wyvern,8,16501,128.0,out_magic,MS22_HR50,50,85,69.1,70,1.524,
43,Fire Wyvern,8,16501,128.0,out_magic,MS22_HR91,50,89,69.1,70,1.524,
43,Fire Wyvern,8,16501,128.0,out_magic,ZW20,50,80,86.4,88,1.524,
43,Fire Wyvern,8,16501,128.0,out_magic,ZW20_HeroMage,50,80,91.4,93,1.524,
43,Fire Wyvern,8,16501,128.0,out_magic,bare_HeroMage,50,80,73.1,74,1.524,
43,Fire Wyvern,8,16501,128.0,out_phys,bare_hand,50,70,13.0,13,1.524,
43,Fire Wyvern,8,16501,128.0,out_phys,LongSword+2,50,70,8.7,9,1.524,
43,Fire Wyvern,8,16501,128.0,out_phys,GiantSword,50,70,18.6,19,1.524,
43,Fire Wyvern,8,16501,128.0,out_phys,GS_Hero,50,80,23.6,24,1.524,
43,Fire Wyvern,8,16501,128.0,out_phys,GS_Hero_NOX,50,90,23.6,24,1.524,
43,Fire Wyvern,8,16501,128.0,out_phys,GS_Hero_NOX_Xelima7,50,90,30.6,32,1.524,
43,Fire Wyvern,8,16501,128.0,out_phys,GS_Hero_NOX_Abaddon17,50,90,40.6,42,1.524,
43,Fire Wyvern,8,16501,128.0,out_phys,GS_full_upg10,50,90,50.6,52,1.524,
43,Fire Wyvern,8,16501,128.0,in_phys,naked_PA0,50,,128,,1.524,125
43,Fire Wyvern,8,16501,128.0,in_phys,light_PA20,50,,128,,1.524,100
43,Fire Wyvern,8,16501,128.0,in_phys,heavy_PA40,50,,128,,1.524,75
43,Fire Wyvern,8,16501,128.0,in_phys,heavy_Merien5_PA45,50,,128,,1.524,69
43,Fire Wyvern,8,16501,128.0,in_phys,heavy_Merien10_PA50,50,,128,,1.524,63
43,Fire Wyvern,8,16501,128.0,in_phys,stack_PA70,50,,128,,1.524,38
43,Fire Wyvern,8,16501,128.0,in_phys,cap_PA80,50,,128,,1.524,25
44,Wyvern,8,13751,128.0,out_magic,bare,0,78,69.1,69,1.0,
44,Wyvern,8,13751,128.0,out_magic,MS20,0,78,69.1,69,1.0,
44,Wyvern,8,13751,128.0,out_magic,MS22_HR50,0,83,69.1,69,1.0,
44,Wyvern,8,13751,128.0,out_magic,MS22_HR91,0,87,69.1,69,1.0,
44,Wyvern,8,13751,128.0,out_magic,ZW20,0,78,86.4,86,1.0,
44,Wyvern,8,13751,128.0,out_magic,ZW20_HeroMage,0,78,91.4,91,1.0,
44,Wyvern,8,13751,128.0,out_magic,bare_HeroMage,0,78,73.1,73,1.0,
44,Wyvern,8,13751,128.0,out_phys,bare_hand,0,68,13.0,13,1.0,
44,Wyvern,8,13751,128.0,out_phys,LongSword+2,0,68,8.7,9,1.0,
44,Wyvern,8,13751,128.0,out_phys,GiantSword,0,68,18.6,19,1.0,
44,Wyvern,8,13751,128.0,out_phys,GS_Hero,0,78,23.6,24,1.0,
44,Wyvern,8,13751,128.0,out_phys,GS_Hero_NOX,0,88,23.6,24,1.0,
44,Wyvern,8,13751,128.0,out_phys,GS_Hero_NOX_Xelima7,0,88,30.6,31,1.0,
44,Wyvern,8,13751,128.0,out_phys,GS_Hero_NOX_Abaddon17,0,88,40.6,41,1.0,
44,Wyvern,8,13751,128.0,out_phys,GS_full_upg10,0,88,50.6,51,1.0,
44,Wyvern,8,13751,128.0,in_phys,naked_PA0,0,,128,,1.0,128
44,Wyvern,8,13751,128.0,in_phys,light_PA20,0,,128,,1.0,103
44,Wyvern,8,13751,128.0,in_phys,heavy_PA40,0,,128,,1.0,77
44,Wyvern,8,13751,128.0,in_phys,heavy_Merien5_PA45,0,,128,,1.0,71
44,Wyvern,8,13751,128.0,in_phys,heavy_Merien10_PA50,0,,128,,1.0,64
44,Wyvern,8,13751,128.0,in_phys,stack_PA70,0,,128,,1.0,39
44,Wyvern,8,13751,128.0,in_phys,cap_PA80,0,,128,,1.0,26
44,Wyvern,8,13751,128.0,out_magic,bare,50,80,69.1,70,1.524,
44,Wyvern,8,13751,128.0,out_magic,MS20,50,80,69.1,70,1.524,
44,Wyvern,8,13751,128.0,out_magic,MS22_HR50,50,85,69.1,70,1.524,
44,Wyvern,8,13751,128.0,out_magic,MS22_HR91,50,89,69.1,70,1.524,
44,Wyvern,8,13751,128.0,out_magic,ZW20,50,80,86.4,88,1.524,
44,Wyvern,8,13751,128.0,out_magic,ZW20_HeroMage,50,80,91.4,93,1.524,
44,Wyvern,8,13751,128.0,out_magic,bare_HeroMage,50,80,73.1,74,1.524,
44,Wyvern,8,13751,128.0,out_phys,bare_hand,50,70,13.0,13,1.524,
44,Wyvern,8,13751,128.0,out_phys,LongSword+2,50,70,8.7,9,1.524,
44,Wyvern,8,13751,128.0,out_phys,GiantSword,50,70,18.6,19,1.524,
44,Wyvern,8,13751,128.0,out_phys,GS_Hero,50,80,23.6,24,1.524,
44,Wyvern,8,13751,128.0,out_phys,GS_Hero_NOX,50,90,23.6,24,1.524,
44,Wyvern,8,13751,128.0,out_phys,GS_Hero_NOX_Xelima7,50,90,30.6,32,1.524,
44,Wyvern,8,13751,128.0,out_phys,GS_Hero_NOX_Abaddon17,50,90,40.6,42,1.524,
44,Wyvern,8,13751,128.0,out_phys,GS_full_upg10,50,90,50.6,52,1.524,
44,Wyvern,8,13751,128.0,in_phys,naked_PA0,50,,128,,1.524,125
44,Wyvern,8,13751,128.0,in_phys,light_PA20,50,,128,,1.524,100
44,Wyvern,8,13751,128.0,in_phys,heavy_PA40,50,,128,,1.524,75
44,Wyvern,8,13751,128.0,in_phys,heavy_Merien5_PA45,50,,128,,1.524,69
44,Wyvern,8,13751,128.0,in_phys,heavy_Merien10_PA50,50,,128,,1.524,63
44,Wyvern,8,13751,128.0,in_phys,stack_PA70,50,,128,,1.524,38
44,Wyvern,8,13751,128.0,in_phys,cap_PA80,50,,128,,1.524,25
45,Ugly Wyvern,0,0,5.0,out_magic,bare,0,78,69.1,69,1.0,
45,Ugly Wyvern,0,0,5.0,out_magic,MS20,0,78,69.1,69,1.0,
45,Ugly Wyvern,0,0,5.0,out_magic,MS22_HR50,0,83,69.1,69,1.0,
45,Ugly Wyvern,0,0,5.0,out_magic,MS22_HR91,0,87,69.1,69,1.0,
45,Ugly Wyvern,0,0,5.0,out_magic,ZW20,0,78,86.4,86,1.0,
45,Ugly Wyvern,0,0,5.0,out_magic,ZW20_HeroMage,0,78,91.4,91,1.0,
45,Ugly Wyvern,0,0,5.0,out_magic,bare_HeroMage,0,78,73.1,73,1.0,
45,Ugly Wyvern,0,0,5.0,out_phys,bare_hand,0,77,13.0,13,1.0,
45,Ugly Wyvern,0,0,5.0,out_phys,LongSword+2,0,77,8.7,9,1.0,
45,Ugly Wyvern,0,0,5.0,out_phys,GiantSword,0,77,18.6,19,1.0,
45,Ugly Wyvern,0,0,5.0,out_phys,GS_Hero,0,87,23.6,24,1.0,
45,Ugly Wyvern,0,0,5.0,out_phys,GS_Hero_NOX,0,97,23.6,24,1.0,
45,Ugly Wyvern,0,0,5.0,out_phys,GS_Hero_NOX_Xelima7,0,97,30.6,31,1.0,
45,Ugly Wyvern,0,0,5.0,out_phys,GS_Hero_NOX_Abaddon17,0,97,40.6,41,1.0,
45,Ugly Wyvern,0,0,5.0,out_phys,GS_full_upg10,0,97,50.6,51,1.0,
45,Ugly Wyvern,0,0,5.0,in_phys,naked_PA0,0,,5,,1.0,5
45,Ugly Wyvern,0,0,5.0,in_phys,light_PA20,0,,5,,1.0,4
45,Ugly Wyvern,0,0,5.0,in_phys,heavy_PA40,0,,5,,1.0,3
45,Ugly Wyvern,0,0,5.0,in_phys,heavy_Merien5_PA45,0,,5,,1.0,3
45,Ugly Wyvern,0,0,5.0,in_phys,heavy_Merien10_PA50,0,,5,,1.0,3
45,Ugly Wyvern,0,0,5.0,in_phys,stack_PA70,0,,5,,1.0,2
45,Ugly Wyvern,0,0,5.0,in_phys,cap_PA80,0,,5,,1.0,1
45,Ugly Wyvern,0,0,5.0,out_magic,bare,50,80,69.1,70,1.524,
45,Ugly Wyvern,0,0,5.0,out_magic,MS20,50,80,69.1,70,1.524,
45,Ugly Wyvern,0,0,5.0,out_magic,MS22_HR50,50,85,69.1,70,1.524,
45,Ugly Wyvern,0,0,5.0,out_magic,MS22_HR91,50,89,69.1,70,1.524,
45,Ugly Wyvern,0,0,5.0,out_magic,ZW20,50,80,86.4,88,1.524,
45,Ugly Wyvern,0,0,5.0,out_magic,ZW20_HeroMage,50,80,91.4,93,1.524,
45,Ugly Wyvern,0,0,5.0,out_magic,bare_HeroMage,50,80,73.1,74,1.524,
45,Ugly Wyvern,0,0,5.0,out_phys,bare_hand,50,79,13.0,13,1.524,
45,Ugly Wyvern,0,0,5.0,out_phys,LongSword+2,50,79,8.7,9,1.524,
45,Ugly Wyvern,0,0,5.0,out_phys,GiantSword,50,79,18.6,19,1.524,
45,Ugly Wyvern,0,0,5.0,out_phys,GS_Hero,50,89,23.6,24,1.524,
45,Ugly Wyvern,0,0,5.0,out_phys,GS_Hero_NOX,50,97,23.6,24,1.524,
45,Ugly Wyvern,0,0,5.0,out_phys,GS_Hero_NOX_Xelima7,50,97,30.6,32,1.524,
45,Ugly Wyvern,0,0,5.0,out_phys,GS_Hero_NOX_Abaddon17,50,97,40.6,42,1.524,
45,Ugly Wyvern,0,0,5.0,out_phys,GS_full_upg10,50,97,50.6,52,1.524,
45,Ugly Wyvern,0,0,5.0,in_phys,naked_PA0,50,,5,,1.524,5
45,Ugly Wyvern,0,0,5.0,in_phys,light_PA20,50,,5,,1.524,4
45,Ugly Wyvern,0,0,5.0,in_phys,heavy_PA40,50,,5,,1.524,3
45,Ugly Wyvern,0,0,5.0,in_phys,heavy_Merien5_PA45,50,,5,,1.524,3
45,Ugly Wyvern,0,0,5.0,in_phys,heavy_Merien10_PA50,50,,5,,1.524,3
45,Ugly Wyvern,0,0,5.0,in_phys,stack_PA70,50,,5,,1.524,2
45,Ugly Wyvern,0,0,5.0,in_phys,cap_PA80,50,,5,,1.524,1
46,Lich,7,716,28.0,out_magic,bare,0,78,69.1,69,1.0,
46,Lich,7,716,28.0,out_magic,MS20,0,78,69.1,69,1.0,
46,Lich,7,716,28.0,out_magic,MS22_HR50,0,83,69.1,69,1.0,
46,Lich,7,716,28.0,out_magic,MS22_HR91,0,87,69.1,69,1.0,
46,Lich,7,716,28.0,out_magic,ZW20,0,78,86.4,86,1.0,
46,Lich,7,716,28.0,out_magic,ZW20_HeroMage,0,78,91.4,91,1.0,
46,Lich,7,716,28.0,out_magic,bare_HeroMage,0,78,73.1,73,1.0,
46,Lich,7,716,28.0,out_phys,bare_hand,0,71,13.0,13,1.0,
46,Lich,7,716,28.0,out_phys,LongSword+2,0,71,8.7,9,1.0,
46,Lich,7,716,28.0,out_phys,GiantSword,0,71,18.6,19,1.0,
46,Lich,7,716,28.0,out_phys,GS_Hero,0,81,23.6,24,1.0,
46,Lich,7,716,28.0,out_phys,GS_Hero_NOX,0,91,23.6,24,1.0,
46,Lich,7,716,28.0,out_phys,GS_Hero_NOX_Xelima7,0,91,30.6,31,1.0,
46,Lich,7,716,28.0,out_phys,GS_Hero_NOX_Abaddon17,0,91,40.6,41,1.0,
46,Lich,7,716,28.0,out_phys,GS_full_upg10,0,91,50.6,51,1.0,
46,Lich,7,716,28.0,in_phys,naked_PA0,0,,28,,1.0,28
46,Lich,7,716,28.0,in_phys,light_PA20,0,,28,,1.0,23
46,Lich,7,716,28.0,in_phys,heavy_PA40,0,,28,,1.0,17
46,Lich,7,716,28.0,in_phys,heavy_Merien5_PA45,0,,28,,1.0,16
46,Lich,7,716,28.0,in_phys,heavy_Merien10_PA50,0,,28,,1.0,14
46,Lich,7,716,28.0,in_phys,stack_PA70,0,,28,,1.0,9
46,Lich,7,716,28.0,in_phys,cap_PA80,0,,28,,1.0,6
46,Lich,7,716,28.0,out_magic,bare,50,78,69.1,70,1.529,
46,Lich,7,716,28.0,out_magic,MS20,50,78,69.1,70,1.529,
46,Lich,7,716,28.0,out_magic,MS22_HR50,50,83,69.1,70,1.529,
46,Lich,7,716,28.0,out_magic,MS22_HR91,50,87,69.1,70,1.529,
46,Lich,7,716,28.0,out_magic,ZW20,50,78,86.4,87,1.529,
46,Lich,7,716,28.0,out_magic,ZW20_HeroMage,50,78,91.4,92,1.529,
46,Lich,7,716,28.0,out_magic,bare_HeroMage,50,78,73.1,74,1.529,
46,Lich,7,716,28.0,out_phys,bare_hand,50,71,13.0,14,1.529,
46,Lich,7,716,28.0,out_phys,LongSword+2,50,71,8.7,10,1.529,
46,Lich,7,716,28.0,out_phys,GiantSword,50,71,18.6,20,1.529,
46,Lich,7,716,28.0,out_phys,GS_Hero,50,81,23.6,25,1.529,
46,Lich,7,716,28.0,out_phys,GS_Hero_NOX,50,91,23.6,25,1.529,
46,Lich,7,716,28.0,out_phys,GS_Hero_NOX_Xelima7,50,91,30.6,32,1.529,
46,Lich,7,716,28.0,out_phys,GS_Hero_NOX_Abaddon17,50,91,40.6,42,1.529,
46,Lich,7,716,28.0,out_phys,GS_full_upg10,50,91,50.6,52,1.529,
46,Lich,7,716,28.0,in_phys,naked_PA0,50,,28,,1.529,27
46,Lich,7,716,28.0,in_phys,light_PA20,50,,28,,1.529,22
46,Lich,7,716,28.0,in_phys,heavy_PA40,50,,28,,1.529,17
46,Lich,7,716,28.0,in_phys,heavy_Merien5_PA45,50,,28,,1.529,15
46,Lich,7,716,28.0,in_phys,heavy_Merien10_PA50,50,,28,,1.529,14
46,Lich,7,716,28.0,in_phys,stack_PA70,50,,28,,1.529,9
46,Lich,7,716,28.0,in_phys,cap_PA80,50,,28,,1.529,6
47,Ogre,6,633,32.0,out_magic,bare,0,96,69.1,69,1.0,
47,Ogre,6,633,32.0,out_magic,MS20,0,96,69.1,69,1.0,
47,Ogre,6,633,32.0,out_magic,MS22_HR50,0,97,69.1,69,1.0,
47,Ogre,6,633,32.0,out_magic,MS22_HR91,0,97,69.1,69,1.0,
47,Ogre,6,633,32.0,out_magic,ZW20,0,96,86.4,86,1.0,
47,Ogre,6,633,32.0,out_magic,ZW20_HeroMage,0,96,91.4,91,1.0,
47,Ogre,6,633,32.0,out_magic,bare_HeroMage,0,96,73.1,73,1.0,
47,Ogre,6,633,32.0,out_phys,bare_hand,0,74,13.0,13,1.0,
47,Ogre,6,633,32.0,out_phys,LongSword+2,0,74,8.7,9,1.0,
47,Ogre,6,633,32.0,out_phys,GiantSword,0,74,18.6,19,1.0,
47,Ogre,6,633,32.0,out_phys,GS_Hero,0,84,23.6,24,1.0,
47,Ogre,6,633,32.0,out_phys,GS_Hero_NOX,0,94,23.6,24,1.0,
47,Ogre,6,633,32.0,out_phys,GS_Hero_NOX_Xelima7,0,94,30.6,31,1.0,
47,Ogre,6,633,32.0,out_phys,GS_Hero_NOX_Abaddon17,0,94,40.6,41,1.0,
47,Ogre,6,633,32.0,out_phys,GS_full_upg10,0,94,50.6,51,1.0,
47,Ogre,6,633,32.0,in_phys,naked_PA0,0,,32,,1.0,32
47,Ogre,6,633,32.0,in_phys,light_PA20,0,,32,,1.0,26
47,Ogre,6,633,32.0,in_phys,heavy_PA40,0,,32,,1.0,20
47,Ogre,6,633,32.0,in_phys,heavy_Merien5_PA45,0,,32,,1.0,18
47,Ogre,6,633,32.0,in_phys,heavy_Merien10_PA50,0,,32,,1.0,16
47,Ogre,6,633,32.0,in_phys,stack_PA70,0,,32,,1.0,10
47,Ogre,6,633,32.0,in_phys,cap_PA80,0,,32,,1.0,7
47,Ogre,6,633,32.0,out_magic,bare,50,97,69.1,70,1.524,
47,Ogre,6,633,32.0,out_magic,MS20,50,97,69.1,70,1.524,
47,Ogre,6,633,32.0,out_magic,MS22_HR50,50,97,69.1,70,1.524,
47,Ogre,6,633,32.0,out_magic,MS22_HR91,50,97,69.1,70,1.524,
47,Ogre,6,633,32.0,out_magic,ZW20,50,97,86.4,87,1.524,
47,Ogre,6,633,32.0,out_magic,ZW20_HeroMage,50,97,91.4,92,1.524,
47,Ogre,6,633,32.0,out_magic,bare_HeroMage,50,97,73.1,74,1.524,
47,Ogre,6,633,32.0,out_phys,bare_hand,50,76,13.0,14,1.524,
47,Ogre,6,633,32.0,out_phys,LongSword+2,50,76,8.7,10,1.524,
47,Ogre,6,633,32.0,out_phys,GiantSword,50,76,18.6,20,1.524,
47,Ogre,6,633,32.0,out_phys,GS_Hero,50,86,23.6,25,1.524,
47,Ogre,6,633,32.0,out_phys,GS_Hero_NOX,50,96,23.6,25,1.524,
47,Ogre,6,633,32.0,out_phys,GS_Hero_NOX_Xelima7,50,96,30.6,32,1.524,
47,Ogre,6,633,32.0,out_phys,GS_Hero_NOX_Abaddon17,50,96,40.6,42,1.524,
47,Ogre,6,633,32.0,out_phys,GS_full_upg10,50,96,50.6,52,1.524,
47,Ogre,6,633,32.0,in_phys,naked_PA0,50,,32,,1.524,31
47,Ogre,6,633,32.0,in_phys,light_PA20,50,,32,,1.524,25
47,Ogre,6,633,32.0,in_phys,heavy_PA40,50,,32,,1.524,19
47,Ogre,6,633,32.0,in_phys,heavy_Merien5_PA45,50,,32,,1.524,18
47,Ogre,6,633,32.0,in_phys,heavy_Merien10_PA50,50,,32,,1.524,16
47,Ogre,6,633,32.0,in_phys,stack_PA70,50,,32,,1.524,10
47,Ogre,6,633,32.0,in_phys,cap_PA80,50,,32,,1.524,7
48,Rudolph,0,221,21.0,out_magic,bare,0,97,69.1,69,1.0,
48,Rudolph,0,221,21.0,out_magic,MS20,0,97,69.1,69,1.0,
48,Rudolph,0,221,21.0,out_magic,MS22_HR50,0,97,69.1,69,1.0,
48,Rudolph,0,221,21.0,out_magic,MS22_HR91,0,97,69.1,69,1.0,
48,Rudolph,0,221,21.0,out_magic,ZW20,0,97,86.4,86,1.0,
48,Rudolph,0,221,21.0,out_magic,ZW20_HeroMage,0,97,91.4,91,1.0,
48,Rudolph,0,221,21.0,out_magic,bare_HeroMage,0,97,73.1,73,1.0,
48,Rudolph,0,221,21.0,out_phys,bare_hand,0,77,13.0,13,1.0,
48,Rudolph,0,221,21.0,out_phys,LongSword+2,0,77,8.7,9,1.0,
48,Rudolph,0,221,21.0,out_phys,GiantSword,0,77,18.6,19,1.0,
48,Rudolph,0,221,21.0,out_phys,GS_Hero,0,87,23.6,24,1.0,
48,Rudolph,0,221,21.0,out_phys,GS_Hero_NOX,0,97,23.6,24,1.0,
48,Rudolph,0,221,21.0,out_phys,GS_Hero_NOX_Xelima7,0,97,30.6,31,1.0,
48,Rudolph,0,221,21.0,out_phys,GS_Hero_NOX_Abaddon17,0,97,40.6,41,1.0,
48,Rudolph,0,221,21.0,out_phys,GS_full_upg10,0,97,50.6,51,1.0,
48,Rudolph,0,221,21.0,in_phys,naked_PA0,0,,21,,1.0,21
48,Rudolph,0,221,21.0,in_phys,light_PA20,0,,21,,1.0,17
48,Rudolph,0,221,21.0,in_phys,heavy_PA40,0,,21,,1.0,13
48,Rudolph,0,221,21.0,in_phys,heavy_Merien5_PA45,0,,21,,1.0,12
48,Rudolph,0,221,21.0,in_phys,heavy_Merien10_PA50,0,,21,,1.0,11
48,Rudolph,0,221,21.0,in_phys,stack_PA70,0,,21,,1.0,7
48,Rudolph,0,221,21.0,in_phys,cap_PA80,0,,21,,1.0,5
48,Rudolph,0,221,21.0,out_magic,bare,50,97,69.1,70,1.524,
48,Rudolph,0,221,21.0,out_magic,MS20,50,97,69.1,70,1.524,
48,Rudolph,0,221,21.0,out_magic,MS22_HR50,50,97,69.1,70,1.524,
48,Rudolph,0,221,21.0,out_magic,MS22_HR91,50,97,69.1,70,1.524,
48,Rudolph,0,221,21.0,out_magic,ZW20,50,97,86.4,88,1.524,
48,Rudolph,0,221,21.0,out_magic,ZW20_HeroMage,50,97,91.4,93,1.524,
48,Rudolph,0,221,21.0,out_magic,bare_HeroMage,50,97,73.1,74,1.524,
48,Rudolph,0,221,21.0,out_phys,bare_hand,50,79,13.0,13,1.524,
48,Rudolph,0,221,21.0,out_phys,LongSword+2,50,79,8.7,9,1.524,
48,Rudolph,0,221,21.0,out_phys,GiantSword,50,79,18.6,19,1.524,
48,Rudolph,0,221,21.0,out_phys,GS_Hero,50,89,23.6,24,1.524,
48,Rudolph,0,221,21.0,out_phys,GS_Hero_NOX,50,97,23.6,24,1.524,
48,Rudolph,0,221,21.0,out_phys,GS_Hero_NOX_Xelima7,50,97,30.6,32,1.524,
48,Rudolph,0,221,21.0,out_phys,GS_Hero_NOX_Abaddon17,50,97,40.6,42,1.524,
48,Rudolph,0,221,21.0,out_phys,GS_full_upg10,50,97,50.6,52,1.524,
48,Rudolph,0,221,21.0,in_phys,naked_PA0,50,,21,,1.524,21
48,Rudolph,0,221,21.0,in_phys,light_PA20,50,,21,,1.524,17
48,Rudolph,0,221,21.0,in_phys,heavy_PA40,50,,21,,1.524,13
48,Rudolph,0,221,21.0,in_phys,heavy_Merien5_PA45,50,,21,,1.524,12
48,Rudolph,0,221,21.0,in_phys,heavy_Merien10_PA50,50,,21,,1.524,11
48,Rudolph,0,221,21.0,in_phys,stack_PA70,50,,21,,1.524,7
48,Rudolph,0,221,21.0,in_phys,cap_PA80,50,,21,,1.524,5
49,Scarecrow,0,14,6.0,out_magic,bare,0,97,69.1,69,1.0,
49,Scarecrow,0,14,6.0,out_magic,MS20,0,97,69.1,69,1.0,
49,Scarecrow,0,14,6.0,out_magic,MS22_HR50,0,97,69.1,69,1.0,
49,Scarecrow,0,14,6.0,out_magic,MS22_HR91,0,97,69.1,69,1.0,
49,Scarecrow,0,14,6.0,out_magic,ZW20,0,97,86.4,86,1.0,
49,Scarecrow,0,14,6.0,out_magic,ZW20_HeroMage,0,97,91.4,91,1.0,
49,Scarecrow,0,14,6.0,out_magic,bare_HeroMage,0,97,73.1,73,1.0,
49,Scarecrow,0,14,6.0,out_phys,bare_hand,0,77,13.0,13,1.0,
49,Scarecrow,0,14,6.0,out_phys,LongSword+2,0,77,8.7,9,1.0,
49,Scarecrow,0,14,6.0,out_phys,GiantSword,0,77,18.6,19,1.0,
49,Scarecrow,0,14,6.0,out_phys,GS_Hero,0,87,23.6,24,1.0,
49,Scarecrow,0,14,6.0,out_phys,GS_Hero_NOX,0,97,23.6,24,1.0,
49,Scarecrow,0,14,6.0,out_phys,GS_Hero_NOX_Xelima7,0,97,30.6,31,1.0,
49,Scarecrow,0,14,6.0,out_phys,GS_Hero_NOX_Abaddon17,0,97,40.6,41,1.0,
49,Scarecrow,0,14,6.0,out_phys,GS_full_upg10,0,97,50.6,51,1.0,
49,Scarecrow,0,14,6.0,in_phys,naked_PA0,0,,6,,1.0,6
49,Scarecrow,0,14,6.0,in_phys,light_PA20,0,,6,,1.0,5
49,Scarecrow,0,14,6.0,in_phys,heavy_PA40,0,,6,,1.0,4
49,Scarecrow,0,14,6.0,in_phys,heavy_Merien5_PA45,0,,6,,1.0,4
49,Scarecrow,0,14,6.0,in_phys,heavy_Merien10_PA50,0,,6,,1.0,3
49,Scarecrow,0,14,6.0,in_phys,stack_PA70,0,,6,,1.0,2
49,Scarecrow,0,14,6.0,in_phys,cap_PA80,0,,6,,1.0,2
49,Scarecrow,0,14,6.0,out_magic,bare,50,97,69.1,70,1.534,
49,Scarecrow,0,14,6.0,out_magic,MS20,50,97,69.1,70,1.534,
49,Scarecrow,0,14,6.0,out_magic,MS22_HR50,50,97,69.1,70,1.534,
49,Scarecrow,0,14,6.0,out_magic,MS22_HR91,50,97,69.1,70,1.534,
49,Scarecrow,0,14,6.0,out_magic,ZW20,50,97,86.4,87,1.534,
49,Scarecrow,0,14,6.0,out_magic,ZW20_HeroMage,50,97,91.4,92,1.534,
49,Scarecrow,0,14,6.0,out_magic,bare_HeroMage,50,97,73.1,74,1.534,
49,Scarecrow,0,14,6.0,out_phys,bare_hand,50,77,13.0,14,1.534,
49,Scarecrow,0,14,6.0,out_phys,LongSword+2,50,77,8.7,10,1.534,
49,Scarecrow,0,14,6.0,out_phys,GiantSword,50,77,18.6,20,1.534,
49,Scarecrow,0,14,6.0,out_phys,GS_Hero,50,87,23.6,25,1.534,
49,Scarecrow,0,14,6.0,out_phys,GS_Hero_NOX,50,97,23.6,25,1.534,
49,Scarecrow,0,14,6.0,out_phys,GS_Hero_NOX_Xelima7,50,97,30.6,32,1.534,
49,Scarecrow,0,14,6.0,out_phys,GS_Hero_NOX_Abaddon17,50,97,40.6,42,1.534,
49,Scarecrow,0,14,6.0,out_phys,GS_full_upg10,50,97,50.6,52,1.534,
49,Scarecrow,0,14,6.0,in_phys,naked_PA0,50,,6,,1.534,6
49,Scarecrow,0,14,6.0,in_phys,light_PA20,50,,6,,1.534,5
49,Scarecrow,0,14,6.0,in_phys,heavy_PA40,50,,6,,1.534,4
49,Scarecrow,0,14,6.0,in_phys,heavy_Merien5_PA45,50,,6,,1.534,4
49,Scarecrow,0,14,6.0,in_phys,heavy_Merien10_PA50,50,,6,,1.534,3
49,Scarecrow,0,14,6.0,in_phys,stack_PA70,50,,6,,1.534,2
49,Scarecrow,0,14,6.0,in_phys,cap_PA80,50,,6,,1.534,2
50,Scorpion,2,34,10.0,out_magic,bare,0,97,69.1,69,1.0,
50,Scorpion,2,34,10.0,out_magic,MS20,0,97,69.1,69,1.0,
50,Scorpion,2,34,10.0,out_magic,MS22_HR50,0,97,69.1,69,1.0,
50,Scorpion,2,34,10.0,out_magic,MS22_HR91,0,97,69.1,69,1.0,
50,Scorpion,2,34,10.0,out_magic,ZW20,0,97,86.4,86,1.0,
50,Scorpion,2,34,10.0,out_magic,ZW20_HeroMage,0,97,91.4,91,1.0,
50,Scorpion,2,34,10.0,out_magic,bare_HeroMage,0,97,73.1,73,1.0,
50,Scorpion,2,34,10.0,out_phys,bare_hand,0,86,13.0,13,1.0,
50,Scorpion,2,34,10.0,out_phys,LongSword+2,0,86,8.7,9,1.0,
50,Scorpion,2,34,10.0,out_phys,GiantSword,0,86,18.6,19,1.0,
50,Scorpion,2,34,10.0,out_phys,GS_Hero,0,96,23.6,24,1.0,
50,Scorpion,2,34,10.0,out_phys,GS_Hero_NOX,0,97,23.6,24,1.0,
50,Scorpion,2,34,10.0,out_phys,GS_Hero_NOX_Xelima7,0,97,30.6,31,1.0,
50,Scorpion,2,34,10.0,out_phys,GS_Hero_NOX_Abaddon17,0,97,40.6,41,1.0,
50,Scorpion,2,34,10.0,out_phys,GS_full_upg10,0,97,50.6,51,1.0,
50,Scorpion,2,34,10.0,in_phys,naked_PA0,0,,10,,1.0,10
50,Scorpion,2,34,10.0,in_phys,light_PA20,0,,10,,1.0,8
50,Scorpion,2,34,10.0,in_phys,heavy_PA40,0,,10,,1.0,6
50,Scorpion,2,34,10.0,in_phys,heavy_Merien5_PA45,0,,10,,1.0,6
50,Scorpion,2,34,10.0,in_phys,heavy_Merien10_PA50,0,,10,,1.0,5
50,Scorpion,2,34,10.0,in_phys,stack_PA70,0,,10,,1.0,3
50,Scorpion,2,34,10.0,in_phys,cap_PA80,0,,10,,1.0,2
50,Scorpion,2,34,10.0,out_magic,bare,50,97,69.1,70,1.529,
50,Scorpion,2,34,10.0,out_magic,MS20,50,97,69.1,70,1.529,
50,Scorpion,2,34,10.0,out_magic,MS22_HR50,50,97,69.1,70,1.529,
50,Scorpion,2,34,10.0,out_magic,MS22_HR91,50,97,69.1,70,1.529,
50,Scorpion,2,34,10.0,out_magic,ZW20,50,97,86.4,87,1.529,
50,Scorpion,2,34,10.0,out_magic,ZW20_HeroMage,50,97,91.4,92,1.529,
50,Scorpion,2,34,10.0,out_magic,bare_HeroMage,50,97,73.1,74,1.529,
50,Scorpion,2,34,10.0,out_phys,bare_hand,50,86,13.0,14,1.529,
50,Scorpion,2,34,10.0,out_phys,LongSword+2,50,86,8.7,10,1.529,
50,Scorpion,2,34,10.0,out_phys,GiantSword,50,86,18.6,20,1.529,
50,Scorpion,2,34,10.0,out_phys,GS_Hero,50,96,23.6,25,1.529,
50,Scorpion,2,34,10.0,out_phys,GS_Hero_NOX,50,97,23.6,25,1.529,
50,Scorpion,2,34,10.0,out_phys,GS_Hero_NOX_Xelima7,50,97,30.6,32,1.529,
50,Scorpion,2,34,10.0,out_phys,GS_Hero_NOX_Abaddon17,50,97,40.6,42,1.529,
50,Scorpion,2,34,10.0,out_phys,GS_full_upg10,50,97,50.6,52,1.529,
50,Scorpion,2,34,10.0,in_phys,naked_PA0,50,,10,,1.529,9
50,Scorpion,2,34,10.0,in_phys,light_PA20,50,,10,,1.529,8
50,Scorpion,2,34,10.0,in_phys,heavy_PA40,50,,10,,1.529,6
50,Scorpion,2,34,10.0,in_phys,heavy_Merien5_PA45,50,,10,,1.529,5
50,Scorpion,2,34,10.0,in_phys,heavy_Merien10_PA50,50,,10,,1.529,5
50,Scorpion,2,34,10.0,in_phys,stack_PA70,50,,10,,1.529,3
50,Scorpion,2,34,10.0,in_phys,cap_PA80,50,,10,,1.529,2
51,Skeleton,2,45,12.5,out_magic,bare,0,97,69.1,69,1.0,
51,Skeleton,2,45,12.5,out_magic,MS20,0,97,69.1,69,1.0,
51,Skeleton,2,45,12.5,out_magic,MS22_HR50,0,97,69.1,69,1.0,
51,Skeleton,2,45,12.5,out_magic,MS22_HR91,0,97,69.1,69,1.0,
51,Skeleton,2,45,12.5,out_magic,ZW20,0,97,86.4,86,1.0,
51,Skeleton,2,45,12.5,out_magic,ZW20_HeroMage,0,97,91.4,91,1.0,
51,Skeleton,2,45,12.5,out_magic,bare_HeroMage,0,97,73.1,73,1.0,
51,Skeleton,2,45,12.5,out_phys,bare_hand,0,86,13.0,13,1.0,
51,Skeleton,2,45,12.5,out_phys,LongSword+2,0,86,8.7,9,1.0,
51,Skeleton,2,45,12.5,out_phys,GiantSword,0,86,18.6,19,1.0,
51,Skeleton,2,45,12.5,out_phys,GS_Hero,0,96,23.6,24,1.0,
51,Skeleton,2,45,12.5,out_phys,GS_Hero_NOX,0,97,23.6,24,1.0,
51,Skeleton,2,45,12.5,out_phys,GS_Hero_NOX_Xelima7,0,97,30.6,31,1.0,
51,Skeleton,2,45,12.5,out_phys,GS_Hero_NOX_Abaddon17,0,97,40.6,41,1.0,
51,Skeleton,2,45,12.5,out_phys,GS_full_upg10,0,97,50.6,51,1.0,
51,Skeleton,2,45,12.5,in_phys,naked_PA0,0,,12,,1.0,12
51,Skeleton,2,45,12.5,in_phys,light_PA20,0,,12,,1.0,10
51,Skeleton,2,45,12.5,in_phys,heavy_PA40,0,,12,,1.0,8
51,Skeleton,2,45,12.5,in_phys,heavy_Merien5_PA45,0,,12,,1.0,7
51,Skeleton,2,45,12.5,in_phys,heavy_Merien10_PA50,0,,12,,1.0,6
51,Skeleton,2,45,12.5,in_phys,stack_PA70,0,,12,,1.0,4
51,Skeleton,2,45,12.5,in_phys,cap_PA80,0,,12,,1.0,3
51,Skeleton,2,45,12.5,out_magic,bare,50,97,69.1,70,1.529,
51,Skeleton,2,45,12.5,out_magic,MS20,50,97,69.1,70,1.529,
51,Skeleton,2,45,12.5,out_magic,MS22_HR50,50,97,69.1,70,1.529,
51,Skeleton,2,45,12.5,out_magic,MS22_HR91,50,97,69.1,70,1.529,
51,Skeleton,2,45,12.5,out_magic,ZW20,50,97,86.4,87,1.529,
51,Skeleton,2,45,12.5,out_magic,ZW20_HeroMage,50,97,91.4,92,1.529,
51,Skeleton,2,45,12.5,out_magic,bare_HeroMage,50,97,73.1,74,1.529,
51,Skeleton,2,45,12.5,out_phys,bare_hand,50,86,13.0,14,1.529,
51,Skeleton,2,45,12.5,out_phys,LongSword+2,50,86,8.7,10,1.529,
51,Skeleton,2,45,12.5,out_phys,GiantSword,50,86,18.6,20,1.529,
51,Skeleton,2,45,12.5,out_phys,GS_Hero,50,96,23.6,25,1.529,
51,Skeleton,2,45,12.5,out_phys,GS_Hero_NOX,50,97,23.6,25,1.529,
51,Skeleton,2,45,12.5,out_phys,GS_Hero_NOX_Xelima7,50,97,30.6,32,1.529,
51,Skeleton,2,45,12.5,out_phys,GS_Hero_NOX_Abaddon17,50,97,40.6,42,1.529,
51,Skeleton,2,45,12.5,out_phys,GS_full_upg10,50,97,50.6,52,1.529,
51,Skeleton,2,45,12.5,in_phys,naked_PA0,50,,12,,1.529,11
51,Skeleton,2,45,12.5,in_phys,light_PA20,50,,12,,1.529,9
51,Skeleton,2,45,12.5,in_phys,heavy_PA40,50,,12,,1.529,7
51,Skeleton,2,45,12.5,in_phys,heavy_Merien5_PA45,50,,12,,1.529,7
51,Skeleton,2,45,12.5,in_phys,heavy_Merien10_PA50,50,,12,,1.529,6
51,Skeleton,2,45,12.5,in_phys,stack_PA70,50,,12,,1.529,4
51,Skeleton,2,45,12.5,in_phys,cap_PA80,50,,12,,1.529,3
52,Sorceress,0,100,15.0,out_magic,bare,0,97,69.1,69,1.0,
52,Sorceress,0,100,15.0,out_magic,MS20,0,97,69.1,69,1.0,
52,Sorceress,0,100,15.0,out_magic,MS22_HR50,0,97,69.1,69,1.0,
52,Sorceress,0,100,15.0,out_magic,MS22_HR91,0,97,69.1,69,1.0,
52,Sorceress,0,100,15.0,out_magic,ZW20,0,97,86.4,86,1.0,
52,Sorceress,0,100,15.0,out_magic,ZW20_HeroMage,0,97,91.4,91,1.0,
52,Sorceress,0,100,15.0,out_magic,bare_HeroMage,0,97,73.1,73,1.0,
52,Sorceress,0,100,15.0,out_phys,bare_hand,0,77,13.0,13,1.0,
52,Sorceress,0,100,15.0,out_phys,LongSword+2,0,77,8.7,9,1.0,
52,Sorceress,0,100,15.0,out_phys,GiantSword,0,77,18.6,19,1.0,
52,Sorceress,0,100,15.0,out_phys,GS_Hero,0,87,23.6,24,1.0,
52,Sorceress,0,100,15.0,out_phys,GS_Hero_NOX,0,97,23.6,24,1.0,
52,Sorceress,0,100,15.0,out_phys,GS_Hero_NOX_Xelima7,0,97,30.6,31,1.0,
52,Sorceress,0,100,15.0,out_phys,GS_Hero_NOX_Abaddon17,0,97,40.6,41,1.0,
52,Sorceress,0,100,15.0,out_phys,GS_full_upg10,0,97,50.6,51,1.0,
52,Sorceress,0,100,15.0,in_phys,naked_PA0,0,,15,,1.0,15
52,Sorceress,0,100,15.0,in_phys,light_PA20,0,,15,,1.0,12
52,Sorceress,0,100,15.0,in_phys,heavy_PA40,0,,15,,1.0,9
52,Sorceress,0,100,15.0,in_phys,heavy_Merien5_PA45,0,,15,,1.0,9
52,Sorceress,0,100,15.0,in_phys,heavy_Merien10_PA50,0,,15,,1.0,8
52,Sorceress,0,100,15.0,in_phys,stack_PA70,0,,15,,1.0,5
52,Sorceress,0,100,15.0,in_phys,cap_PA80,0,,15,,1.0,3
52,Sorceress,0,100,15.0,out_magic,bare,50,97,69.1,70,1.524,
52,Sorceress,0,100,15.0,out_magic,MS20,50,97,69.1,70,1.524,
52,Sorceress,0,100,15.0,out_magic,MS22_HR50,50,97,69.1,70,1.524,
52,Sorceress,0,100,15.0,out_magic,MS22_HR91,50,97,69.1,70,1.524,
52,Sorceress,0,100,15.0,out_magic,ZW20,50,97,86.4,88,1.524,
52,Sorceress,0,100,15.0,out_magic,ZW20_HeroMage,50,97,91.4,93,1.524,
52,Sorceress,0,100,15.0,out_magic,bare_HeroMage,50,97,73.1,74,1.524,
52,Sorceress,0,100,15.0,out_phys,bare_hand,50,79,13.0,13,1.524,
52,Sorceress,0,100,15.0,out_phys,LongSword+2,50,79,8.7,9,1.524,
52,Sorceress,0,100,15.0,out_phys,GiantSword,50,79,18.6,19,1.524,
52,Sorceress,0,100,15.0,out_phys,GS_Hero,50,89,23.6,24,1.524,
52,Sorceress,0,100,15.0,out_phys,GS_Hero_NOX,50,97,23.6,24,1.524,
52,Sorceress,0,100,15.0,out_phys,GS_Hero_NOX_Xelima7,50,97,30.6,32,1.524,
52,Sorceress,0,100,15.0,out_phys,GS_Hero_NOX_Abaddon17,50,97,40.6,42,1.524,
52,Sorceress,0,100,15.0,out_phys,GS_full_upg10,50,97,50.6,52,1.524,
52,Sorceress,0,100,15.0,in_phys,naked_PA0,50,,15,,1.524,15
52,Sorceress,0,100,15.0,in_phys,light_PA20,50,,15,,1.524,12
52,Sorceress,0,100,15.0,in_phys,heavy_PA40,50,,15,,1.524,9
52,Sorceress,0,100,15.0,in_phys,heavy_Merien5_PA45,50,,15,,1.524,9
52,Sorceress,0,100,15.0,in_phys,heavy_Merien10_PA50,50,,15,,1.524,8
52,Sorceress,0,100,15.0,in_phys,stack_PA70,50,,15,,1.524,5
52,Sorceress,0,100,15.0,in_phys,cap_PA80,50,,15,,1.524,3
53,Stalker,6,716,40.0,out_magic,bare,0,96,69.1,69,1.0,
53,Stalker,6,716,40.0,out_magic,MS20,0,96,69.1,69,1.0,
53,Stalker,6,716,40.0,out_magic,MS22_HR50,0,97,69.1,69,1.0,
53,Stalker,6,716,40.0,out_magic,MS22_HR91,0,97,69.1,69,1.0,
53,Stalker,6,716,40.0,out_magic,ZW20,0,96,86.4,86,1.0,
53,Stalker,6,716,40.0,out_magic,ZW20_HeroMage,0,96,91.4,91,1.0,
53,Stalker,6,716,40.0,out_magic,bare_HeroMage,0,96,73.1,73,1.0,
53,Stalker,6,716,40.0,out_phys,bare_hand,0,74,13.0,13,1.0,
53,Stalker,6,716,40.0,out_phys,LongSword+2,0,74,8.7,9,1.0,
53,Stalker,6,716,40.0,out_phys,GiantSword,0,74,18.6,19,1.0,
53,Stalker,6,716,40.0,out_phys,GS_Hero,0,84,23.6,24,1.0,
53,Stalker,6,716,40.0,out_phys,GS_Hero_NOX,0,94,23.6,24,1.0,
53,Stalker,6,716,40.0,out_phys,GS_Hero_NOX_Xelima7,0,94,30.6,31,1.0,
53,Stalker,6,716,40.0,out_phys,GS_Hero_NOX_Abaddon17,0,94,40.6,41,1.0,
53,Stalker,6,716,40.0,out_phys,GS_full_upg10,0,94,50.6,51,1.0,
53,Stalker,6,716,40.0,in_phys,naked_PA0,0,,40,,1.0,40
53,Stalker,6,716,40.0,in_phys,light_PA20,0,,40,,1.0,32
53,Stalker,6,716,40.0,in_phys,heavy_PA40,0,,40,,1.0,24
53,Stalker,6,716,40.0,in_phys,heavy_Merien5_PA45,0,,40,,1.0,22
53,Stalker,6,716,40.0,in_phys,heavy_Merien10_PA50,0,,40,,1.0,20
53,Stalker,6,716,40.0,in_phys,stack_PA70,0,,40,,1.0,12
53,Stalker,6,716,40.0,in_phys,cap_PA80,0,,40,,1.0,8
53,Stalker,6,716,40.0,out_magic,bare,50,96,69.1,70,1.529,
53,Stalker,6,716,40.0,out_magic,MS20,50,96,69.1,70,1.529,
53,Stalker,6,716,40.0,out_magic,MS22_HR50,50,97,69.1,70,1.529,
53,Stalker,6,716,40.0,out_magic,MS22_HR91,50,97,69.1,70,1.529,
53,Stalker,6,716,40.0,out_magic,ZW20,50,96,86.4,88,1.529,
53,Stalker,6,716,40.0,out_magic,ZW20_HeroMage,50,96,91.4,93,1.529,
53,Stalker,6,716,40.0,out_magic,bare_HeroMage,50,96,73.1,74,1.529,
53,Stalker,6,716,40.0,out_phys,bare_hand,50,74,13.0,13,1.529,
53,Stalker,6,716,40.0,out_phys,LongSword+2,50,74,8.7,9,1.529,
53,Stalker,6,716,40.0,out_phys,GiantSword,50,74,18.6,19,1.529,
53,Stalker,6,716,40.0,out_phys,GS_Hero,50,84,23.6,24,1.529,
53,Stalker,6,716,40.0,out_phys,GS_Hero_NOX,50,94,23.6,24,1.529,
53,Stalker,6,716,40.0,out_phys,GS_Hero_NOX_Xelima7,50,94,30.6,32,1.529,
53,Stalker,6,716,40.0,out_phys,GS_Hero_NOX_Abaddon17,50,94,40.6,42,1.529,
53,Stalker,6,716,40.0,out_phys,GS_full_upg10,50,94,50.6,52,1.529,
53,Stalker,6,716,40.0,in_phys,naked_PA0,50,,40,,1.529,39
53,Stalker,6,716,40.0,in_phys,light_PA20,50,,40,,1.529,32
53,Stalker,6,716,40.0,in_phys,heavy_PA40,50,,40,,1.529,24
53,Stalker,6,716,40.0,in_phys,heavy_Merien5_PA45,50,,40,,1.529,22
53,Stalker,6,716,40.0,in_phys,heavy_Merien10_PA50,50,,40,,1.529,20
53,Stalker,6,716,40.0,in_phys,stack_PA70,50,,40,,1.529,12
53,Stalker,6,716,40.0,in_phys,cap_PA80,50,,40,,1.529,8
54,Tentocle,0,441,24.5,out_magic,bare,0,78,69.1,69,1.0,
54,Tentocle,0,441,24.5,out_magic,MS20,0,78,69.1,69,1.0,
54,Tentocle,0,441,24.5,out_magic,MS22_HR50,0,83,69.1,69,1.0,
54,Tentocle,0,441,24.5,out_magic,MS22_HR91,0,87,69.1,69,1.0,
54,Tentocle,0,441,24.5,out_magic,ZW20,0,78,86.4,86,1.0,
54,Tentocle,0,441,24.5,out_magic,ZW20_HeroMage,0,78,91.4,91,1.0,
54,Tentocle,0,441,24.5,out_magic,bare_HeroMage,0,78,73.1,73,1.0,
54,Tentocle,0,441,24.5,out_phys,bare_hand,0,77,13.0,13,1.0,
54,Tentocle,0,441,24.5,out_phys,LongSword+2,0,77,8.7,9,1.0,
54,Tentocle,0,441,24.5,out_phys,GiantSword,0,77,18.6,19,1.0,
54,Tentocle,0,441,24.5,out_phys,GS_Hero,0,87,23.6,24,1.0,
54,Tentocle,0,441,24.5,out_phys,GS_Hero_NOX,0,97,23.6,24,1.0,
54,Tentocle,0,441,24.5,out_phys,GS_Hero_NOX_Xelima7,0,97,30.6,31,1.0,
54,Tentocle,0,441,24.5,out_phys,GS_Hero_NOX_Abaddon17,0,97,40.6,41,1.0,
54,Tentocle,0,441,24.5,out_phys,GS_full_upg10,0,97,50.6,51,1.0,
54,Tentocle,0,441,24.5,in_phys,naked_PA0,0,,24,,1.0,24
54,Tentocle,0,441,24.5,in_phys,light_PA20,0,,24,,1.0,20
54,Tentocle,0,441,24.5,in_phys,heavy_PA40,0,,24,,1.0,15
54,Tentocle,0,441,24.5,in_phys,heavy_Merien5_PA45,0,,24,,1.0,14
54,Tentocle,0,441,24.5,in_phys,heavy_Merien10_PA50,0,,24,,1.0,12
54,Tentocle,0,441,24.5,in_phys,stack_PA70,0,,24,,1.0,8
54,Tentocle,0,441,24.5,in_phys,cap_PA80,0,,24,,1.0,5
54,Tentocle,0,441,24.5,out_magic,bare,50,80,69.1,70,1.524,
54,Tentocle,0,441,24.5,out_magic,MS20,50,80,69.1,70,1.524,
54,Tentocle,0,441,24.5,out_magic,MS22_HR50,50,85,69.1,70,1.524,
54,Tentocle,0,441,24.5,out_magic,MS22_HR91,50,89,69.1,70,1.524,
54,Tentocle,0,441,24.5,out_magic,ZW20,50,80,86.4,88,1.524,
54,Tentocle,0,441,24.5,out_magic,ZW20_HeroMage,50,80,91.4,93,1.524,
54,Tentocle,0,441,24.5,out_magic,bare_HeroMage,50,80,73.1,74,1.524,
54,Tentocle,0,441,24.5,out_phys,bare_hand,50,79,13.0,13,1.524,
54,Tentocle,0,441,24.5,out_phys,LongSword+2,50,79,8.7,9,1.524,
54,Tentocle,0,441,24.5,out_phys,GiantSword,50,79,18.6,19,1.524,
54,Tentocle,0,441,24.5,out_phys,GS_Hero,50,89,23.6,24,1.524,
54,Tentocle,0,441,24.5,out_phys,GS_Hero_NOX,50,97,23.6,24,1.524,
54,Tentocle,0,441,24.5,out_phys,GS_Hero_NOX_Xelima7,50,97,30.6,32,1.524,
54,Tentocle,0,441,24.5,out_phys,GS_Hero_NOX_Abaddon17,50,97,40.6,42,1.524,
54,Tentocle,0,441,24.5,out_phys,GS_full_upg10,50,97,50.6,52,1.524,
54,Tentocle,0,441,24.5,in_phys,naked_PA0,50,,24,,1.524,24
54,Tentocle,0,441,24.5,in_phys,light_PA20,50,,24,,1.524,20
54,Tentocle,0,441,24.5,in_phys,heavy_PA40,50,,24,,1.524,15
54,Tentocle,0,441,24.5,in_phys,heavy_Merien5_PA45,50,,24,,1.524,14
54,Tentocle,0,441,24.5,in_phys,heavy_Merien10_PA50,50,,24,,1.524,12
54,Tentocle,0,441,24.5,in_phys,stack_PA70,50,,24,,1.524,8
54,Tentocle,0,441,24.5,in_phys,cap_PA80,50,,24,,1.524,5
55,Tigerworm,8,11001,112.5,out_magic,bare,0,78,69.1,69,1.0,
55,Tigerworm,8,11001,112.5,out_magic,MS20,0,78,69.1,69,1.0,
55,Tigerworm,8,11001,112.5,out_magic,MS22_HR50,0,83,69.1,69,1.0,
55,Tigerworm,8,11001,112.5,out_magic,MS22_HR91,0,87,69.1,69,1.0,
55,Tigerworm,8,11001,112.5,out_magic,ZW20,0,78,86.4,86,1.0,
55,Tigerworm,8,11001,112.5,out_magic,ZW20_HeroMage,0,78,91.4,91,1.0,
55,Tigerworm,8,11001,112.5,out_magic,bare_HeroMage,0,78,73.1,73,1.0,
55,Tigerworm,8,11001,112.5,out_phys,bare_hand,0,68,13.0,13,1.0,
55,Tigerworm,8,11001,112.5,out_phys,LongSword+2,0,68,8.7,9,1.0,
55,Tigerworm,8,11001,112.5,out_phys,GiantSword,0,68,18.6,19,1.0,
55,Tigerworm,8,11001,112.5,out_phys,GS_Hero,0,78,23.6,24,1.0,
55,Tigerworm,8,11001,112.5,out_phys,GS_Hero_NOX,0,88,23.6,24,1.0,
55,Tigerworm,8,11001,112.5,out_phys,GS_Hero_NOX_Xelima7,0,88,30.6,31,1.0,
55,Tigerworm,8,11001,112.5,out_phys,GS_Hero_NOX_Abaddon17,0,88,40.6,41,1.0,
55,Tigerworm,8,11001,112.5,out_phys,GS_full_upg10,0,88,50.6,51,1.0,
55,Tigerworm,8,11001,112.5,in_phys,naked_PA0,0,,112,,1.0,112
55,Tigerworm,8,11001,112.5,in_phys,light_PA20,0,,112,,1.0,90
55,Tigerworm,8,11001,112.5,in_phys,heavy_PA40,0,,112,,1.0,68
55,Tigerworm,8,11001,112.5,in_phys,heavy_Merien5_PA45,0,,112,,1.0,62
55,Tigerworm,8,11001,112.5,in_phys,heavy_Merien10_PA50,0,,112,,1.0,56
55,Tigerworm,8,11001,112.5,in_phys,stack_PA70,0,,112,,1.0,34
55,Tigerworm,8,11001,112.5,in_phys,cap_PA80,0,,112,,1.0,23
55,Tigerworm,8,11001,112.5,out_magic,bare,50,80,69.1,71,1.519,
55,Tigerworm,8,11001,112.5,out_magic,MS20,50,80,69.1,71,1.519,
55,Tigerworm,8,11001,112.5,out_magic,MS22_HR50,50,85,69.1,71,1.519,
55,Tigerworm,8,11001,112.5,out_magic,MS22_HR91,50,89,69.1,71,1.519,
55,Tigerworm,8,11001,112.5,out_magic,ZW20,50,80,86.4,89,1.519,
55,Tigerworm,8,11001,112.5,out_magic,ZW20_HeroMage,50,80,91.4,94,1.519,
55,Tigerworm,8,11001,112.5,out_magic,bare_HeroMage,50,80,73.1,75,1.519,
55,Tigerworm,8,11001,112.5,out_phys,bare_hand,50,70,13.0,14,1.519,
55,Tigerworm,8,11001,112.5,out_phys,LongSword+2,50,70,8.7,10,1.519,
55,Tigerworm,8,11001,112.5,out_phys,GiantSword,50,70,18.6,20,1.519,
55,Tigerworm,8,11001,112.5,out_phys,GS_Hero,50,80,23.6,26,1.519,
55,Tigerworm,8,11001,112.5,out_phys,GS_Hero_NOX,50,90,23.6,26,1.519,
55,Tigerworm,8,11001,112.5,out_phys,GS_Hero_NOX_Xelima7,50,90,30.6,33,1.519,
55,Tigerworm,8,11001,112.5,out_phys,GS_Hero_NOX_Abaddon17,50,90,40.6,43,1.519,
55,Tigerworm,8,11001,112.5,out_phys,GS_full_upg10,50,90,50.6,53,1.519,
55,Tigerworm,8,11001,112.5,in_phys,naked_PA0,50,,112,,1.519,111
55,Tigerworm,8,11001,112.5,in_phys,light_PA20,50,,112,,1.519,89
55,Tigerworm,8,11001,112.5,in_phys,heavy_PA40,50,,112,,1.519,67
55,Tigerworm,8,11001,112.5,in_phys,heavy_Merien5_PA45,50,,112,,1.519,62
55,Tigerworm,8,11001,112.5,in_phys,heavy_Merien10_PA50,50,,112,,1.519,56
55,Tigerworm,8,11001,112.5,in_phys,stack_PA70,50,,112,,1.519,34
55,Tigerworm,8,11001,112.5,in_phys,cap_PA80,50,,112,,1.519,23
56,Temple Knight,0,0,5.0,out_magic,bare,0,97,69.1,69,1.0,
56,Temple Knight,0,0,5.0,out_magic,MS20,0,97,69.1,69,1.0,
56,Temple Knight,0,0,5.0,out_magic,MS22_HR50,0,97,69.1,69,1.0,
56,Temple Knight,0,0,5.0,out_magic,MS22_HR91,0,97,69.1,69,1.0,
56,Temple Knight,0,0,5.0,out_magic,ZW20,0,97,86.4,86,1.0,
56,Temple Knight,0,0,5.0,out_magic,ZW20_HeroMage,0,97,91.4,91,1.0,
56,Temple Knight,0,0,5.0,out_magic,bare_HeroMage,0,97,73.1,73,1.0,
56,Temple Knight,0,0,5.0,out_phys,bare_hand,0,77,13.0,13,1.0,
56,Temple Knight,0,0,5.0,out_phys,LongSword+2,0,77,8.7,9,1.0,
56,Temple Knight,0,0,5.0,out_phys,GiantSword,0,77,18.6,19,1.0,
56,Temple Knight,0,0,5.0,out_phys,GS_Hero,0,87,23.6,24,1.0,
56,Temple Knight,0,0,5.0,out_phys,GS_Hero_NOX,0,97,23.6,24,1.0,
56,Temple Knight,0,0,5.0,out_phys,GS_Hero_NOX_Xelima7,0,97,30.6,31,1.0,
56,Temple Knight,0,0,5.0,out_phys,GS_Hero_NOX_Abaddon17,0,97,40.6,41,1.0,
56,Temple Knight,0,0,5.0,out_phys,GS_full_upg10,0,97,50.6,51,1.0,
56,Temple Knight,0,0,5.0,in_phys,naked_PA0,0,,5,,1.0,5
56,Temple Knight,0,0,5.0,in_phys,light_PA20,0,,5,,1.0,4
56,Temple Knight,0,0,5.0,in_phys,heavy_PA40,0,,5,,1.0,3
56,Temple Knight,0,0,5.0,in_phys,heavy_Merien5_PA45,0,,5,,1.0,3
56,Temple Knight,0,0,5.0,in_phys,heavy_Merien10_PA50,0,,5,,1.0,3
56,Temple Knight,0,0,5.0,in_phys,stack_PA70,0,,5,,1.0,2
56,Temple Knight,0,0,5.0,in_phys,cap_PA80,0,,5,,1.0,1
56,Temple Knight,0,0,5.0,out_magic,bare,50,97,69.1,70,1.524,
56,Temple Knight,0,0,5.0,out_magic,MS20,50,97,69.1,70,1.524,
56,Temple Knight,0,0,5.0,out_magic,MS22_HR50,50,97,69.1,70,1.524,
56,Temple Knight,0,0,5.0,out_magic,MS22_HR91,50,97,69.1,70,1.524,
56,Temple Knight,0,0,5.0,out_magic,ZW20,50,97,86.4,88,1.524,
56,Temple Knight,0,0,5.0,out_magic,ZW20_HeroMage,50,97,91.4,93,1.524,
56,Temple Knight,0,0,5.0,out_magic,bare_HeroMage,50,97,73.1,74,1.524,
56,Temple Knight,0,0,5.0,out_phys,bare_hand,50,79,13.0,13,1.524,
56,Temple Knight,0,0,5.0,out_phys,LongSword+2,50,79,8.7,9,1.524,
56,Temple Knight,0,0,5.0,out_phys,GiantSword,50,79,18.6,19,1.524,
56,Temple Knight,0,0,5.0,out_phys,GS_Hero,50,89,23.6,24,1.524,
56,Temple Knight,0,0,5.0,out_phys,GS_Hero_NOX,50,97,23.6,24,1.524,
56,Temple Knight,0,0,5.0,out_phys,GS_Hero_NOX_Xelima7,50,97,30.6,32,1.524,
56,Temple Knight,0,0,5.0,out_phys,GS_Hero_NOX_Abaddon17,50,97,40.6,42,1.524,
56,Temple Knight,0,0,5.0,out_phys,GS_full_upg10,50,97,50.6,52,1.524,
56,Temple Knight,0,0,5.0,in_phys,naked_PA0,50,,5,,1.524,4
56,Temple Knight,0,0,5.0,in_phys,light_PA20,50,,5,,1.524,4
56,Temple Knight,0,0,5.0,in_phys,heavy_PA40,50,,5,,1.524,3
56,Temple Knight,0,0,5.0,in_phys,heavy_Merien5_PA45,50,,5,,1.524,3
56,Temple Knight,0,0,5.0,in_phys,heavy_Merien10_PA50,50,,5,,1.524,2
56,Temple Knight,0,0,5.0,in_phys,stack_PA70,50,,5,,1.524,2
56,Temple Knight,0,0,5.0,in_phys,cap_PA80,50,,5,,1.524,1
57,Ancient Temple Knight,0,0,5.0,out_magic,bare,0,97,69.1,69,1.0,
57,Ancient Temple Knight,0,0,5.0,out_magic,MS20,0,97,69.1,69,1.0,
57,Ancient Temple Knight,0,0,5.0,out_magic,MS22_HR50,0,97,69.1,69,1.0,
57,Ancient Temple Knight,0,0,5.0,out_magic,MS22_HR91,0,97,69.1,69,1.0,
57,Ancient Temple Knight,0,0,5.0,out_magic,ZW20,0,97,86.4,86,1.0,
57,Ancient Temple Knight,0,0,5.0,out_magic,ZW20_HeroMage,0,97,91.4,91,1.0,
57,Ancient Temple Knight,0,0,5.0,out_magic,bare_HeroMage,0,97,73.1,73,1.0,
57,Ancient Temple Knight,0,0,5.0,out_phys,bare_hand,0,77,13.0,13,1.0,
57,Ancient Temple Knight,0,0,5.0,out_phys,LongSword+2,0,77,8.7,9,1.0,
57,Ancient Temple Knight,0,0,5.0,out_phys,GiantSword,0,77,18.6,19,1.0,
57,Ancient Temple Knight,0,0,5.0,out_phys,GS_Hero,0,87,23.6,24,1.0,
57,Ancient Temple Knight,0,0,5.0,out_phys,GS_Hero_NOX,0,97,23.6,24,1.0,
57,Ancient Temple Knight,0,0,5.0,out_phys,GS_Hero_NOX_Xelima7,0,97,30.6,31,1.0,
57,Ancient Temple Knight,0,0,5.0,out_phys,GS_Hero_NOX_Abaddon17,0,97,40.6,41,1.0,
57,Ancient Temple Knight,0,0,5.0,out_phys,GS_full_upg10,0,97,50.6,51,1.0,
57,Ancient Temple Knight,0,0,5.0,in_phys,naked_PA0,0,,5,,1.0,5
57,Ancient Temple Knight,0,0,5.0,in_phys,light_PA20,0,,5,,1.0,4
57,Ancient Temple Knight,0,0,5.0,in_phys,heavy_PA40,0,,5,,1.0,3
57,Ancient Temple Knight,0,0,5.0,in_phys,heavy_Merien5_PA45,0,,5,,1.0,3
57,Ancient Temple Knight,0,0,5.0,in_phys,heavy_Merien10_PA50,0,,5,,1.0,3
57,Ancient Temple Knight,0,0,5.0,in_phys,stack_PA70,0,,5,,1.0,2
57,Ancient Temple Knight,0,0,5.0,in_phys,cap_PA80,0,,5,,1.0,1
57,Ancient Temple Knight,0,0,5.0,out_magic,bare,50,97,69.1,70,1.524,
57,Ancient Temple Knight,0,0,5.0,out_magic,MS20,50,97,69.1,70,1.524,
57,Ancient Temple Knight,0,0,5.0,out_magic,MS22_HR50,50,97,69.1,70,1.524,
57,Ancient Temple Knight,0,0,5.0,out_magic,MS22_HR91,50,97,69.1,70,1.524,
57,Ancient Temple Knight,0,0,5.0,out_magic,ZW20,50,97,86.4,88,1.524,
57,Ancient Temple Knight,0,0,5.0,out_magic,ZW20_HeroMage,50,97,91.4,93,1.524,
57,Ancient Temple Knight,0,0,5.0,out_magic,bare_HeroMage,50,97,73.1,74,1.524,
57,Ancient Temple Knight,0,0,5.0,out_phys,bare_hand,50,79,13.0,13,1.524,
57,Ancient Temple Knight,0,0,5.0,out_phys,LongSword+2,50,79,8.7,9,1.524,
57,Ancient Temple Knight,0,0,5.0,out_phys,GiantSword,50,79,18.6,19,1.524,
57,Ancient Temple Knight,0,0,5.0,out_phys,GS_Hero,50,89,23.6,24,1.524,
57,Ancient Temple Knight,0,0,5.0,out_phys,GS_Hero_NOX,50,97,23.6,24,1.524,
57,Ancient Temple Knight,0,0,5.0,out_phys,GS_Hero_NOX_Xelima7,50,97,30.6,32,1.524,
57,Ancient Temple Knight,0,0,5.0,out_phys,GS_Hero_NOX_Abaddon17,50,97,40.6,42,1.524,
57,Ancient Temple Knight,0,0,5.0,out_phys,GS_full_upg10,50,97,50.6,52,1.524,
57,Ancient Temple Knight,0,0,5.0,in_phys,naked_PA0,50,,5,,1.524,4
57,Ancient Temple Knight,0,0,5.0,in_phys,light_PA20,50,,5,,1.524,4
57,Ancient Temple Knight,0,0,5.0,in_phys,heavy_PA40,50,,5,,1.524,3
57,Ancient Temple Knight,0,0,5.0,in_phys,heavy_Merien5_PA45,50,,5,,1.524,3
57,Ancient Temple Knight,0,0,5.0,in_phys,heavy_Merien10_PA50,50,,5,,1.524,2
57,Ancient Temple Knight,0,0,5.0,in_phys,stack_PA70,50,,5,,1.524,2
57,Ancient Temple Knight,0,0,5.0,in_phys,cap_PA80,50,,5,,1.524,1
58,Troll,5,303,24.0,out_magic,bare,0,97,69.1,69,1.0,
58,Troll,5,303,24.0,out_magic,MS20,0,97,69.1,69,1.0,
58,Troll,5,303,24.0,out_magic,MS22_HR50,0,97,69.1,69,1.0,
58,Troll,5,303,24.0,out_magic,MS22_HR91,0,97,69.1,69,1.0,
58,Troll,5,303,24.0,out_magic,ZW20,0,97,86.4,86,1.0,
58,Troll,5,303,24.0,out_magic,ZW20_HeroMage,0,97,91.4,91,1.0,
58,Troll,5,303,24.0,out_magic,bare_HeroMage,0,97,73.1,73,1.0,
58,Troll,5,303,24.0,out_phys,bare_hand,0,77,13.0,13,1.0,
58,Troll,5,303,24.0,out_phys,LongSword+2,0,77,8.7,9,1.0,
58,Troll,5,303,24.0,out_phys,GiantSword,0,77,18.6,19,1.0,
58,Troll,5,303,24.0,out_phys,GS_Hero,0,87,23.6,24,1.0,
58,Troll,5,303,24.0,out_phys,GS_Hero_NOX,0,97,23.6,24,1.0,
58,Troll,5,303,24.0,out_phys,GS_Hero_NOX_Xelima7,0,97,30.6,31,1.0,
58,Troll,5,303,24.0,out_phys,GS_Hero_NOX_Abaddon17,0,97,40.6,41,1.0,
58,Troll,5,303,24.0,out_phys,GS_full_upg10,0,97,50.6,51,1.0,
58,Troll,5,303,24.0,in_phys,naked_PA0,0,,24,,1.0,24
58,Troll,5,303,24.0,in_phys,light_PA20,0,,24,,1.0,20
58,Troll,5,303,24.0,in_phys,heavy_PA40,0,,24,,1.0,15
58,Troll,5,303,24.0,in_phys,heavy_Merien5_PA45,0,,24,,1.0,14
58,Troll,5,303,24.0,in_phys,heavy_Merien10_PA50,0,,24,,1.0,12
58,Troll,5,303,24.0,in_phys,stack_PA70,0,,24,,1.0,8
58,Troll,5,303,24.0,in_phys,cap_PA80,0,,24,,1.0,5
58,Troll,5,303,24.0,out_magic,bare,50,97,69.1,70,1.524,
58,Troll,5,303,24.0,out_magic,MS20,50,97,69.1,70,1.524,
58,Troll,5,303,24.0,out_magic,MS22_HR50,50,97,69.1,70,1.524,
58,Troll,5,303,24.0,out_magic,MS22_HR91,50,97,69.1,70,1.524,
58,Troll,5,303,24.0,out_magic,ZW20,50,97,86.4,88,1.524,
58,Troll,5,303,24.0,out_magic,ZW20_HeroMage,50,97,91.4,93,1.524,
58,Troll,5,303,24.0,out_magic,bare_HeroMage,50,97,73.1,74,1.524,
58,Troll,5,303,24.0,out_phys,bare_hand,50,79,13.0,13,1.524,
58,Troll,5,303,24.0,out_phys,LongSword+2,50,79,8.7,9,1.524,
58,Troll,5,303,24.0,out_phys,GiantSword,50,79,18.6,19,1.524,
58,Troll,5,303,24.0,out_phys,GS_Hero,50,89,23.6,24,1.524,
58,Troll,5,303,24.0,out_phys,GS_Hero_NOX,50,97,23.6,24,1.524,
58,Troll,5,303,24.0,out_phys,GS_Hero_NOX_Xelima7,50,97,30.6,32,1.524,
58,Troll,5,303,24.0,out_phys,GS_Hero_NOX_Abaddon17,50,97,40.6,42,1.524,
58,Troll,5,303,24.0,out_phys,GS_full_upg10,50,97,50.6,52,1.524,
58,Troll,5,303,24.0,in_phys,naked_PA0,50,,24,,1.524,23
58,Troll,5,303,24.0,in_phys,light_PA20,50,,24,,1.524,19
58,Troll,5,303,24.0,in_phys,heavy_PA40,50,,24,,1.524,14
58,Troll,5,303,24.0,in_phys,heavy_Merien5_PA45,50,,24,,1.524,13
58,Troll,5,303,24.0,in_phys,heavy_Merien10_PA50,50,,24,,1.524,12
58,Troll,5,303,24.0,in_phys,stack_PA70,50,,24,,1.524,7
58,Troll,5,303,24.0,in_phys,cap_PA80,50,,24,,1.524,5
59,Unicorn,8,1871,55.0,out_magic,bare,0,78,69.1,69,1.0,
59,Unicorn,8,1871,55.0,out_magic,MS20,0,78,69.1,69,1.0,
59,Unicorn,8,1871,55.0,out_magic,MS22_HR50,0,83,69.1,69,1.0,
59,Unicorn,8,1871,55.0,out_magic,MS22_HR91,0,87,69.1,69,1.0,
59,Unicorn,8,1871,55.0,out_magic,ZW20,0,78,86.4,86,1.0,
59,Unicorn,8,1871,55.0,out_magic,ZW20_HeroMage,0,78,91.4,91,1.0,
59,Unicorn,8,1871,55.0,out_magic,bare_HeroMage,0,78,73.1,73,1.0,
59,Unicorn,8,1871,55.0,out_phys,bare_hand,0,68,13.0,13,1.0,
59,Unicorn,8,1871,55.0,out_phys,LongSword+2,0,68,8.7,9,1.0,
59,Unicorn,8,1871,55.0,out_phys,GiantSword,0,68,18.6,19,1.0,
59,Unicorn,8,1871,55.0,out_phys,GS_Hero,0,78,23.6,24,1.0,
59,Unicorn,8,1871,55.0,out_phys,GS_Hero_NOX,0,88,23.6,24,1.0,
59,Unicorn,8,1871,55.0,out_phys,GS_Hero_NOX_Xelima7,0,88,30.6,31,1.0,
59,Unicorn,8,1871,55.0,out_phys,GS_Hero_NOX_Abaddon17,0,88,40.6,41,1.0,
59,Unicorn,8,1871,55.0,out_phys,GS_full_upg10,0,88,50.6,51,1.0,
59,Unicorn,8,1871,55.0,in_phys,naked_PA0,0,,55,,1.0,55
59,Unicorn,8,1871,55.0,in_phys,light_PA20,0,,55,,1.0,44
59,Unicorn,8,1871,55.0,in_phys,heavy_PA40,0,,55,,1.0,33
59,Unicorn,8,1871,55.0,in_phys,heavy_Merien5_PA45,0,,55,,1.0,31
59,Unicorn,8,1871,55.0,in_phys,heavy_Merien10_PA50,0,,55,,1.0,28
59,Unicorn,8,1871,55.0,in_phys,stack_PA70,0,,55,,1.0,17
59,Unicorn,8,1871,55.0,in_phys,cap_PA80,0,,55,,1.0,11
59,Unicorn,8,1871,55.0,out_magic,bare,50,80,69.1,70,1.524,
59,Unicorn,8,1871,55.0,out_magic,MS20,50,80,69.1,70,1.524,
59,Unicorn,8,1871,55.0,out_magic,MS22_HR50,50,85,69.1,70,1.524,
59,Unicorn,8,1871,55.0,out_magic,MS22_HR91,50,89,69.1,70,1.524,
59,Unicorn,8,1871,55.0,out_magic,ZW20,50,80,86.4,87,1.524,
59,Unicorn,8,1871,55.0,out_magic,ZW20_HeroMage,50,80,91.4,92,1.524,
59,Unicorn,8,1871,55.0,out_magic,bare_HeroMage,50,80,73.1,74,1.524,
59,Unicorn,8,1871,55.0,out_phys,bare_hand,50,70,13.0,14,1.524,
59,Unicorn,8,1871,55.0,out_phys,LongSword+2,50,70,8.7,10,1.524,
59,Unicorn,8,1871,55.0,out_phys,GiantSword,50,70,18.6,20,1.524,
59,Unicorn,8,1871,55.0,out_phys,GS_Hero,50,80,23.6,25,1.524,
59,Unicorn,8,1871,55.0,out_phys,GS_Hero_NOX,50,90,23.6,25,1.524,
59,Unicorn,8,1871,55.0,out_phys,GS_Hero_NOX_Xelima7,50,90,30.6,32,1.524,
59,Unicorn,8,1871,55.0,out_phys,GS_Hero_NOX_Abaddon17,50,90,40.6,42,1.524,
59,Unicorn,8,1871,55.0,out_phys,GS_full_upg10,50,90,50.6,52,1.524,
59,Unicorn,8,1871,55.0,in_phys,naked_PA0,50,,55,,1.524,54
59,Unicorn,8,1871,55.0,in_phys,light_PA20,50,,55,,1.524,44
59,Unicorn,8,1871,55.0,in_phys,heavy_PA40,50,,55,,1.524,33
59,Unicorn,8,1871,55.0,in_phys,heavy_Merien5_PA45,50,,55,,1.524,30
59,Unicorn,8,1871,55.0,in_phys,heavy_Merien10_PA50,50,,55,,1.524,27
59,Unicorn,8,1871,55.0,in_phys,stack_PA70,50,,55,,1.524,17
59,Unicorn,8,1871,55.0,in_phys,cap_PA80,50,,55,,1.524,11
60,Werewolf,6,771,36.0,out_magic,bare,0,96,69.1,69,1.0,
60,Werewolf,6,771,36.0,out_magic,MS20,0,96,69.1,69,1.0,
60,Werewolf,6,771,36.0,out_magic,MS22_HR50,0,97,69.1,69,1.0,
60,Werewolf,6,771,36.0,out_magic,MS22_HR91,0,97,69.1,69,1.0,
60,Werewolf,6,771,36.0,out_magic,ZW20,0,96,86.4,86,1.0,
60,Werewolf,6,771,36.0,out_magic,ZW20_HeroMage,0,96,91.4,91,1.0,
60,Werewolf,6,771,36.0,out_magic,bare_HeroMage,0,96,73.1,73,1.0,
60,Werewolf,6,771,36.0,out_phys,bare_hand,0,74,13.0,13,1.0,
60,Werewolf,6,771,36.0,out_phys,LongSword+2,0,74,8.7,9,1.0,
60,Werewolf,6,771,36.0,out_phys,GiantSword,0,74,18.6,19,1.0,
60,Werewolf,6,771,36.0,out_phys,GS_Hero,0,84,23.6,24,1.0,
60,Werewolf,6,771,36.0,out_phys,GS_Hero_NOX,0,94,23.6,24,1.0,
60,Werewolf,6,771,36.0,out_phys,GS_Hero_NOX_Xelima7,0,94,30.6,31,1.0,
60,Werewolf,6,771,36.0,out_phys,GS_Hero_NOX_Abaddon17,0,94,40.6,41,1.0,
60,Werewolf,6,771,36.0,out_phys,GS_full_upg10,0,94,50.6,51,1.0,
60,Werewolf,6,771,36.0,in_phys,naked_PA0,0,,36,,1.0,36
60,Werewolf,6,771,36.0,in_phys,light_PA20,0,,36,,1.0,29
60,Werewolf,6,771,36.0,in_phys,heavy_PA40,0,,36,,1.0,22
60,Werewolf,6,771,36.0,in_phys,heavy_Merien5_PA45,0,,36,,1.0,20
60,Werewolf,6,771,36.0,in_phys,heavy_Merien10_PA50,0,,36,,1.0,18
60,Werewolf,6,771,36.0,in_phys,stack_PA70,0,,36,,1.0,11
60,Werewolf,6,771,36.0,in_phys,cap_PA80,0,,36,,1.0,8
60,Werewolf,6,771,36.0,out_magic,bare,50,97,69.1,70,1.524,
60,Werewolf,6,771,36.0,out_magic,MS20,50,97,69.1,70,1.524,
60,Werewolf,6,771,36.0,out_magic,MS22_HR50,50,97,69.1,70,1.524,
60,Werewolf,6,771,36.0,out_magic,MS22_HR91,50,97,69.1,70,1.524,
60,Werewolf,6,771,36.0,out_magic,ZW20,50,97,86.4,87,1.524,
60,Werewolf,6,771,36.0,out_magic,ZW20_HeroMage,50,97,91.4,92,1.524,
60,Werewolf,6,771,36.0,out_magic,bare_HeroMage,50,97,73.1,74,1.524,
60,Werewolf,6,771,36.0,out_phys,bare_hand,50,76,13.0,14,1.524,
60,Werewolf,6,771,36.0,out_phys,LongSword+2,50,76,8.7,10,1.524,
60,Werewolf,6,771,36.0,out_phys,GiantSword,50,76,18.6,20,1.524,
60,Werewolf,6,771,36.0,out_phys,GS_Hero,50,86,23.6,25,1.524,
60,Werewolf,6,771,36.0,out_phys,GS_Hero_NOX,50,96,23.6,25,1.524,
60,Werewolf,6,771,36.0,out_phys,GS_Hero_NOX_Xelima7,50,96,30.6,32,1.524,
60,Werewolf,6,771,36.0,out_phys,GS_Hero_NOX_Abaddon17,50,96,40.6,42,1.524,
60,Werewolf,6,771,36.0,out_phys,GS_full_upg10,50,96,50.6,52,1.524,
60,Werewolf,6,771,36.0,in_phys,naked_PA0,50,,36,,1.524,35
60,Werewolf,6,771,36.0,in_phys,light_PA20,50,,36,,1.524,28
60,Werewolf,6,771,36.0,in_phys,heavy_PA40,50,,36,,1.524,21
60,Werewolf,6,771,36.0,in_phys,heavy_Merien5_PA45,50,,36,,1.524,20
60,Werewolf,6,771,36.0,in_phys,heavy_Merien10_PA50,50,,36,,1.524,18
60,Werewolf,6,771,36.0,in_phys,stack_PA70,50,,36,,1.524,11
60,Werewolf,6,771,36.0,in_phys,cap_PA80,50,,36,,1.524,7
61,Zombie,2,56,10.0,out_magic,bare,0,97,69.1,69,1.0,
61,Zombie,2,56,10.0,out_magic,MS20,0,97,69.1,69,1.0,
61,Zombie,2,56,10.0,out_magic,MS22_HR50,0,97,69.1,69,1.0,
61,Zombie,2,56,10.0,out_magic,MS22_HR91,0,97,69.1,69,1.0,
61,Zombie,2,56,10.0,out_magic,ZW20,0,97,86.4,86,1.0,
61,Zombie,2,56,10.0,out_magic,ZW20_HeroMage,0,97,91.4,91,1.0,
61,Zombie,2,56,10.0,out_magic,bare_HeroMage,0,97,73.1,73,1.0,
61,Zombie,2,56,10.0,out_phys,bare_hand,0,86,13.0,13,1.0,
61,Zombie,2,56,10.0,out_phys,LongSword+2,0,86,8.7,9,1.0,
61,Zombie,2,56,10.0,out_phys,GiantSword,0,86,18.6,19,1.0,
61,Zombie,2,56,10.0,out_phys,GS_Hero,0,96,23.6,24,1.0,
61,Zombie,2,56,10.0,out_phys,GS_Hero_NOX,0,97,23.6,24,1.0,
61,Zombie,2,56,10.0,out_phys,GS_Hero_NOX_Xelima7,0,97,30.6,31,1.0,
61,Zombie,2,56,10.0,out_phys,GS_Hero_NOX_Abaddon17,0,97,40.6,41,1.0,
61,Zombie,2,56,10.0,out_phys,GS_full_upg10,0,97,50.6,51,1.0,
61,Zombie,2,56,10.0,in_phys,naked_PA0,0,,10,,1.0,10
61,Zombie,2,56,10.0,in_phys,light_PA20,0,,10,,1.0,8
61,Zombie,2,56,10.0,in_phys,heavy_PA40,0,,10,,1.0,6
61,Zombie,2,56,10.0,in_phys,heavy_Merien5_PA45,0,,10,,1.0,6
61,Zombie,2,56,10.0,in_phys,heavy_Merien10_PA50,0,,10,,1.0,5
61,Zombie,2,56,10.0,in_phys,stack_PA70,0,,10,,1.0,3
61,Zombie,2,56,10.0,in_phys,cap_PA80,0,,10,,1.0,2
61,Zombie,2,56,10.0,out_magic,bare,50,97,69.1,70,1.524,
61,Zombie,2,56,10.0,out_magic,MS20,50,97,69.1,70,1.524,
61,Zombie,2,56,10.0,out_magic,MS22_HR50,50,97,69.1,70,1.524,
61,Zombie,2,56,10.0,out_magic,MS22_HR91,50,97,69.1,70,1.524,
61,Zombie,2,56,10.0,out_magic,ZW20,50,97,86.4,88,1.524,
61,Zombie,2,56,10.0,out_magic,ZW20_HeroMage,50,97,91.4,93,1.524,
61,Zombie,2,56,10.0,out_magic,bare_HeroMage,50,97,73.1,74,1.524,
61,Zombie,2,56,10.0,out_phys,bare_hand,50,88,13.0,13,1.524,
61,Zombie,2,56,10.0,out_phys,LongSword+2,50,88,8.7,9,1.524,
61,Zombie,2,56,10.0,out_phys,GiantSword,50,88,18.6,19,1.524,
61,Zombie,2,56,10.0,out_phys,GS_Hero,50,97,23.6,24,1.524,
61,Zombie,2,56,10.0,out_phys,GS_Hero_NOX,50,97,23.6,24,1.524,
61,Zombie,2,56,10.0,out_phys,GS_Hero_NOX_Xelima7,50,97,30.6,32,1.524,
61,Zombie,2,56,10.0,out_phys,GS_Hero_NOX_Abaddon17,50,97,40.6,42,1.524,
61,Zombie,2,56,10.0,out_phys,GS_full_upg10,50,97,50.6,52,1.524,
61,Zombie,2,56,10.0,in_phys,naked_PA0,50,,10,,1.524,9
61,Zombie,2,56,10.0,in_phys,light_PA20,50,,10,,1.524,8
61,Zombie,2,56,10.0,in_phys,heavy_PA40,50,,10,,1.524,6
61,Zombie,2,56,10.0,in_phys,heavy_Merien5_PA45,50,,10,,1.524,5
61,Zombie,2,56,10.0,in_phys,heavy_Merien10_PA50,50,,10,,1.524,5
61,Zombie,2,56,10.0,in_phys,stack_PA70,50,,10,,1.524,3
61,Zombie,2,56,10.0,in_phys,cap_PA80,50,,10,,1.524,2
62,Mercenary Warrior,0,0,5.0,out_magic,bare,0,97,69.1,69,1.0,
62,Mercenary Warrior,0,0,5.0,out_magic,MS20,0,97,69.1,69,1.0,
62,Mercenary Warrior,0,0,5.0,out_magic,MS22_HR50,0,97,69.1,69,1.0,
62,Mercenary Warrior,0,0,5.0,out_magic,MS22_HR91,0,97,69.1,69,1.0,
62,Mercenary Warrior,0,0,5.0,out_magic,ZW20,0,97,86.4,86,1.0,
62,Mercenary Warrior,0,0,5.0,out_magic,ZW20_HeroMage,0,97,91.4,91,1.0,
62,Mercenary Warrior,0,0,5.0,out_magic,bare_HeroMage,0,97,73.1,73,1.0,
62,Mercenary Warrior,0,0,5.0,out_phys,bare_hand,0,77,13.0,13,1.0,
62,Mercenary Warrior,0,0,5.0,out_phys,LongSword+2,0,77,8.7,9,1.0,
62,Mercenary Warrior,0,0,5.0,out_phys,GiantSword,0,77,18.6,19,1.0,
62,Mercenary Warrior,0,0,5.0,out_phys,GS_Hero,0,87,23.6,24,1.0,
62,Mercenary Warrior,0,0,5.0,out_phys,GS_Hero_NOX,0,97,23.6,24,1.0,
62,Mercenary Warrior,0,0,5.0,out_phys,GS_Hero_NOX_Xelima7,0,97,30.6,31,1.0,
62,Mercenary Warrior,0,0,5.0,out_phys,GS_Hero_NOX_Abaddon17,0,97,40.6,41,1.0,
62,Mercenary Warrior,0,0,5.0,out_phys,GS_full_upg10,0,97,50.6,51,1.0,
62,Mercenary Warrior,0,0,5.0,in_phys,naked_PA0,0,,5,,1.0,5
62,Mercenary Warrior,0,0,5.0,in_phys,light_PA20,0,,5,,1.0,4
62,Mercenary Warrior,0,0,5.0,in_phys,heavy_PA40,0,,5,,1.0,3
62,Mercenary Warrior,0,0,5.0,in_phys,heavy_Merien5_PA45,0,,5,,1.0,3
62,Mercenary Warrior,0,0,5.0,in_phys,heavy_Merien10_PA50,0,,5,,1.0,3
62,Mercenary Warrior,0,0,5.0,in_phys,stack_PA70,0,,5,,1.0,2
62,Mercenary Warrior,0,0,5.0,in_phys,cap_PA80,0,,5,,1.0,1
62,Mercenary Warrior,0,0,5.0,out_magic,bare,50,97,69.1,70,1.529,
62,Mercenary Warrior,0,0,5.0,out_magic,MS20,50,97,69.1,70,1.529,
62,Mercenary Warrior,0,0,5.0,out_magic,MS22_HR50,50,97,69.1,70,1.529,
62,Mercenary Warrior,0,0,5.0,out_magic,MS22_HR91,50,97,69.1,70,1.529,
62,Mercenary Warrior,0,0,5.0,out_magic,ZW20,50,97,86.4,88,1.529,
62,Mercenary Warrior,0,0,5.0,out_magic,ZW20_HeroMage,50,97,91.4,93,1.529,
62,Mercenary Warrior,0,0,5.0,out_magic,bare_HeroMage,50,97,73.1,74,1.529,
62,Mercenary Warrior,0,0,5.0,out_phys,bare_hand,50,77,13.0,13,1.529,
62,Mercenary Warrior,0,0,5.0,out_phys,LongSword+2,50,77,8.7,9,1.529,
62,Mercenary Warrior,0,0,5.0,out_phys,GiantSword,50,77,18.6,19,1.529,
62,Mercenary Warrior,0,0,5.0,out_phys,GS_Hero,50,87,23.6,24,1.529,
62,Mercenary Warrior,0,0,5.0,out_phys,GS_Hero_NOX,50,97,23.6,24,1.529,
62,Mercenary Warrior,0,0,5.0,out_phys,GS_Hero_NOX_Xelima7,50,97,30.6,32,1.529,
62,Mercenary Warrior,0,0,5.0,out_phys,GS_Hero_NOX_Abaddon17,50,97,40.6,42,1.529,
62,Mercenary Warrior,0,0,5.0,out_phys,GS_full_upg10,50,97,50.6,52,1.529,
62,Mercenary Warrior,0,0,5.0,in_phys,naked_PA0,50,,5,,1.529,5
62,Mercenary Warrior,0,0,5.0,in_phys,light_PA20,50,,5,,1.529,4
62,Mercenary Warrior,0,0,5.0,in_phys,heavy_PA40,50,,5,,1.529,3
62,Mercenary Warrior,0,0,5.0,in_phys,heavy_Merien5_PA45,50,,5,,1.529,3
62,Mercenary Warrior,0,0,5.0,in_phys,heavy_Merien10_PA50,50,,5,,1.529,3
62,Mercenary Warrior,0,0,5.0,in_phys,stack_PA70,50,,5,,1.529,2
62,Mercenary Warrior,0,0,5.0,in_phys,cap_PA80,50,,5,,1.529,1
63,Mercenary Mage,0,0,5.0,out_magic,bare,0,78,69.1,69,1.0,
63,Mercenary Mage,0,0,5.0,out_magic,MS20,0,78,69.1,69,1.0,
63,Mercenary Mage,0,0,5.0,out_magic,MS22_HR50,0,83,69.1,69,1.0,
63,Mercenary Mage,0,0,5.0,out_magic,MS22_HR91,0,87,69.1,69,1.0,
63,Mercenary Mage,0,0,5.0,out_magic,ZW20,0,78,86.4,86,1.0,
63,Mercenary Mage,0,0,5.0,out_magic,ZW20_HeroMage,0,78,91.4,91,1.0,
63,Mercenary Mage,0,0,5.0,out_magic,bare_HeroMage,0,78,73.1,73,1.0,
63,Mercenary Mage,0,0,5.0,out_phys,bare_hand,0,77,13.0,13,1.0,
63,Mercenary Mage,0,0,5.0,out_phys,LongSword+2,0,77,8.7,9,1.0,
63,Mercenary Mage,0,0,5.0,out_phys,GiantSword,0,77,18.6,19,1.0,
63,Mercenary Mage,0,0,5.0,out_phys,GS_Hero,0,87,23.6,24,1.0,
63,Mercenary Mage,0,0,5.0,out_phys,GS_Hero_NOX,0,97,23.6,24,1.0,
63,Mercenary Mage,0,0,5.0,out_phys,GS_Hero_NOX_Xelima7,0,97,30.6,31,1.0,
63,Mercenary Mage,0,0,5.0,out_phys,GS_Hero_NOX_Abaddon17,0,97,40.6,41,1.0,
63,Mercenary Mage,0,0,5.0,out_phys,GS_full_upg10,0,97,50.6,51,1.0,
63,Mercenary Mage,0,0,5.0,in_phys,naked_PA0,0,,5,,1.0,5
63,Mercenary Mage,0,0,5.0,in_phys,light_PA20,0,,5,,1.0,4
63,Mercenary Mage,0,0,5.0,in_phys,heavy_PA40,0,,5,,1.0,3
63,Mercenary Mage,0,0,5.0,in_phys,heavy_Merien5_PA45,0,,5,,1.0,3
63,Mercenary Mage,0,0,5.0,in_phys,heavy_Merien10_PA50,0,,5,,1.0,3
63,Mercenary Mage,0,0,5.0,in_phys,stack_PA70,0,,5,,1.0,2
63,Mercenary Mage,0,0,5.0,in_phys,cap_PA80,0,,5,,1.0,1
63,Mercenary Mage,0,0,5.0,out_magic,bare,50,80,69.1,70,1.524,
63,Mercenary Mage,0,0,5.0,out_magic,MS20,50,80,69.1,70,1.524,
63,Mercenary Mage,0,0,5.0,out_magic,MS22_HR50,50,85,69.1,70,1.524,
63,Mercenary Mage,0,0,5.0,out_magic,MS22_HR91,50,89,69.1,70,1.524,
63,Mercenary Mage,0,0,5.0,out_magic,ZW20,50,80,86.4,88,1.524,
63,Mercenary Mage,0,0,5.0,out_magic,ZW20_HeroMage,50,80,91.4,93,1.524,
63,Mercenary Mage,0,0,5.0,out_magic,bare_HeroMage,50,80,73.1,74,1.524,
63,Mercenary Mage,0,0,5.0,out_phys,bare_hand,50,79,13.0,13,1.524,
63,Mercenary Mage,0,0,5.0,out_phys,LongSword+2,50,79,8.7,9,1.524,
63,Mercenary Mage,0,0,5.0,out_phys,GiantSword,50,79,18.6,19,1.524,
63,Mercenary Mage,0,0,5.0,out_phys,GS_Hero,50,89,23.6,24,1.524,
63,Mercenary Mage,0,0,5.0,out_phys,GS_Hero_NOX,50,97,23.6,24,1.524,
63,Mercenary Mage,0,0,5.0,out_phys,GS_Hero_NOX_Xelima7,50,97,30.6,32,1.524,
63,Mercenary Mage,0,0,5.0,out_phys,GS_Hero_NOX_Abaddon17,50,97,40.6,42,1.524,
63,Mercenary Mage,0,0,5.0,out_phys,GS_full_upg10,50,97,50.6,52,1.524,
63,Mercenary Mage,0,0,5.0,in_phys,naked_PA0,50,,5,,1.524,5
63,Mercenary Mage,0,0,5.0,in_phys,light_PA20,50,,5,,1.524,4
63,Mercenary Mage,0,0,5.0,in_phys,heavy_PA40,50,,5,,1.524,3
63,Mercenary Mage,0,0,5.0,in_phys,heavy_Merien5_PA45,50,,5,,1.524,3
63,Mercenary Mage,0,0,5.0,in_phys,heavy_Merien10_PA50,50,,5,,1.524,3
63,Mercenary Mage,0,0,5.0,in_phys,stack_PA70,50,,5,,1.524,2
63,Mercenary Mage,0,0,5.0,in_phys,cap_PA80,50,,5,,1.524,1
64,Abaddon (incomplete),10,82501,171.0,out_magic,bare,0,78,69.1,69,1.0,
64,Abaddon (incomplete),10,82501,171.0,out_magic,MS20,0,78,69.1,69,1.0,
64,Abaddon (incomplete),10,82501,171.0,out_magic,MS22_HR50,0,83,69.1,69,1.0,
64,Abaddon (incomplete),10,82501,171.0,out_magic,MS22_HR91,0,87,69.1,69,1.0,
64,Abaddon (incomplete),10,82501,171.0,out_magic,ZW20,0,78,86.4,86,1.0,
64,Abaddon (incomplete),10,82501,171.0,out_magic,ZW20_HeroMage,0,78,91.4,91,1.0,
64,Abaddon (incomplete),10,82501,171.0,out_magic,bare_HeroMage,0,78,73.1,73,1.0,
64,Abaddon (incomplete),10,82501,171.0,out_phys,bare_hand,0,62,13.0,13,1.0,
64,Abaddon (incomplete),10,82501,171.0,out_phys,LongSword+2,0,62,8.7,9,1.0,
64,Abaddon (incomplete),10,82501,171.0,out_phys,GiantSword,0,62,18.6,19,1.0,
64,Abaddon (incomplete),10,82501,171.0,out_phys,GS_Hero,0,72,23.6,24,1.0,
64,Abaddon (incomplete),10,82501,171.0,out_phys,GS_Hero_NOX,0,82,23.6,24,1.0,
64,Abaddon (incomplete),10,82501,171.0,out_phys,GS_Hero_NOX_Xelima7,0,82,30.6,31,1.0,
64,Abaddon (incomplete),10,82501,171.0,out_phys,GS_Hero_NOX_Abaddon17,0,82,40.6,41,1.0,
64,Abaddon (incomplete),10,82501,171.0,out_phys,GS_full_upg10,0,82,50.6,51,1.0,
64,Abaddon (incomplete),10,82501,171.0,in_phys,naked_PA0,0,,171,,1.0,171
64,Abaddon (incomplete),10,82501,171.0,in_phys,light_PA20,0,,171,,1.0,137
64,Abaddon (incomplete),10,82501,171.0,in_phys,heavy_PA40,0,,171,,1.0,103
64,Abaddon (incomplete),10,82501,171.0,in_phys,heavy_Merien5_PA45,0,,171,,1.0,95
64,Abaddon (incomplete),10,82501,171.0,in_phys,heavy_Merien10_PA50,0,,171,,1.0,86
64,Abaddon (incomplete),10,82501,171.0,in_phys,stack_PA70,0,,171,,1.0,52
64,Abaddon (incomplete),10,82501,171.0,in_phys,cap_PA80,0,,171,,1.0,35
64,Abaddon (incomplete),10,82501,171.0,out_magic,bare,50,80,69.1,71,1.519,
64,Abaddon (incomplete),10,82501,171.0,out_magic,MS20,50,80,69.1,71,1.519,
64,Abaddon (incomplete),10,82501,171.0,out_magic,MS22_HR50,50,85,69.1,71,1.519,
64,Abaddon (incomplete),10,82501,171.0,out_magic,MS22_HR91,50,89,69.1,71,1.519,
64,Abaddon (incomplete),10,82501,171.0,out_magic,ZW20,50,80,86.4,89,1.519,
64,Abaddon (incomplete),10,82501,171.0,out_magic,ZW20_HeroMage,50,80,91.4,94,1.519,
64,Abaddon (incomplete),10,82501,171.0,out_magic,bare_HeroMage,50,80,73.1,75,1.519,
64,Abaddon (incomplete),10,82501,171.0,out_phys,bare_hand,50,64,13.0,14,1.519,
64,Abaddon (incomplete),10,82501,171.0,out_phys,LongSword+2,50,64,8.7,10,1.519,
64,Abaddon (incomplete),10,82501,171.0,out_phys,GiantSword,50,64,18.6,20,1.519,
64,Abaddon (incomplete),10,82501,171.0,out_phys,GS_Hero,50,74,23.6,26,1.519,
64,Abaddon (incomplete),10,82501,171.0,out_phys,GS_Hero_NOX,50,84,23.6,26,1.519,
64,Abaddon (incomplete),10,82501,171.0,out_phys,GS_Hero_NOX_Xelima7,50,84,30.6,33,1.519,
64,Abaddon (incomplete),10,82501,171.0,out_phys,GS_Hero_NOX_Abaddon17,50,84,40.6,43,1.519,
64,Abaddon (incomplete),10,82501,171.0,out_phys,GS_full_upg10,50,84,50.6,53,1.519,
64,Abaddon (incomplete),10,82501,171.0,in_phys,naked_PA0,50,,171,,1.519,170
64,Abaddon (incomplete),10,82501,171.0,in_phys,light_PA20,50,,171,,1.519,136
64,Abaddon (incomplete),10,82501,171.0,in_phys,heavy_PA40,50,,171,,1.519,102
64,Abaddon (incomplete),10,82501,171.0,in_phys,heavy_Merien5_PA45,50,,171,,1.519,94
64,Abaddon (incomplete),10,82501,171.0,in_phys,heavy_Merien10_PA50,50,,171,,1.519,85
64,Abaddon (incomplete),10,82501,171.0,in_phys,stack_PA70,50,,171,,1.519,51
64,Abaddon (incomplete),10,82501,171.0,in_phys,cap_PA80,50,,171,,1.519,34
100,Academy Recruit,0,2200,30.0,out_magic,bare,0,78,69.1,69,1.0,
100,Academy Recruit,0,2200,30.0,out_magic,MS20,0,78,69.1,69,1.0,
100,Academy Recruit,0,2200,30.0,out_magic,MS22_HR50,0,83,69.1,69,1.0,
100,Academy Recruit,0,2200,30.0,out_magic,MS22_HR91,0,87,69.1,69,1.0,
100,Academy Recruit,0,2200,30.0,out_magic,ZW20,0,78,86.4,86,1.0,
100,Academy Recruit,0,2200,30.0,out_magic,ZW20_HeroMage,0,78,91.4,91,1.0,
100,Academy Recruit,0,2200,30.0,out_magic,bare_HeroMage,0,78,73.1,73,1.0,
100,Academy Recruit,0,2200,30.0,out_phys,bare_hand,0,77,13.0,13,1.0,
100,Academy Recruit,0,2200,30.0,out_phys,LongSword+2,0,77,8.7,9,1.0,
100,Academy Recruit,0,2200,30.0,out_phys,GiantSword,0,77,18.6,19,1.0,
100,Academy Recruit,0,2200,30.0,out_phys,GS_Hero,0,87,23.6,24,1.0,
100,Academy Recruit,0,2200,30.0,out_phys,GS_Hero_NOX,0,97,23.6,24,1.0,
100,Academy Recruit,0,2200,30.0,out_phys,GS_Hero_NOX_Xelima7,0,97,30.6,31,1.0,
100,Academy Recruit,0,2200,30.0,out_phys,GS_Hero_NOX_Abaddon17,0,97,40.6,41,1.0,
100,Academy Recruit,0,2200,30.0,out_phys,GS_full_upg10,0,97,50.6,51,1.0,
100,Academy Recruit,0,2200,30.0,in_phys,naked_PA0,0,,30,,1.0,30
100,Academy Recruit,0,2200,30.0,in_phys,light_PA20,0,,30,,1.0,24
100,Academy Recruit,0,2200,30.0,in_phys,heavy_PA40,0,,30,,1.0,18
100,Academy Recruit,0,2200,30.0,in_phys,heavy_Merien5_PA45,0,,30,,1.0,17
100,Academy Recruit,0,2200,30.0,in_phys,heavy_Merien10_PA50,0,,30,,1.0,15
100,Academy Recruit,0,2200,30.0,in_phys,stack_PA70,0,,30,,1.0,9
100,Academy Recruit,0,2200,30.0,in_phys,cap_PA80,0,,30,,1.0,6
100,Academy Recruit,0,2200,30.0,out_magic,bare,50,78,69.1,70,1.529,
100,Academy Recruit,0,2200,30.0,out_magic,MS20,50,78,69.1,70,1.529,
100,Academy Recruit,0,2200,30.0,out_magic,MS22_HR50,50,83,69.1,70,1.529,
100,Academy Recruit,0,2200,30.0,out_magic,MS22_HR91,50,87,69.1,70,1.529,
100,Academy Recruit,0,2200,30.0,out_magic,ZW20,50,78,86.4,87,1.529,
100,Academy Recruit,0,2200,30.0,out_magic,ZW20_HeroMage,50,78,91.4,92,1.529,
100,Academy Recruit,0,2200,30.0,out_magic,bare_HeroMage,50,78,73.1,74,1.529,
100,Academy Recruit,0,2200,30.0,out_phys,bare_hand,50,77,13.0,14,1.529,
100,Academy Recruit,0,2200,30.0,out_phys,LongSword+2,50,77,8.7,10,1.529,
100,Academy Recruit,0,2200,30.0,out_phys,GiantSword,50,77,18.6,20,1.529,
100,Academy Recruit,0,2200,30.0,out_phys,GS_Hero,50,87,23.6,25,1.529,
100,Academy Recruit,0,2200,30.0,out_phys,GS_Hero_NOX,50,97,23.6,25,1.529,
100,Academy Recruit,0,2200,30.0,out_phys,GS_Hero_NOX_Xelima7,50,97,30.6,32,1.529,
100,Academy Recruit,0,2200,30.0,out_phys,GS_Hero_NOX_Abaddon17,50,97,40.6,42,1.529,
100,Academy Recruit,0,2200,30.0,out_phys,GS_full_upg10,50,97,50.6,52,1.529,
100,Academy Recruit,0,2200,30.0,in_phys,naked_PA0,50,,30,,1.529,29
100,Academy Recruit,0,2200,30.0,in_phys,light_PA20,50,,30,,1.529,24
100,Academy Recruit,0,2200,30.0,in_phys,heavy_PA40,50,,30,,1.529,18
100,Academy Recruit,0,2200,30.0,in_phys,heavy_Merien5_PA45,50,,30,,1.529,16
100,Academy Recruit,0,2200,30.0,in_phys,heavy_Merien10_PA50,50,,30,,1.529,15
100,Academy Recruit,0,2200,30.0,in_phys,stack_PA70,50,,30,,1.529,9
100,Academy Recruit,0,2200,30.0,in_phys,cap_PA80,50,,30,,1.529,6
101,Academy Adept,0,2800,45.0,out_magic,bare,0,78,69.1,69,1.0,
101,Academy Adept,0,2800,45.0,out_magic,MS20,0,78,69.1,69,1.0,
101,Academy Adept,0,2800,45.0,out_magic,MS22_HR50,0,83,69.1,69,1.0,
101,Academy Adept,0,2800,45.0,out_magic,MS22_HR91,0,87,69.1,69,1.0,
101,Academy Adept,0,2800,45.0,out_magic,ZW20,0,78,86.4,86,1.0,
101,Academy Adept,0,2800,45.0,out_magic,ZW20_HeroMage,0,78,91.4,91,1.0,
101,Academy Adept,0,2800,45.0,out_magic,bare_HeroMage,0,78,73.1,73,1.0,
101,Academy Adept,0,2800,45.0,out_phys,bare_hand,0,77,13.0,13,1.0,
101,Academy Adept,0,2800,45.0,out_phys,LongSword+2,0,77,8.7,9,1.0,
101,Academy Adept,0,2800,45.0,out_phys,GiantSword,0,77,18.6,19,1.0,
101,Academy Adept,0,2800,45.0,out_phys,GS_Hero,0,87,23.6,24,1.0,
101,Academy Adept,0,2800,45.0,out_phys,GS_Hero_NOX,0,97,23.6,24,1.0,
101,Academy Adept,0,2800,45.0,out_phys,GS_Hero_NOX_Xelima7,0,97,30.6,31,1.0,
101,Academy Adept,0,2800,45.0,out_phys,GS_Hero_NOX_Abaddon17,0,97,40.6,41,1.0,
101,Academy Adept,0,2800,45.0,out_phys,GS_full_upg10,0,97,50.6,51,1.0,
101,Academy Adept,0,2800,45.0,in_phys,naked_PA0,0,,45,,1.0,45
101,Academy Adept,0,2800,45.0,in_phys,light_PA20,0,,45,,1.0,36
101,Academy Adept,0,2800,45.0,in_phys,heavy_PA40,0,,45,,1.0,27
101,Academy Adept,0,2800,45.0,in_phys,heavy_Merien5_PA45,0,,45,,1.0,25
101,Academy Adept,0,2800,45.0,in_phys,heavy_Merien10_PA50,0,,45,,1.0,23
101,Academy Adept,0,2800,45.0,in_phys,stack_PA70,0,,45,,1.0,14
101,Academy Adept,0,2800,45.0,in_phys,cap_PA80,0,,45,,1.0,9
101,Academy Adept,0,2800,45.0,out_magic,bare,50,78,69.1,70,1.529,
101,Academy Adept,0,2800,45.0,out_magic,MS20,50,78,69.1,70,1.529,
101,Academy Adept,0,2800,45.0,out_magic,MS22_HR50,50,83,69.1,70,1.529,
101,Academy Adept,0,2800,45.0,out_magic,MS22_HR91,50,87,69.1,70,1.529,
101,Academy Adept,0,2800,45.0,out_magic,ZW20,50,78,86.4,87,1.529,
101,Academy Adept,0,2800,45.0,out_magic,ZW20_HeroMage,50,78,91.4,92,1.529,
101,Academy Adept,0,2800,45.0,out_magic,bare_HeroMage,50,78,73.1,74,1.529,
101,Academy Adept,0,2800,45.0,out_phys,bare_hand,50,77,13.0,14,1.529,
101,Academy Adept,0,2800,45.0,out_phys,LongSword+2,50,77,8.7,10,1.529,
101,Academy Adept,0,2800,45.0,out_phys,GiantSword,50,77,18.6,20,1.529,
101,Academy Adept,0,2800,45.0,out_phys,GS_Hero,50,87,23.6,25,1.529,
101,Academy Adept,0,2800,45.0,out_phys,GS_Hero_NOX,50,97,23.6,25,1.529,
101,Academy Adept,0,2800,45.0,out_phys,GS_Hero_NOX_Xelima7,50,97,30.6,32,1.529,
101,Academy Adept,0,2800,45.0,out_phys,GS_Hero_NOX_Abaddon17,50,97,40.6,42,1.529,
101,Academy Adept,0,2800,45.0,out_phys,GS_full_upg10,50,97,50.6,52,1.529,
101,Academy Adept,0,2800,45.0,in_phys,naked_PA0,50,,45,,1.529,44
101,Academy Adept,0,2800,45.0,in_phys,light_PA20,50,,45,,1.529,36
101,Academy Adept,0,2800,45.0,in_phys,heavy_PA40,50,,45,,1.529,27
101,Academy Adept,0,2800,45.0,in_phys,heavy_Merien5_PA45,50,,45,,1.529,25
101,Academy Adept,0,2800,45.0,in_phys,heavy_Merien10_PA50,50,,45,,1.529,22
101,Academy Adept,0,2800,45.0,in_phys,stack_PA70,50,,45,,1.529,14
101,Academy Adept,0,2800,45.0,in_phys,cap_PA80,50,,45,,1.529,9
102,Academy Veteran,0,4200,70.0,out_magic,bare,0,78,69.1,69,1.0,
102,Academy Veteran,0,4200,70.0,out_magic,MS20,0,78,69.1,69,1.0,
102,Academy Veteran,0,4200,70.0,out_magic,MS22_HR50,0,83,69.1,69,1.0,
102,Academy Veteran,0,4200,70.0,out_magic,MS22_HR91,0,87,69.1,69,1.0,
102,Academy Veteran,0,4200,70.0,out_magic,ZW20,0,78,86.4,86,1.0,
102,Academy Veteran,0,4200,70.0,out_magic,ZW20_HeroMage,0,78,91.4,91,1.0,
102,Academy Veteran,0,4200,70.0,out_magic,bare_HeroMage,0,78,73.1,73,1.0,
102,Academy Veteran,0,4200,70.0,out_phys,bare_hand,0,77,13.0,13,1.0,
102,Academy Veteran,0,4200,70.0,out_phys,LongSword+2,0,77,8.7,9,1.0,
102,Academy Veteran,0,4200,70.0,out_phys,GiantSword,0,77,18.6,19,1.0,
102,Academy Veteran,0,4200,70.0,out_phys,GS_Hero,0,87,23.6,24,1.0,
102,Academy Veteran,0,4200,70.0,out_phys,GS_Hero_NOX,0,97,23.6,24,1.0,
102,Academy Veteran,0,4200,70.0,out_phys,GS_Hero_NOX_Xelima7,0,97,30.6,31,1.0,
102,Academy Veteran,0,4200,70.0,out_phys,GS_Hero_NOX_Abaddon17,0,97,40.6,41,1.0,
102,Academy Veteran,0,4200,70.0,out_phys,GS_full_upg10,0,97,50.6,51,1.0,
102,Academy Veteran,0,4200,70.0,in_phys,naked_PA0,0,,70,,1.0,70
102,Academy Veteran,0,4200,70.0,in_phys,light_PA20,0,,70,,1.0,56
102,Academy Veteran,0,4200,70.0,in_phys,heavy_PA40,0,,70,,1.0,42
102,Academy Veteran,0,4200,70.0,in_phys,heavy_Merien5_PA45,0,,70,,1.0,39
102,Academy Veteran,0,4200,70.0,in_phys,heavy_Merien10_PA50,0,,70,,1.0,35
102,Academy Veteran,0,4200,70.0,in_phys,stack_PA70,0,,70,,1.0,21
102,Academy Veteran,0,4200,70.0,in_phys,cap_PA80,0,,70,,1.0,14
102,Academy Veteran,0,4200,70.0,out_magic,bare,50,80,69.1,70,1.524,
102,Academy Veteran,0,4200,70.0,out_magic,MS20,50,80,69.1,70,1.524,
102,Academy Veteran,0,4200,70.0,out_magic,MS22_HR50,50,85,69.1,70,1.524,
102,Academy Veteran,0,4200,70.0,out_magic,MS22_HR91,50,89,69.1,70,1.524,
102,Academy Veteran,0,4200,70.0,out_magic,ZW20,50,80,86.4,87,1.524,
102,Academy Veteran,0,4200,70.0,out_magic,ZW20_HeroMage,50,80,91.4,92,1.524,
102,Academy Veteran,0,4200,70.0,out_magic,bare_HeroMage,50,80,73.1,74,1.524,
102,Academy Veteran,0,4200,70.0,out_phys,bare_hand,50,79,13.0,14,1.524,
102,Academy Veteran,0,4200,70.0,out_phys,LongSword+2,50,79,8.7,10,1.524,
102,Academy Veteran,0,4200,70.0,out_phys,GiantSword,50,79,18.6,20,1.524,
102,Academy Veteran,0,4200,70.0,out_phys,GS_Hero,50,89,23.6,25,1.524,
102,Academy Veteran,0,4200,70.0,out_phys,GS_Hero_NOX,50,97,23.6,25,1.524,
102,Academy Veteran,0,4200,70.0,out_phys,GS_Hero_NOX_Xelima7,50,97,30.6,32,1.524,
102,Academy Veteran,0,4200,70.0,out_phys,GS_Hero_NOX_Abaddon17,50,97,40.6,42,1.524,
102,Academy Veteran,0,4200,70.0,out_phys,GS_full_upg10,50,97,50.6,52,1.524,
102,Academy Veteran,0,4200,70.0,in_phys,naked_PA0,50,,70,,1.524,69
102,Academy Veteran,0,4200,70.0,in_phys,light_PA20,50,,70,,1.524,56
102,Academy Veteran,0,4200,70.0,in_phys,heavy_PA40,50,,70,,1.524,42
102,Academy Veteran,0,4200,70.0,in_phys,heavy_Merien5_PA45,50,,70,,1.524,38
102,Academy Veteran,0,4200,70.0,in_phys,heavy_Merien10_PA50,50,,70,,1.524,35
102,Academy Veteran,0,4200,70.0,in_phys,stack_PA70,50,,70,,1.524,21
102,Academy Veteran,0,4200,70.0,in_phys,cap_PA80,50,,70,,1.524,14
103,Academy Elite Contender,0,6500,102.5,out_magic,bare,0,78,69.1,69,1.0,
103,Academy Elite Contender,0,6500,102.5,out_magic,MS20,0,78,69.1,69,1.0,
103,Academy Elite Contender,0,6500,102.5,out_magic,MS22_HR50,0,83,69.1,69,1.0,
103,Academy Elite Contender,0,6500,102.5,out_magic,MS22_HR91,0,87,69.1,69,1.0,
103,Academy Elite Contender,0,6500,102.5,out_magic,ZW20,0,78,86.4,86,1.0,
103,Academy Elite Contender,0,6500,102.5,out_magic,ZW20_HeroMage,0,78,91.4,91,1.0,
103,Academy Elite Contender,0,6500,102.5,out_magic,bare_HeroMage,0,78,73.1,73,1.0,
103,Academy Elite Contender,0,6500,102.5,out_phys,bare_hand,0,77,13.0,13,1.0,
103,Academy Elite Contender,0,6500,102.5,out_phys,LongSword+2,0,77,8.7,9,1.0,
103,Academy Elite Contender,0,6500,102.5,out_phys,GiantSword,0,77,18.6,19,1.0,
103,Academy Elite Contender,0,6500,102.5,out_phys,GS_Hero,0,87,23.6,24,1.0,
103,Academy Elite Contender,0,6500,102.5,out_phys,GS_Hero_NOX,0,97,23.6,24,1.0,
103,Academy Elite Contender,0,6500,102.5,out_phys,GS_Hero_NOX_Xelima7,0,97,30.6,31,1.0,
103,Academy Elite Contender,0,6500,102.5,out_phys,GS_Hero_NOX_Abaddon17,0,97,40.6,41,1.0,
103,Academy Elite Contender,0,6500,102.5,out_phys,GS_full_upg10,0,97,50.6,51,1.0,
103,Academy Elite Contender,0,6500,102.5,in_phys,naked_PA0,0,,102,,1.0,102
103,Academy Elite Contender,0,6500,102.5,in_phys,light_PA20,0,,102,,1.0,82
103,Academy Elite Contender,0,6500,102.5,in_phys,heavy_PA40,0,,102,,1.0,62
103,Academy Elite Contender,0,6500,102.5,in_phys,heavy_Merien5_PA45,0,,102,,1.0,57
103,Academy Elite Contender,0,6500,102.5,in_phys,heavy_Merien10_PA50,0,,102,,1.0,51
103,Academy Elite Contender,0,6500,102.5,in_phys,stack_PA70,0,,102,,1.0,31
103,Academy Elite Contender,0,6500,102.5,in_phys,cap_PA80,0,,102,,1.0,21
103,Academy Elite Contender,0,6500,102.5,out_magic,bare,50,80,69.1,70,1.524,
103,Academy Elite Contender,0,6500,102.5,out_magic,MS20,50,80,69.1,70,1.524,
103,Academy Elite Contender,0,6500,102.5,out_magic,MS22_HR50,50,85,69.1,70,1.524,
103,Academy Elite Contender,0,6500,102.5,out_magic,MS22_HR91,50,89,69.1,70,1.524,
103,Academy Elite Contender,0,6500,102.5,out_magic,ZW20,50,80,86.4,87,1.524,
103,Academy Elite Contender,0,6500,102.5,out_magic,ZW20_HeroMage,50,80,91.4,92,1.524,
103,Academy Elite Contender,0,6500,102.5,out_magic,bare_HeroMage,50,80,73.1,74,1.524,
103,Academy Elite Contender,0,6500,102.5,out_phys,bare_hand,50,79,13.0,14,1.524,
103,Academy Elite Contender,0,6500,102.5,out_phys,LongSword+2,50,79,8.7,10,1.524,
103,Academy Elite Contender,0,6500,102.5,out_phys,GiantSword,50,79,18.6,20,1.524,
103,Academy Elite Contender,0,6500,102.5,out_phys,GS_Hero,50,89,23.6,25,1.524,
103,Academy Elite Contender,0,6500,102.5,out_phys,GS_Hero_NOX,50,97,23.6,25,1.524,
103,Academy Elite Contender,0,6500,102.5,out_phys,GS_Hero_NOX_Xelima7,50,97,30.6,32,1.524,
103,Academy Elite Contender,0,6500,102.5,out_phys,GS_Hero_NOX_Abaddon17,50,97,40.6,42,1.524,
103,Academy Elite Contender,0,6500,102.5,out_phys,GS_full_upg10,50,97,50.6,52,1.524,
103,Academy Elite Contender,0,6500,102.5,in_phys,naked_PA0,50,,102,,1.524,101
103,Academy Elite Contender,0,6500,102.5,in_phys,light_PA20,50,,102,,1.524,81
103,Academy Elite Contender,0,6500,102.5,in_phys,heavy_PA40,50,,102,,1.524,61
103,Academy Elite Contender,0,6500,102.5,in_phys,heavy_Merien5_PA45,50,,102,,1.524,56
103,Academy Elite Contender,0,6500,102.5,in_phys,heavy_Merien10_PA50,50,,102,,1.524,51
103,Academy Elite Contender,0,6500,102.5,in_phys,stack_PA70,50,,102,,1.524,31
103,Academy Elite Contender,0,6500,102.5,in_phys,cap_PA80,50,,102,,1.524,21
110,Earth Dragon,7,18500,200.0,out_magic,bare,0,78,69.1,69,1.0,
110,Earth Dragon,7,18500,200.0,out_magic,MS20,0,78,69.1,69,1.0,
110,Earth Dragon,7,18500,200.0,out_magic,MS22_HR50,0,83,69.1,69,1.0,
110,Earth Dragon,7,18500,200.0,out_magic,MS22_HR91,0,87,69.1,69,1.0,
110,Earth Dragon,7,18500,200.0,out_magic,ZW20,0,78,86.4,86,1.0,
110,Earth Dragon,7,18500,200.0,out_magic,ZW20_HeroMage,0,78,91.4,91,1.0,
110,Earth Dragon,7,18500,200.0,out_magic,bare_HeroMage,0,78,73.1,73,1.0,
110,Earth Dragon,7,18500,200.0,out_phys,bare_hand,0,71,13.0,13,1.0,
110,Earth Dragon,7,18500,200.0,out_phys,LongSword+2,0,71,8.7,9,1.0,
110,Earth Dragon,7,18500,200.0,out_phys,GiantSword,0,71,18.6,19,1.0,
110,Earth Dragon,7,18500,200.0,out_phys,GS_Hero,0,81,23.6,24,1.0,
110,Earth Dragon,7,18500,200.0,out_phys,GS_Hero_NOX,0,91,23.6,24,1.0,
110,Earth Dragon,7,18500,200.0,out_phys,GS_Hero_NOX_Xelima7,0,91,30.6,31,1.0,
110,Earth Dragon,7,18500,200.0,out_phys,GS_Hero_NOX_Abaddon17,0,91,40.6,41,1.0,
110,Earth Dragon,7,18500,200.0,out_phys,GS_full_upg10,0,91,50.6,51,1.0,
110,Earth Dragon,7,18500,200.0,in_phys,naked_PA0,0,,200,,1.0,200
110,Earth Dragon,7,18500,200.0,in_phys,light_PA20,0,,200,,1.0,160
110,Earth Dragon,7,18500,200.0,in_phys,heavy_PA40,0,,200,,1.0,120
110,Earth Dragon,7,18500,200.0,in_phys,heavy_Merien5_PA45,0,,200,,1.0,110
110,Earth Dragon,7,18500,200.0,in_phys,heavy_Merien10_PA50,0,,200,,1.0,100
110,Earth Dragon,7,18500,200.0,in_phys,stack_PA70,0,,200,,1.0,60
110,Earth Dragon,7,18500,200.0,in_phys,cap_PA80,0,,200,,1.0,40
110,Earth Dragon,7,18500,200.0,out_magic,bare,50,80,69.1,71,1.519,
110,Earth Dragon,7,18500,200.0,out_magic,MS20,50,80,69.1,71,1.519,
110,Earth Dragon,7,18500,200.0,out_magic,MS22_HR50,50,85,69.1,71,1.519,
110,Earth Dragon,7,18500,200.0,out_magic,MS22_HR91,50,89,69.1,71,1.519,
110,Earth Dragon,7,18500,200.0,out_magic,ZW20,50,80,86.4,89,1.519,
110,Earth Dragon,7,18500,200.0,out_magic,ZW20_HeroMage,50,80,91.4,94,1.519,
110,Earth Dragon,7,18500,200.0,out_magic,bare_HeroMage,50,80,73.1,75,1.519,
110,Earth Dragon,7,18500,200.0,out_phys,bare_hand,50,73,13.0,14,1.519,
110,Earth Dragon,7,18500,200.0,out_phys,LongSword+2,50,73,8.7,10,1.519,
110,Earth Dragon,7,18500,200.0,out_phys,GiantSword,50,73,18.6,20,1.519,
110,Earth Dragon,7,18500,200.0,out_phys,GS_Hero,50,83,23.6,26,1.519,
110,Earth Dragon,7,18500,200.0,out_phys,GS_Hero_NOX,50,93,23.6,26,1.519,
110,Earth Dragon,7,18500,200.0,out_phys,GS_Hero_NOX_Xelima7,50,93,30.6,33,1.519,
110,Earth Dragon,7,18500,200.0,out_phys,GS_Hero_NOX_Abaddon17,50,93,40.6,43,1.519,
110,Earth Dragon,7,18500,200.0,out_phys,GS_full_upg10,50,93,50.6,53,1.519,
110,Earth Dragon,7,18500,200.0,in_phys,naked_PA0,50,,200,,1.519,199
110,Earth Dragon,7,18500,200.0,in_phys,light_PA20,50,,200,,1.519,160
110,Earth Dragon,7,18500,200.0,in_phys,heavy_PA40,50,,200,,1.519,120
110,Earth Dragon,7,18500,200.0,in_phys,heavy_Merien5_PA45,50,,200,,1.519,110
110,Earth Dragon,7,18500,200.0,in_phys,heavy_Merien10_PA50,50,,200,,1.519,100
110,Earth Dragon,7,18500,200.0,in_phys,stack_PA70,50,,200,,1.519,60
110,Earth Dragon,7,18500,200.0,in_phys,cap_PA80,50,,200,,1.519,40
111,Illusion Dragon,8,18500,200.0,out_magic,bare,0,78,69.1,69,1.0,
111,Illusion Dragon,8,18500,200.0,out_magic,MS20,0,78,69.1,69,1.0,
111,Illusion Dragon,8,18500,200.0,out_magic,MS22_HR50,0,83,69.1,69,1.0,
111,Illusion Dragon,8,18500,200.0,out_magic,MS22_HR91,0,87,69.1,69,1.0,
111,Illusion Dragon,8,18500,200.0,out_magic,ZW20,0,78,86.4,86,1.0,
111,Illusion Dragon,8,18500,200.0,out_magic,ZW20_HeroMage,0,78,91.4,91,1.0,
111,Illusion Dragon,8,18500,200.0,out_magic,bare_HeroMage,0,78,73.1,73,1.0,
111,Illusion Dragon,8,18500,200.0,out_phys,bare_hand,0,68,13.0,13,1.0,
111,Illusion Dragon,8,18500,200.0,out_phys,LongSword+2,0,68,8.7,9,1.0,
111,Illusion Dragon,8,18500,200.0,out_phys,GiantSword,0,68,18.6,19,1.0,
111,Illusion Dragon,8,18500,200.0,out_phys,GS_Hero,0,78,23.6,24,1.0,
111,Illusion Dragon,8,18500,200.0,out_phys,GS_Hero_NOX,0,88,23.6,24,1.0,
111,Illusion Dragon,8,18500,200.0,out_phys,GS_Hero_NOX_Xelima7,0,88,30.6,31,1.0,
111,Illusion Dragon,8,18500,200.0,out_phys,GS_Hero_NOX_Abaddon17,0,88,40.6,41,1.0,
111,Illusion Dragon,8,18500,200.0,out_phys,GS_full_upg10,0,88,50.6,51,1.0,
111,Illusion Dragon,8,18500,200.0,in_phys,naked_PA0,0,,200,,1.0,200
111,Illusion Dragon,8,18500,200.0,in_phys,light_PA20,0,,200,,1.0,160
111,Illusion Dragon,8,18500,200.0,in_phys,heavy_PA40,0,,200,,1.0,120
111,Illusion Dragon,8,18500,200.0,in_phys,heavy_Merien5_PA45,0,,200,,1.0,110
111,Illusion Dragon,8,18500,200.0,in_phys,heavy_Merien10_PA50,0,,200,,1.0,100
111,Illusion Dragon,8,18500,200.0,in_phys,stack_PA70,0,,200,,1.0,60
111,Illusion Dragon,8,18500,200.0,in_phys,cap_PA80,0,,200,,1.0,40
111,Illusion Dragon,8,18500,200.0,out_magic,bare,50,80,69.1,71,1.519,
111,Illusion Dragon,8,18500,200.0,out_magic,MS20,50,80,69.1,71,1.519,
111,Illusion Dragon,8,18500,200.0,out_magic,MS22_HR50,50,85,69.1,71,1.519,
111,Illusion Dragon,8,18500,200.0,out_magic,MS22_HR91,50,89,69.1,71,1.519,
111,Illusion Dragon,8,18500,200.0,out_magic,ZW20,50,80,86.4,89,1.519,
111,Illusion Dragon,8,18500,200.0,out_magic,ZW20_HeroMage,50,80,91.4,94,1.519,
111,Illusion Dragon,8,18500,200.0,out_magic,bare_HeroMage,50,80,73.1,75,1.519,
111,Illusion Dragon,8,18500,200.0,out_phys,bare_hand,50,70,13.0,14,1.519,
111,Illusion Dragon,8,18500,200.0,out_phys,LongSword+2,50,70,8.7,10,1.519,
111,Illusion Dragon,8,18500,200.0,out_phys,GiantSword,50,70,18.6,20,1.519,
111,Illusion Dragon,8,18500,200.0,out_phys,GS_Hero,50,80,23.6,26,1.519,
111,Illusion Dragon,8,18500,200.0,out_phys,GS_Hero_NOX,50,90,23.6,26,1.519,
111,Illusion Dragon,8,18500,200.0,out_phys,GS_Hero_NOX_Xelima7,50,90,30.6,33,1.519,
111,Illusion Dragon,8,18500,200.0,out_phys,GS_Hero_NOX_Abaddon17,50,90,40.6,43,1.519,
111,Illusion Dragon,8,18500,200.0,out_phys,GS_full_upg10,50,90,50.6,53,1.519,
111,Illusion Dragon,8,18500,200.0,in_phys,naked_PA0,50,,200,,1.519,199
111,Illusion Dragon,8,18500,200.0,in_phys,light_PA20,50,,200,,1.519,160
111,Illusion Dragon,8,18500,200.0,in_phys,heavy_PA40,50,,200,,1.519,120
111,Illusion Dragon,8,18500,200.0,in_phys,heavy_Merien5_PA45,50,,200,,1.519,110
111,Illusion Dragon,8,18500,200.0,in_phys,heavy_Merien10_PA50,50,,200,,1.519,100
111,Illusion Dragon,8,18500,200.0,in_phys,stack_PA70,50,,200,,1.519,60
111,Illusion Dragon,8,18500,200.0,in_phys,cap_PA80,50,,200,,1.519,40
112,Lightning Dragon,8,18500,200.0,out_magic,bare,0,78,69.1,69,1.0,
112,Lightning Dragon,8,18500,200.0,out_magic,MS20,0,78,69.1,69,1.0,
112,Lightning Dragon,8,18500,200.0,out_magic,MS22_HR50,0,83,69.1,69,1.0,
112,Lightning Dragon,8,18500,200.0,out_magic,MS22_HR91,0,87,69.1,69,1.0,
112,Lightning Dragon,8,18500,200.0,out_magic,ZW20,0,78,86.4,86,1.0,
112,Lightning Dragon,8,18500,200.0,out_magic,ZW20_HeroMage,0,78,91.4,91,1.0,
112,Lightning Dragon,8,18500,200.0,out_magic,bare_HeroMage,0,78,73.1,73,1.0,
112,Lightning Dragon,8,18500,200.0,out_phys,bare_hand,0,68,13.0,13,1.0,
112,Lightning Dragon,8,18500,200.0,out_phys,LongSword+2,0,68,8.7,9,1.0,
112,Lightning Dragon,8,18500,200.0,out_phys,GiantSword,0,68,18.6,19,1.0,
112,Lightning Dragon,8,18500,200.0,out_phys,GS_Hero,0,78,23.6,24,1.0,
112,Lightning Dragon,8,18500,200.0,out_phys,GS_Hero_NOX,0,88,23.6,24,1.0,
112,Lightning Dragon,8,18500,200.0,out_phys,GS_Hero_NOX_Xelima7,0,88,30.6,31,1.0,
112,Lightning Dragon,8,18500,200.0,out_phys,GS_Hero_NOX_Abaddon17,0,88,40.6,41,1.0,
112,Lightning Dragon,8,18500,200.0,out_phys,GS_full_upg10,0,88,50.6,51,1.0,
112,Lightning Dragon,8,18500,200.0,in_phys,naked_PA0,0,,200,,1.0,200
112,Lightning Dragon,8,18500,200.0,in_phys,light_PA20,0,,200,,1.0,160
112,Lightning Dragon,8,18500,200.0,in_phys,heavy_PA40,0,,200,,1.0,120
112,Lightning Dragon,8,18500,200.0,in_phys,heavy_Merien5_PA45,0,,200,,1.0,110
112,Lightning Dragon,8,18500,200.0,in_phys,heavy_Merien10_PA50,0,,200,,1.0,100
112,Lightning Dragon,8,18500,200.0,in_phys,stack_PA70,0,,200,,1.0,60
112,Lightning Dragon,8,18500,200.0,in_phys,cap_PA80,0,,200,,1.0,40
112,Lightning Dragon,8,18500,200.0,out_magic,bare,50,80,69.1,71,1.519,
112,Lightning Dragon,8,18500,200.0,out_magic,MS20,50,80,69.1,71,1.519,
112,Lightning Dragon,8,18500,200.0,out_magic,MS22_HR50,50,85,69.1,71,1.519,
112,Lightning Dragon,8,18500,200.0,out_magic,MS22_HR91,50,89,69.1,71,1.519,
112,Lightning Dragon,8,18500,200.0,out_magic,ZW20,50,80,86.4,89,1.519,
112,Lightning Dragon,8,18500,200.0,out_magic,ZW20_HeroMage,50,80,91.4,94,1.519,
112,Lightning Dragon,8,18500,200.0,out_magic,bare_HeroMage,50,80,73.1,75,1.519,
112,Lightning Dragon,8,18500,200.0,out_phys,bare_hand,50,70,13.0,14,1.519,
112,Lightning Dragon,8,18500,200.0,out_phys,LongSword+2,50,70,8.7,10,1.519,
112,Lightning Dragon,8,18500,200.0,out_phys,GiantSword,50,70,18.6,20,1.519,
112,Lightning Dragon,8,18500,200.0,out_phys,GS_Hero,50,80,23.6,26,1.519,
112,Lightning Dragon,8,18500,200.0,out_phys,GS_Hero_NOX,50,90,23.6,26,1.519,
112,Lightning Dragon,8,18500,200.0,out_phys,GS_Hero_NOX_Xelima7,50,90,30.6,33,1.519,
112,Lightning Dragon,8,18500,200.0,out_phys,GS_Hero_NOX_Abaddon17,50,90,40.6,43,1.519,
112,Lightning Dragon,8,18500,200.0,out_phys,GS_full_upg10,50,90,50.6,53,1.519,
112,Lightning Dragon,8,18500,200.0,in_phys,naked_PA0,50,,200,,1.519,199
112,Lightning Dragon,8,18500,200.0,in_phys,light_PA20,50,,200,,1.519,160
112,Lightning Dragon,8,18500,200.0,in_phys,heavy_PA40,50,,200,,1.519,120
112,Lightning Dragon,8,18500,200.0,in_phys,heavy_Merien5_PA45,50,,200,,1.519,110
112,Lightning Dragon,8,18500,200.0,in_phys,heavy_Merien10_PA50,50,,200,,1.519,100
112,Lightning Dragon,8,18500,200.0,in_phys,stack_PA70,50,,200,,1.519,60
112,Lightning Dragon,8,18500,200.0,in_phys,cap_PA80,50,,200,,1.519,40
113,Poison Dragon,9,18500,200.0,out_magic,bare,0,78,69.1,69,1.0,
113,Poison Dragon,9,18500,200.0,out_magic,MS20,0,78,69.1,69,1.0,
113,Poison Dragon,9,18500,200.0,out_magic,MS22_HR50,0,83,69.1,69,1.0,
113,Poison Dragon,9,18500,200.0,out_magic,MS22_HR91,0,87,69.1,69,1.0,
113,Poison Dragon,9,18500,200.0,out_magic,ZW20,0,78,86.4,86,1.0,
113,Poison Dragon,9,18500,200.0,out_magic,ZW20_HeroMage,0,78,91.4,91,1.0,
113,Poison Dragon,9,18500,200.0,out_magic,bare_HeroMage,0,78,73.1,73,1.0,
113,Poison Dragon,9,18500,200.0,out_phys,bare_hand,0,65,13.0,13,1.0,
113,Poison Dragon,9,18500,200.0,out_phys,LongSword+2,0,65,8.7,9,1.0,
113,Poison Dragon,9,18500,200.0,out_phys,GiantSword,0,65,18.6,19,1.0,
113,Poison Dragon,9,18500,200.0,out_phys,GS_Hero,0,75,23.6,24,1.0,
113,Poison Dragon,9,18500,200.0,out_phys,GS_Hero_NOX,0,85,23.6,24,1.0,
113,Poison Dragon,9,18500,200.0,out_phys,GS_Hero_NOX_Xelima7,0,85,30.6,31,1.0,
113,Poison Dragon,9,18500,200.0,out_phys,GS_Hero_NOX_Abaddon17,0,85,40.6,41,1.0,
113,Poison Dragon,9,18500,200.0,out_phys,GS_full_upg10,0,85,50.6,51,1.0,
113,Poison Dragon,9,18500,200.0,in_phys,naked_PA0,0,,200,,1.0,200
113,Poison Dragon,9,18500,200.0,in_phys,light_PA20,0,,200,,1.0,160
113,Poison Dragon,9,18500,200.0,in_phys,heavy_PA40,0,,200,,1.0,120
113,Poison Dragon,9,18500,200.0,in_phys,heavy_Merien5_PA45,0,,200,,1.0,110
113,Poison Dragon,9,18500,200.0,in_phys,heavy_Merien10_PA50,0,,200,,1.0,100
113,Poison Dragon,9,18500,200.0,in_phys,stack_PA70,0,,200,,1.0,60
113,Poison Dragon,9,18500,200.0,in_phys,cap_PA80,0,,200,,1.0,40
113,Poison Dragon,9,18500,200.0,out_magic,bare,50,80,69.1,71,1.519,
113,Poison Dragon,9,18500,200.0,out_magic,MS20,50,80,69.1,71,1.519,
113,Poison Dragon,9,18500,200.0,out_magic,MS22_HR50,50,85,69.1,71,1.519,
113,Poison Dragon,9,18500,200.0,out_magic,MS22_HR91,50,89,69.1,71,1.519,
113,Poison Dragon,9,18500,200.0,out_magic,ZW20,50,80,86.4,89,1.519,
113,Poison Dragon,9,18500,200.0,out_magic,ZW20_HeroMage,50,80,91.4,94,1.519,
113,Poison Dragon,9,18500,200.0,out_magic,bare_HeroMage,50,80,73.1,75,1.519,
113,Poison Dragon,9,18500,200.0,out_phys,bare_hand,50,67,13.0,14,1.519,
113,Poison Dragon,9,18500,200.0,out_phys,LongSword+2,50,67,8.7,10,1.519,
113,Poison Dragon,9,18500,200.0,out_phys,GiantSword,50,67,18.6,20,1.519,
113,Poison Dragon,9,18500,200.0,out_phys,GS_Hero,50,77,23.6,26,1.519,
113,Poison Dragon,9,18500,200.0,out_phys,GS_Hero_NOX,50,87,23.6,26,1.519,
113,Poison Dragon,9,18500,200.0,out_phys,GS_Hero_NOX_Xelima7,50,87,30.6,33,1.519,
113,Poison Dragon,9,18500,200.0,out_phys,GS_Hero_NOX_Abaddon17,50,87,40.6,43,1.519,
113,Poison Dragon,9,18500,200.0,out_phys,GS_full_upg10,50,87,50.6,53,1.519,
113,Poison Dragon,9,18500,200.0,in_phys,naked_PA0,50,,200,,1.519,199
113,Poison Dragon,9,18500,200.0,in_phys,light_PA20,50,,200,,1.519,160
113,Poison Dragon,9,18500,200.0,in_phys,heavy_PA40,50,,200,,1.519,120
113,Poison Dragon,9,18500,200.0,in_phys,heavy_Merien5_PA45,50,,200,,1.519,110
113,Poison Dragon,9,18500,200.0,in_phys,heavy_Merien10_PA50,50,,200,,1.519,100
113,Poison Dragon,9,18500,200.0,in_phys,stack_PA70,50,,200,,1.519,60
113,Poison Dragon,9,18500,200.0,in_phys,cap_PA80,50,,200,,1.519,40
114,Black Dragon,8,42000,264.0,out_magic,bare,0,78,69.1,69,1.0,
114,Black Dragon,8,42000,264.0,out_magic,MS20,0,78,69.1,69,1.0,
114,Black Dragon,8,42000,264.0,out_magic,MS22_HR50,0,83,69.1,69,1.0,
114,Black Dragon,8,42000,264.0,out_magic,MS22_HR91,0,87,69.1,69,1.0,
114,Black Dragon,8,42000,264.0,out_magic,ZW20,0,78,86.4,86,1.0,
114,Black Dragon,8,42000,264.0,out_magic,ZW20_HeroMage,0,78,91.4,91,1.0,
114,Black Dragon,8,42000,264.0,out_magic,bare_HeroMage,0,78,73.1,73,1.0,
114,Black Dragon,8,42000,264.0,out_phys,bare_hand,0,68,13.0,13,1.0,
114,Black Dragon,8,42000,264.0,out_phys,LongSword+2,0,68,8.7,9,1.0,
114,Black Dragon,8,42000,264.0,out_phys,GiantSword,0,68,18.6,19,1.0,
114,Black Dragon,8,42000,264.0,out_phys,GS_Hero,0,78,23.6,24,1.0,
114,Black Dragon,8,42000,264.0,out_phys,GS_Hero_NOX,0,88,23.6,24,1.0,
114,Black Dragon,8,42000,264.0,out_phys,GS_Hero_NOX_Xelima7,0,88,30.6,31,1.0,
114,Black Dragon,8,42000,264.0,out_phys,GS_Hero_NOX_Abaddon17,0,88,40.6,41,1.0,
114,Black Dragon,8,42000,264.0,out_phys,GS_full_upg10,0,88,50.6,51,1.0,
114,Black Dragon,8,42000,264.0,in_phys,naked_PA0,0,,264,,1.0,264
114,Black Dragon,8,42000,264.0,in_phys,light_PA20,0,,264,,1.0,212
114,Black Dragon,8,42000,264.0,in_phys,heavy_PA40,0,,264,,1.0,159
114,Black Dragon,8,42000,264.0,in_phys,heavy_Merien5_PA45,0,,264,,1.0,146
114,Black Dragon,8,42000,264.0,in_phys,heavy_Merien10_PA50,0,,264,,1.0,132
114,Black Dragon,8,42000,264.0,in_phys,stack_PA70,0,,264,,1.0,80
114,Black Dragon,8,42000,264.0,in_phys,cap_PA80,0,,264,,1.0,53
114,Black Dragon,8,42000,264.0,out_magic,bare,50,80,69.1,71,1.519,
114,Black Dragon,8,42000,264.0,out_magic,MS20,50,80,69.1,71,1.519,
114,Black Dragon,8,42000,264.0,out_magic,MS22_HR50,50,85,69.1,71,1.519,
114,Black Dragon,8,42000,264.0,out_magic,MS22_HR91,50,89,69.1,71,1.519,
114,Black Dragon,8,42000,264.0,out_magic,ZW20,50,80,86.4,89,1.519,
114,Black Dragon,8,42000,264.0,out_magic,ZW20_HeroMage,50,80,91.4,94,1.519,
114,Black Dragon,8,42000,264.0,out_magic,bare_HeroMage,50,80,73.1,75,1.519,
114,Black Dragon,8,42000,264.0,out_phys,bare_hand,50,70,13.0,14,1.519,
114,Black Dragon,8,42000,264.0,out_phys,LongSword+2,50,70,8.7,10,1.519,
114,Black Dragon,8,42000,264.0,out_phys,GiantSword,50,70,18.6,20,1.519,
114,Black Dragon,8,42000,264.0,out_phys,GS_Hero,50,80,23.6,26,1.519,
114,Black Dragon,8,42000,264.0,out_phys,GS_Hero_NOX,50,90,23.6,26,1.519,
114,Black Dragon,8,42000,264.0,out_phys,GS_Hero_NOX_Xelima7,50,90,30.6,33,1.519,
114,Black Dragon,8,42000,264.0,out_phys,GS_Hero_NOX_Abaddon17,50,90,40.6,43,1.519,
114,Black Dragon,8,42000,264.0,out_phys,GS_full_upg10,50,90,50.6,53,1.519,
114,Black Dragon,8,42000,264.0,in_phys,naked_PA0,50,,264,,1.519,263
114,Black Dragon,8,42000,264.0,in_phys,light_PA20,50,,264,,1.519,211
114,Black Dragon,8,42000,264.0,in_phys,heavy_PA40,50,,264,,1.519,158
114,Black Dragon,8,42000,264.0,in_phys,heavy_Merien5_PA45,50,,264,,1.519,145
114,Black Dragon,8,42000,264.0,in_phys,heavy_Merien10_PA50,50,,264,,1.519,132
114,Black Dragon,8,42000,264.0,in_phys,stack_PA70,50,,264,,1.519,79
114,Black Dragon,8,42000,264.0,in_phys,cap_PA80,50,,264,,1.519,53
9901,Goblin,2,320,8.0,out_magic,bare,0,97,69.1,69,1.0,
9901,Goblin,2,320,8.0,out_magic,MS20,0,97,69.1,69,1.0,
9901,Goblin,2,320,8.0,out_magic,MS22_HR50,0,97,69.1,69,1.0,
9901,Goblin,2,320,8.0,out_magic,MS22_HR91,0,97,69.1,69,1.0,
9901,Goblin,2,320,8.0,out_magic,ZW20,0,97,86.4,86,1.0,
9901,Goblin,2,320,8.0,out_magic,ZW20_HeroMage,0,97,91.4,91,1.0,
9901,Goblin,2,320,8.0,out_magic,bare_HeroMage,0,97,73.1,73,1.0,
9901,Goblin,2,320,8.0,out_phys,bare_hand,0,86,13.0,13,1.0,
9901,Goblin,2,320,8.0,out_phys,LongSword+2,0,86,8.7,9,1.0,
9901,Goblin,2,320,8.0,out_phys,GiantSword,0,86,18.6,19,1.0,
9901,Goblin,2,320,8.0,out_phys,GS_Hero,0,96,23.6,24,1.0,
9901,Goblin,2,320,8.0,out_phys,GS_Hero_NOX,0,97,23.6,24,1.0,
9901,Goblin,2,320,8.0,out_phys,GS_Hero_NOX_Xelima7,0,97,30.6,31,1.0,
9901,Goblin,2,320,8.0,out_phys,GS_Hero_NOX_Abaddon17,0,97,40.6,41,1.0,
9901,Goblin,2,320,8.0,out_phys,GS_full_upg10,0,97,50.6,51,1.0,
9901,Goblin,2,320,8.0,in_phys,naked_PA0,0,,8,,1.0,8
9901,Goblin,2,320,8.0,in_phys,light_PA20,0,,8,,1.0,7
9901,Goblin,2,320,8.0,in_phys,heavy_PA40,0,,8,,1.0,5
9901,Goblin,2,320,8.0,in_phys,heavy_Merien5_PA45,0,,8,,1.0,5
9901,Goblin,2,320,8.0,in_phys,heavy_Merien10_PA50,0,,8,,1.0,4
9901,Goblin,2,320,8.0,in_phys,stack_PA70,0,,8,,1.0,3
9901,Goblin,2,320,8.0,in_phys,cap_PA80,0,,8,,1.0,2
9901,Goblin,2,320,8.0,out_magic,bare,50,97,69.1,70,1.529,
9901,Goblin,2,320,8.0,out_magic,MS20,50,97,69.1,70,1.529,
9901,Goblin,2,320,8.0,out_magic,MS22_HR50,50,97,69.1,70,1.529,
9901,Goblin,2,320,8.0,out_magic,MS22_HR91,50,97,69.1,70,1.529,
9901,Goblin,2,320,8.0,out_magic,ZW20,50,97,86.4,87,1.529,
9901,Goblin,2,320,8.0,out_magic,ZW20_HeroMage,50,97,91.4,92,1.529,
9901,Goblin,2,320,8.0,out_magic,bare_HeroMage,50,97,73.1,74,1.529,
9901,Goblin,2,320,8.0,out_phys,bare_hand,50,86,13.0,14,1.529,
9901,Goblin,2,320,8.0,out_phys,LongSword+2,50,86,8.7,10,1.529,
9901,Goblin,2,320,8.0,out_phys,GiantSword,50,86,18.6,20,1.529,
9901,Goblin,2,320,8.0,out_phys,GS_Hero,50,96,23.6,25,1.529,
9901,Goblin,2,320,8.0,out_phys,GS_Hero_NOX,50,97,23.6,25,1.529,
9901,Goblin,2,320,8.0,out_phys,GS_Hero_NOX_Xelima7,50,97,30.6,32,1.529,
9901,Goblin,2,320,8.0,out_phys,GS_Hero_NOX_Abaddon17,50,97,40.6,42,1.529,
9901,Goblin,2,320,8.0,out_phys,GS_full_upg10,50,97,50.6,52,1.529,
9901,Goblin,2,320,8.0,in_phys,naked_PA0,50,,8,,1.529,7
9901,Goblin,2,320,8.0,in_phys,light_PA20,50,,8,,1.529,6
9901,Goblin,2,320,8.0,in_phys,heavy_PA40,50,,8,,1.529,5
9901,Goblin,2,320,8.0,in_phys,heavy_Merien5_PA45,50,,8,,1.529,4
9901,Goblin,2,320,8.0,in_phys,heavy_Merien10_PA50,50,,8,,1.529,4
9901,Goblin,2,320,8.0,in_phys,stack_PA70,50,,8,,1.529,3
9901,Goblin,2,320,8.0,in_phys,cap_PA80,50,,8,,1.529,2
