bucket,source_platform,rank,wallet,pnl_usd_or_pump_ui,amount_hell,source_url,note
trader_pumpfun,pumpfun,1,3jWTgYPG5s7WfaRvppPBXio4hHQxg18fLUkV2z5covSQ,1785946.9039469212,72328,https://frontend-api-v3.pump.fun/pnl-leaderboard?period=monthly,pump.fun public PnL leaderboard 30d (on-site rank 4 is by net pnlUsd=1789700.3100670828; stored value is realizedPnlUsd). username=Weeshark
trader_pumpfun,pumpfun,2,21rgbFW6sujQovCw3qt6R2EdE97Yzzvk8sSc37Bb72Cm,1283587.4580841095,77742,https://frontend-api-v3.pump.fun/pnl-leaderboard?period=monthly,pump.fun public PnL leaderboard 30d (on-site rank 7 is by net pnlUsd=1120448.6537521628; stored value is realizedPnlUsd). username=hexiecs
trader_pumpfun,pumpfun,3,8deJ9xeUvXSJwicYptA9mHsU2rN2pDx37KWzkDkEXhU6,1132819.1427924484,76739,https://frontend-api-v3.pump.fun/pnl-leaderboard?period=monthly,pump.fun public PnL leaderboard 30d (on-site rank 58 is by net pnlUsd=179976.73304394973; stored value is realizedPnlUsd). username=cooker
trader_pumpfun,pumpfun,4,BQ4KBzzXXk6ZMxVQb4mePuUbJfe85MerzYj53eatzUWd,1112610.7505770207,85256,https://frontend-api-v3.pump.fun/pnl-leaderboard?period=monthly,pump.fun public PnL leaderboard 30d (on-site rank 19 is by net pnlUsd=512298.24906199006; stored value is realizedPnlUsd). username=brc20niubi
trader_pumpfun,pumpfun,5,Bmi9zf27MNN5pjCtyv2Y15TDQoYgcbcmPTxvEoQ6UwWs,702321.0583803878,82225,https://frontend-api-v3.pump.fun/pnl-leaderboard?period=monthly,pump.fun public PnL leaderboard 30d (on-site rank 3 is by net pnlUsd=2353783.519842278; stored value is realizedPnlUsd). username=Crypto_Keys
trader_pumpfun,pumpfun,6,2jgmHtkCkJXm3Xq4dp9DgippkQjXLK3rhaREAz7oG7s7,667019.8527024244,76687,https://frontend-api-v3.pump.fun/pnl-leaderboard?period=monthly,pump.fun public PnL leaderboard 30d (on-site rank 12 is by net pnlUsd=671123.1813539764; stored value is realizedPnlUsd). username=six666888eight
trader_pumpfun,pumpfun,7,J23qr98GjGJJqKq9CBEnyRhHbmkaVxtTJNNxKu597wsA,660297.0922748062,72321,https://frontend-api-v3.pump.fun/pnl-leaderboard?period=monthly,pump.fun public PnL leaderboard 30d (on-site rank 5 is by net pnlUsd=1782744.2723071575; stored value is realizedPnlUsd). username=gr3gor14n
trader_pumpfun,pumpfun,8,EeiWEJNqoGosFA7oWPEZJbm9ntf6umdTV7cWHxYDeDHb,546432.0413982257,87203,https://frontend-api-v3.pump.fun/pnl-leaderboard?period=monthly,pump.fun public PnL leaderboard 30d (on-site rank 15 is by net pnlUsd=547747.1368233655; stored value is realizedPnlUsd). username=remp
trader_pumpfun,pumpfun,9,HXpJhVrbdGvnaPh2zpex7boUGX1qiRTL5ZNhmV76pBpC,493050.6606670201,75431,https://frontend-api-v3.pump.fun/pnl-leaderboard?period=monthly,pump.fun public PnL leaderboard 30d (on-site rank 21 is by net pnlUsd=490703.1845609218; stored value is realizedPnlUsd). username=LaserDandyWing
trader_pumpfun,pumpfun,10,q1x4ZBM4suUaMB8BjsHpVH5dwyUtEnRY8QB8kzvCQ9z,457176.27064823784,77301,https://frontend-api-v3.pump.fun/pnl-leaderboard?period=monthly,pump.fun public PnL leaderboard 30d (on-site rank 29 is by net pnlUsd=391647.63785735687; stored value is realizedPnlUsd). username=deroller
trader_pumpfun,pumpfun,11,CP8EA1BnR2bnHa7BJps9c53zZwxaubrBtQCbREaZVibe,442250.3424333485,80778,https://frontend-api-v3.pump.fun/pnl-leaderboard?period=monthly,pump.fun public PnL leaderboard 30d (on-site rank 23 is by net pnlUsd=440843.3403781867; stored value is realizedPnlUsd). username=lvvpumpy
trader_pumpfun,pumpfun,12,GijFWw4oNyh9ko3FaZforNsi3jk6wDovARpkKahPD4o5,420596.74220301467,84916,https://frontend-api-v3.pump.fun/pnl-leaderboard?period=monthly,pump.fun public PnL leaderboard 30d (on-site rank 32 is by net pnlUsd=358990.9256375834; stored value is realizedPnlUsd). username=lunarfang
trader_pumpfun,pumpfun,13,4vw54BmAogeRV3vPKWyFet5yf8DTLcREzdSzx4rw9Ud9,420286.69739841705,78444,https://frontend-api-v3.pump.fun/pnl-leaderboard?period=monthly,pump.fun public PnL leaderboard 30d (on-site rank 25 is by net pnlUsd=420016.8802502416; stored value is realizedPnlUsd). username=notdecu
trader_pumpfun,pumpfun,14,4YMaKs8Xx1U1NyP1PTQe5J3kxZvE3bSCoVUEPgrkNXpb,420003.3202767308,84749,https://frontend-api-v3.pump.fun/pnl-leaderboard?period=monthly,pump.fun public PnL leaderboard 30d (on-site rank 26 is by net pnlUsd=403679.9116126343; stored value is realizedPnlUsd). username=munji
trader_pumpfun,pumpfun,15,ardinRsN1mNYVeoJWTBsWeYeXvuR9UUDGMsCDKpb6AT,393150.52697989374,78742,https://frontend-api-v3.pump.fun/pnl-leaderboard?period=monthly,pump.fun public PnL leaderboard 30d (on-site rank 27 is by net pnlUsd=395493.03572432365; stored value is realizedPnlUsd). username=trunoest
trader_pumpfun,pumpfun,16,29yFzeBZgxf5zqrAkKXwgZtQehRf4pL8WbV2nRJikbw8,392939.84895731846,81843,https://frontend-api-v3.pump.fun/pnl-leaderboard?period=monthly,pump.fun public PnL leaderboard 30d (on-site rank 28 is by net pnlUsd=393579.645558489; stored value is realizedPnlUsd). username=throatycrab1008
trader_pumpfun,pumpfun,17,7VHRg4Wi55NtnK68VRjWwhy4x1XYF846DHWnPBXwRmnv,386094.5869202918,73375,https://github.com/nirholas/kol-quest/blob/main/site/data/solwallets.json,GMGN Solana launchpad_smart snapshot captured 2026-03-09 (kol-quest interceptor); realized_profit_30d USD; txs_30d=2014
trader_pumpfun,pumpfun,18,HizZ5US8st5MHKXjeboHwGmbDa85KeM8GG1a7XJNMUrc,362654.19506417116,79825,https://frontend-api-v3.pump.fun/pnl-leaderboard?period=monthly,pump.fun public PnL leaderboard 30d (on-site rank 50 is by net pnlUsd=243230.20356388306; stored value is realizedPnlUsd). username=GemAnon
trader_pumpfun,pumpfun,19,CyaE1VxvBrahnPWkqm5VsdCvyS2QmNht2UFrKJHga54o,325061.02015478734,72332,https://frontend-api-v3.pump.fun/pnl-leaderboard?period=monthly,pump.fun public PnL leaderboard 30d (on-site rank 38 is by net pnlUsd=328886.1796846289; stored value is realizedPnlUsd). username=cented69420
trader_pumpfun,pumpfun,20,9H7nQxF1vmrr9fjcE55Y9RoTb1uhKtE7934y8Ww8oijr,317465.0882029849,74266,https://frontend-api-v3.pump.fun/pnl-leaderboard?period=monthly,pump.fun public PnL leaderboard 30d (on-site rank 37 is by net pnlUsd=332741.50191298546; stored value is realizedPnlUsd). username=yuge69
trader_pumpfun,pumpfun,21,8oEdL8WBRpE3C63FeqZ7hwSH8fjh715ZvkgmMLhDneGm,309082.5654902086,85081,https://github.com/nirholas/kol-quest/blob/main/site/data/solwallets.json,GMGN Solana launchpad_smart snapshot captured 2026-03-09 (kol-quest interceptor); realized_profit_30d USD; txs_30d=2104
trader_pumpfun,pumpfun,22,AusMtCwzrPnPoJUSHYUH9iogVwpWh2ESHC6xWU75tBDo,288852.3186969536,84168,https://frontend-api-v3.pump.fun/pnl-leaderboard?period=monthly,pump.fun public PnL leaderboard 30d (on-site rank 36 is by net pnlUsd=334526.5021824387; stored value is realizedPnlUsd). username=Uniswapvillain
trader_pumpfun,pumpfun,23,FtDwzAxJuMmLa3MDVxcGjKRwHmpNnMyCzmEwGQYX5q9J,283564.2318599227,77180,https://frontend-api-v3.pump.fun/pnl-leaderboard?period=monthly,pump.fun public PnL leaderboard 30d (on-site rank 39 is by net pnlUsd=299628.6260980083; stored value is realizedPnlUsd). username=360ng
trader_pumpfun,pumpfun,24,5CYEcx88NhdRaFw3pc5YNBXoiKa3EseD8BM7Bvs8NkaU,279684.27899004414,87971,https://frontend-api-v3.pump.fun/pnl-leaderboard?period=monthly,pump.fun public PnL leaderboard 30d (on-site rank 40 is by net pnlUsd=284705.8855646547; stored value is realizedPnlUsd). username=Loshmi
trader_pumpfun,pumpfun,25,24L6uekgvsQRgT41DZRhahEAAVnkseTT7x4qyigC3HvH,277539.6664742298,83488,https://frontend-api-v3.pump.fun/pnl-leaderboard?period=monthly,pump.fun public PnL leaderboard 30d (on-site rank 9 is by net pnlUsd=1000904.4144428198; stored value is realizedPnlUsd). username=Nexybtw
trader_pumpfun,pumpfun,26,HJanh4pRroez2icDzkNdnF889wMUYDMvKPaR8FmFsnSk,274121.15325069876,87646,https://github.com/nirholas/kol-quest/blob/main/site/data/solwallets.json,GMGN Solana launchpad_smart snapshot captured 2026-03-09 (kol-quest interceptor); realized_profit_30d USD; txs_30d=1749
trader_pumpfun,pumpfun,27,BBogREAjjhZ4URMRDXw4kcUVahXzfJiHTxL6LUsPhe4F,270400.5047830142,82464,https://github.com/nirholas/kol-quest/blob/main/site/data/solwallets.json,GMGN Solana launchpad_smart snapshot captured 2026-03-09 (kol-quest interceptor); realized_profit_30d USD; txs_30d=1827
trader_pumpfun,pumpfun,28,5jtT1P4WQVL7xRRJGtijHxkApa3fk6N5un2BJoBYj5R,265832.7600626732,74877,https://github.com/nirholas/kol-quest/blob/main/site/data/solwallets.json,GMGN Solana launchpad_smart snapshot captured 2026-03-09 (kol-quest interceptor); realized_profit_30d USD; txs_30d=2202
trader_pumpfun,pumpfun,29,215nhcAHjQQGgwpQSJQ7zR26etbjjtVdW74NLzwEgQjP,264641.0555722929,84646,https://frontend-api-v3.pump.fun/pnl-leaderboard?period=monthly,pump.fun public PnL leaderboard 30d (on-site rank 43 is by net pnlUsd=271302.4776202614; stored value is realizedPnlUsd). username=ogantd
trader_pumpfun,pumpfun,30,JBV41vYBL2b8HuBmNcCnpRoBfrLDJrUFViQFPJ2vZrWd,261567.6206707262,84524,https://github.com/nirholas/kol-quest/blob/main/site/data/solwallets.json,GMGN Solana launchpad_smart snapshot captured 2026-03-09 (kol-quest interceptor); realized_profit_30d USD; txs_30d=1769
trader_pumpfun,pumpfun,31,8ZN71XTdVo8yRovnGLmNgW3Tgniw6A4J3JGLvPD686FP,259198.07830813012,83993,https://github.com/nirholas/kol-quest/blob/main/site/data/solwallets.json,GMGN Solana launchpad_smart snapshot captured 2026-03-09 (kol-quest interceptor); realized_profit_30d USD; txs_30d=4398
trader_pumpfun,pumpfun,32,33Mduffr6xQBvERJaJBRSAG6pAcQtGq1qDdKt6MF4vBn,257171.93269265714,85436,https://frontend-api-v3.pump.fun/pnl-leaderboard?period=monthly,pump.fun public PnL leaderboard 30d (on-site rank 22 is by net pnlUsd=482879.9392796338; stored value is realizedPnlUsd). username=Contra
trader_pumpfun,pumpfun,33,E7pskdV9xCCMXtsu747tjjFEMq9Fwwnvwo6fApQWBwxP,255438.18103215814,81292,https://frontend-api-v3.pump.fun/pnl-leaderboard?period=monthly,pump.fun public PnL leaderboard 30d (on-site rank 49 is by net pnlUsd=251035.51228167862; stored value is realizedPnlUsd). username=Thepennyflippe
trader_pumpfun,pumpfun,34,5ATd36Tdq6zrtHBokC5moRs9Y5EFSNaZQ12fzRmTeNWd,252705.39099071026,84277,https://github.com/nirholas/kol-quest/blob/main/site/data/solwallets.json,GMGN Solana launchpad_smart snapshot captured 2026-03-09 (kol-quest interceptor); realized_profit_30d USD; txs_30d=2109
trader_pumpfun,pumpfun,35,AKeyAhJzwy2bfLqTDR4dJ5CR2XjFpawUpZvvFRdCX4wB,249032.37786482,77072,https://github.com/nirholas/kol-quest/blob/main/site/data/solwallets.json,GMGN Solana launchpad_smart snapshot captured 2026-03-09 (kol-quest interceptor); realized_profit_30d USD; txs_30d=1978
trader_pumpfun,pumpfun,36,B5TrL7PsRUwCTL5bVcueieht5QchTw4TWLQDKqEaxEzi,248218.22605635825,78472,https://frontend-api-v3.pump.fun/pnl-leaderboard?period=monthly,pump.fun public PnL leaderboard 30d (on-site rank 60 is by net pnlUsd=177046.58574416648; stored value is realizedPnlUsd). username=sapphy
trader_pumpfun,pumpfun,37,9gxgKRGJGEtYeHKRSp3yjFRNvn8SdfTifMSPQ257SVLn,244233.71914275526,75075,https://github.com/nirholas/kol-quest/blob/main/site/data/solwallets.json,GMGN Solana launchpad_smart snapshot captured 2026-03-09 (kol-quest interceptor); realized_profit_30d USD; txs_30d=2067
trader_pumpfun,pumpfun,38,GRWXXWeQhKQYHR3BCpkCHtDAXmTej5Cwb2tYPM6uV5WP,237957.1017838805,78442,https://frontend-api-v3.pump.fun/pnl-leaderboard?period=monthly,pump.fun public PnL leaderboard 30d (on-site rank 52 is by net pnlUsd=242351.89141339008; stored value is realizedPnlUsd). username=TheSurveillor
trader_pumpfun,pumpfun,39,22vL22PcYcoAVCwYN8iDW9VrFEYq93TCtr7a6avNVyjL,232654.72448019288,87489,https://github.com/nirholas/kol-quest/blob/main/site/data/solwallets.json,GMGN Solana launchpad_smart snapshot captured 2026-03-09 (kol-quest interceptor); realized_profit_30d USD; txs_30d=2250
trader_pumpfun,pumpfun,40,64w4qRu9VGio7U1Asc6B68QDpS8L1McmSn2yyExC6Fii,232130.88543770564,78044,https://frontend-api-v3.pump.fun/pnl-leaderboard?period=monthly,pump.fun public PnL leaderboard 30d (on-site rank 48 is by net pnlUsd=254638.50155643444; stored value is realizedPnlUsd). username=lbexplorer
trader_pumpfun,pumpfun,41,9E9xEwxxmfBy4edHySzy5kyaUjrafiWa9mKsYnA8Yaq1,232129.15968126198,76099,https://frontend-api-v3.pump.fun/pnl-leaderboard?period=monthly,pump.fun public PnL leaderboard 30d (on-site rank 51 is by net pnlUsd=242685.00704524622; stored value is realizedPnlUsd). username=tradeslop
trader_pumpfun,pumpfun,42,GUgMNi2tJcjYpDSFs2VZQpjryeWRG4Xgmi1JPDEoe1TH,230569.90892457383,75701,https://github.com/nirholas/kol-quest/blob/main/site/data/solwallets.json,GMGN Solana launchpad_smart snapshot captured 2026-03-09 (kol-quest interceptor); realized_profit_30d USD; txs_30d=2066
trader_pumpfun,pumpfun,43,uDYvqwgSxNDMKGPaMJ7JqyadEg1EhxkuCx9hbLSanHA,229182.6222558862,79645,https://frontend-api-v3.pump.fun/pnl-leaderboard?period=monthly,pump.fun public PnL leaderboard 30d (on-site rank 34 is by net pnlUsd=345931.51516398; stored value is realizedPnlUsd). username=passthedutcher
trader_pumpfun,pumpfun,44,74YxQkkVCAPk4njqfwJSE6MFKcVECgZv3S4wuynnDGrD,201800.13716787312,77517,https://frontend-api-v3.pump.fun/pnl-leaderboard?period=monthly,pump.fun public PnL leaderboard 30d (on-site rank 35 is by net pnlUsd=334708.456396032; stored value is realizedPnlUsd). username=Dawnnite
trader_pumpfun,pumpfun,45,4DdrfiDHpmx55i4SPssxVzS9ZaKLb8qr45NKY9Er9nNh,199217.66781511158,82508,https://frontend-api-v3.pump.fun/pnl-leaderboard?period=monthly,pump.fun public PnL leaderboard 30d (on-site rank 56 is by net pnlUsd=198395.00295487212; stored value is realizedPnlUsd). username=TheMisterTurtle
trader_pumpfun,pumpfun,46,9yxmCNwZcHe63NucU9yvCt7b1ja3jwP9v4T3yFMkQ1Z9,195857.29096707696,85354,https://github.com/nirholas/kol-quest/blob/main/site/data/solwallets.json,GMGN Solana launchpad_smart snapshot captured 2026-03-09 (kol-quest interceptor); realized_profit_30d USD; txs_30d=2109
trader_pumpfun,pumpfun,47,2wHHnAmdhFaAAsayWAeqKe3snK3KkbRQkRgLwTtz7iCi,190338.0717355136,75554,https://github.com/nirholas/kol-quest/blob/main/site/data/solwallets.json,GMGN Solana launchpad_smart snapshot captured 2026-03-09 (kol-quest interceptor); realized_profit_30d USD; txs_30d=2009
trader_pumpfun,pumpfun,48,8ghYW6ftL5kUemfsoA9X37rz3ZnvyMSZRAx1kt1CxpoS,188130.35273108535,81920,https://github.com/nirholas/kol-quest/blob/main/site/data/solwallets.json,GMGN Solana launchpad_smart snapshot captured 2026-03-09 (kol-quest interceptor); realized_profit_30d USD; txs_30d=3735
trader_pumpfun,pumpfun,49,BNahnx13rLru9zxuWNGBD7vVv1pGQXB11Q7qeTyupdWf,185356.60610071206,72475,https://frontend-api-v3.pump.fun/pnl-leaderboard?period=monthly,pump.fun public PnL leaderboard 30d (on-site rank 69 is by net pnlUsd=161731.5031995738; stored value is realizedPnlUsd). username=rayan
trader_pumpfun,pumpfun,50,2AqFJzcgSMQ9v7Vwh4yE7Vux8brcrjus1eg4K1zM2zUd,183335.42153010302,77972,https://github.com/nirholas/kol-quest/blob/main/site/data/solwallets.json,GMGN Solana launchpad_smart snapshot captured 2026-03-09 (kol-quest interceptor); realized_profit_30d USD; txs_30d=2065
trader_pumpfun,pumpfun,51,5FnE3q4tcDkEjRGuHgcxoBLXoZjWXDE5xEpJyneHDc9g,182867.55439905648,75439,https://frontend-api-v3.pump.fun/pnl-leaderboard?period=monthly,pump.fun public PnL leaderboard 30d (on-site rank 57 is by net pnlUsd=180727.6478961568; stored value is realizedPnlUsd). username=megz0101
trader_pumpfun,pumpfun,52,CkZqyugfNYUpCEfRTeERprSTwLPc6rcrtUNcdDZEig53,178980.98477609863,77737,https://frontend-api-v3.pump.fun/pnl-leaderboard?period=monthly,pump.fun public PnL leaderboard 30d (on-site rank 30 is by net pnlUsd=387733.8389816657; stored value is realizedPnlUsd). username=swansonbenson0
trader_pumpfun,pumpfun,53,FFdBLYqL9rs5fUT38ArE8GV2L3BziEgG5LJUu6sshfkF,178556.3700162008,78162,https://frontend-api-v3.pump.fun/pnl-leaderboard?period=monthly,pump.fun public PnL leaderboard 30d (on-site rank 59 is by net pnlUsd=179444.2642373422; stored value is realizedPnlUsd). username=alphaprophet
trader_pumpfun,pumpfun,54,FqmXjEGnLx38pd9ZxDJcEuNNZNngrvXYNPsFw8XvgTeb,177332.61841755433,83715,https://github.com/nirholas/kol-quest/blob/main/site/data/solwallets.json,GMGN Solana launchpad_smart snapshot captured 2026-03-09 (kol-quest interceptor); realized_profit_30d USD; txs_30d=940
trader_pumpfun,pumpfun,55,AMAoBmUM6LzYkRBa7GmKy6apZg5LGDakMDMPrAFsbGRo,170478.0280361542,77953,https://frontend-api-v3.pump.fun/pnl-leaderboard?period=monthly,pump.fun public PnL leaderboard 30d (on-site rank 65 is by net pnlUsd=168141.12585156213; stored value is realizedPnlUsd). username=amapump
trader_pumpfun,pumpfun,56,9djgawmgpGrzt7DQoJ6tA2YW4gQyt3yH19uVZ3e2T3JJ,164541.19785747607,87563,https://frontend-api-v3.pump.fun/pnl-leaderboard?period=monthly,pump.fun public PnL leaderboard 30d (on-site rank 14 is by net pnlUsd=601575.3847794731; stored value is realizedPnlUsd). username=retardedgains
trader_pumpfun,pumpfun,57,9Tee3dgA4agNnvVATUhakWzngwYrGzQWrxyafGGKpYi7,162520.3454112351,72034,https://github.com/nirholas/kol-quest/blob/main/site/data/solwallets.json,GMGN Solana launchpad_smart snapshot captured 2026-03-09 (kol-quest interceptor); realized_profit_30d USD; txs_30d=1315
trader_pumpfun,pumpfun,58,GeUnv1jmtviRbR7Gu1JnXSGkUMUgFVBHuEVQVpTaUX1W,161333.13539960523,75925,https://frontend-api-v3.pump.fun/pnl-leaderboard?period=monthly,pump.fun public PnL leaderboard 30d (on-site rank 70 is by net pnlUsd=161331.66837982842; stored value is realizedPnlUsd). username=Gladey
trader_pumpfun,pumpfun,59,2QrfK8gf3vBcFfuaCJbFxGk3w1JxwjamGE9aGwdQHFas,159077.62916424376,76700,https://frontend-api-v3.pump.fun/pnl-leaderboard?period=monthly,pump.fun public PnL leaderboard 30d (on-site rank 55 is by net pnlUsd=224980.44991349438; stored value is realizedPnlUsd). username=Thokani
trader_pumpfun,pumpfun,60,2fg5QD1eD7rzNNCsvnhmXFm5hqNgwTTG8p7kQ6f3rx6f,158977.02919269368,82310,https://frontend-api-v3.pump.fun/pnl-leaderboard?period=monthly,pump.fun public PnL leaderboard 30d (on-site rank 72 is by net pnlUsd=158916.31671283644; stored value is realizedPnlUsd). username=cupseyyyyy
trader_pumpfun,pumpfun,61,Fh9mFXura9qKSQppPvkTMjBeRwR6ETxfdXS79T98RwzR,158096.67229755336,86981,https://frontend-api-v3.pump.fun/pnl-leaderboard?period=monthly,pump.fun public PnL leaderboard 30d (on-site rank 67 is by net pnlUsd=163466.83066346738; stored value is realizedPnlUsd). username=ansemsdad
trader_pumpfun,pumpfun,62,BSzpGGB3AMwtW126RT3Z27STSBrVjKV5A96H4BsUKdtD,155939.90072356377,86476,https://frontend-api-v3.pump.fun/pnl-leaderboard?period=monthly,pump.fun public PnL leaderboard 30d (on-site rank 73 is by net pnlUsd=155174.5593564263; stored value is realizedPnlUsd). username=ferre
trader_pumpfun,pumpfun,63,3j5c4aD1aznxQXJ3DWw1b7UD8kKuaqXVbpaVeWPR83TG,149356.94085400642,72339,https://frontend-api-v3.pump.fun/pnl-leaderboard?period=monthly,pump.fun public PnL leaderboard 30d (on-site rank 75 is by net pnlUsd=153487.82285178712; stored value is realizedPnlUsd). username=Kaaox
trader_pumpfun,pumpfun,64,7naFFwuEJWeWwWYQUkgAWHsxYKg3KctEuUj42JdAMidP,148936.7741286086,77629,https://github.com/nirholas/kol-quest/blob/main/site/data/solwallets.json,GMGN Solana launchpad_smart snapshot captured 2026-03-09 (kol-quest interceptor); realized_profit_30d USD; txs_30d=7794
trader_pumpfun,pumpfun,65,49MHZz9c1mE1ePTcLxBWPjf7KKzt3Ntd25JnspKvV8vL,142153.9057327341,81550,https://frontend-api-v3.pump.fun/pnl-leaderboard?period=monthly,pump.fun public PnL leaderboard 30d (on-site rank 6 is by net pnlUsd=1680527.9051290837; stored value is realizedPnlUsd). username=OldManPervert
trader_pumpfun,pumpfun,66,Bi4rd5FH5bYEN8scZ7wevxNZyNmKHdaBcvewdPFxYdLt,141015.81605936404,85411,https://frontend-api-v3.pump.fun/pnl-leaderboard?period=monthly,pump.fun public PnL leaderboard 30d (on-site rank 79 is by net pnlUsd=141567.39695857905; stored value is realizedPnlUsd). username=theonomics
trader_pumpfun,pumpfun,67,Fv7ubG15npHzRTKqg8AkAwNNMLaaTgecGWt3yoTmfUWT,140559.53246383593,84629,https://frontend-api-v3.pump.fun/pnl-leaderboard?period=monthly,pump.fun public PnL leaderboard 30d (on-site rank 66 is by net pnlUsd=167406.68464767744; stored value is realizedPnlUsd). username=realgainzy
trader_pumpfun,pumpfun,68,3VUNtVtjjx5ckUojT7UocJ5fbuAJRsNUXNfTBnPte9vC,140487.7160266253,80445,https://frontend-api-v3.pump.fun/pnl-leaderboard?period=monthly,pump.fun public PnL leaderboard 30d (on-site rank 80 is by net pnlUsd=140778.27053841276; stored value is realizedPnlUsd). username=buddhaaaaa
trader_pumpfun,pumpfun,69,22ZeReo2tiCFnSX4oMb7aReRQtuGhfPbJ95sKBuf2L9c,139648.45437611995,81578,https://frontend-api-v3.pump.fun/pnl-leaderboard?period=monthly,pump.fun public PnL leaderboard 30d (on-site rank 68 is by net pnlUsd=161945.26858926954; stored value is realizedPnlUsd). username=richtardio
trader_pumpfun,pumpfun,70,AuPp4YTMTyqxYXQnHc5KUc6pUuCSsHQpBJhgnD45yqrf,138485.5160043597,73572,https://frontend-api-v3.pump.fun/pnl-leaderboard?period=monthly,pump.fun public PnL leaderboard 30d (on-site rank 76 is by net pnlUsd=147957.33402969068; stored value is realizedPnlUsd). username=daniworldwidee
trader_pumpfun,pumpfun,71,5ZuV8eqkvzYFVEKbLvGBdexL2tFv7E5BCd2HZpjqbdg,138084.5055082237,73068,https://github.com/nirholas/kol-quest/blob/main/site/data/solwallets.json,GMGN Solana launchpad_smart snapshot captured 2026-03-09 (kol-quest interceptor); realized_profit_30d USD; txs_30d=4307
trader_pumpfun,pumpfun,72,CAvvAFNRfXDWTTDqwgxb9qSyYT8fTuTXWSFwL7Jsz8vT,135307.68130637988,73478,https://frontend-api-v3.pump.fun/pnl-leaderboard?period=monthly,pump.fun public PnL leaderboard 30d (on-site rank 83 is by net pnlUsd=135292.2487031671; stored value is realizedPnlUsd). username=binaryshark2861
trader_pumpfun,pumpfun,73,EFpQWGxuoS9nxB1sX9x6LTJAvsnKxcnpZpMmz3QDGnfJ,133264.38149950837,79235,https://frontend-api-v3.pump.fun/pnl-leaderboard?period=monthly,pump.fun public PnL leaderboard 30d (on-site rank 42 is by net pnlUsd=274413.1575650682; stored value is realizedPnlUsd). username=hotdogenj0yer
trader_pumpfun,pumpfun,74,7DqJaVbnqiDjbGb3kr3kT7YXaWqDSukPC9pmVz5TdiKM,131181.63698879528,79660,https://github.com/nirholas/kol-quest/blob/main/site/data/solwallets.json,GMGN Solana launchpad_smart snapshot captured 2026-03-09 (kol-quest interceptor); realized_profit_30d USD; txs_30d=1072
trader_pumpfun,pumpfun,75,H31vEBxSJk1nQdUN11qZgZyhScyShhscKhvhZZU3dQoU,130311.51018405666,82061,https://frontend-api-v3.pump.fun/pnl-leaderboard?period=monthly,pump.fun public PnL leaderboard 30d (on-site rank 86 is by net pnlUsd=130329.37302660289; stored value is realizedPnlUsd). username=megga
trader_pumpfun,pumpfun,76,23LAQiqYP77uDchq5k4W2SPUuZ7f1du9rt7KGUkXa36V,129588.9527055375,76162,https://frontend-api-v3.pump.fun/pnl-leaderboard?period=monthly,pump.fun public PnL leaderboard 30d (on-site rank 53 is by net pnlUsd=242163.9948949409; stored value is realizedPnlUsd). username=TylerD
trader_pumpfun,pumpfun,77,9LXWa7V3AE15VfBupcx5gDts2ix3Y9NzbcKZKjkkq6hV,129346.18602185832,75904,https://frontend-api-v3.pump.fun/pnl-leaderboard?period=monthly,pump.fun public PnL leaderboard 30d (on-site rank 87 is by net pnlUsd=129582.63199766062; stored value is realizedPnlUsd). username=rikz_
trader_pumpfun,pumpfun,78,2jYJwvXCHPgRPo7MRfAgZz4VoEqCNGyCMUgwWW6aKfBB,126452.76848708492,83848,https://frontend-api-v3.pump.fun/pnl-leaderboard?period=monthly,pump.fun public PnL leaderboard 30d (on-site rank 82 is by net pnlUsd=137353.0081839393; stored value is realizedPnlUsd). username=swooshi
trader_pumpfun,pumpfun,79,FX7zZiSJTtHSwxwRN3zNEGynNYPtZG2971ApxagSqNtP,125106.79497800341,72460,https://frontend-api-v3.pump.fun/pnl-leaderboard?period=monthly,pump.fun public PnL leaderboard 30d (on-site rank 93 is by net pnlUsd=125095.67013306395; stored value is realizedPnlUsd). username=PointyChef
trader_pumpfun,pumpfun,80,95CwNd3p9TtUmNesnri1Tf5KzS58SzgDZJCDHmTiwgE2,124919.44807467253,75652,https://frontend-api-v3.pump.fun/pnl-leaderboard?period=monthly,pump.fun public PnL leaderboard 30d (on-site rank 89 is by net pnlUsd=129163.19518705326; stored value is realizedPnlUsd). username=DecentralizeDie
trader_pumpfun,pumpfun,81,BHREKFkPQgAtDs8Vb1UfLkUpjG6ScidTjHaCWFuG2AtX,124021.15644612254,81808,https://frontend-api-v3.pump.fun/pnl-leaderboard?period=monthly,pump.fun public PnL leaderboard 30d (on-site rank 85 is by net pnlUsd=130811.3983550834; stored value is realizedPnlUsd). username=Risk100x
trader_pumpfun,pumpfun,82,4EsYuWFZAt1PfNJq8Jr7monip43gNqrQ7k2Kne1npqJx,121508.82014867818,76751,https://frontend-api-v3.pump.fun/pnl-leaderboard?period=monthly,pump.fun public PnL leaderboard 30d (on-site rank 77 is by net pnlUsd=144901.60941316988; stored value is realizedPnlUsd). username=Guywhobuys
trader_pumpfun,pumpfun,83,DNsh1UfJdxmze6T6GV9QK5SoFm7HsM5TRNxVuwVgo8Zj,119236.21970043954,87194,https://frontend-api-v3.pump.fun/pnl-leaderboard?period=monthly,pump.fun public PnL leaderboard 30d (on-site rank 92 is by net pnlUsd=126580.62120670905; stored value is realizedPnlUsd). username=hashbergers
trader_pumpfun,pumpfun,84,A2XqEiR18CMSk5CQwt6gsKwCnw1Xduyn4BDLnRmWZ18s,116161.16705525131,74040,https://frontend-api-v3.pump.fun/pnl-leaderboard?period=monthly,pump.fun public PnL leaderboard 30d (on-site rank 95 is by net pnlUsd=124746.38692299211; stored value is realizedPnlUsd). username=goingmanta59770
trader_pumpfun,pumpfun,85,G29kbPokFzmVeYuZB1ihA7AmGzLjyDaECEyRMKhHiR4J,113670.70550446396,76998,https://frontend-api-v3.pump.fun/pnl-leaderboard?period=monthly,pump.fun public PnL leaderboard 30d (on-site rank 11 is by net pnlUsd=717660.2454170971; stored value is realizedPnlUsd). username=Mannerssx
trader_pumpfun,pumpfun,86,FaBGrHWjcJ8vKnbgUtsdpZjvF7YAAajtQTWmmEHiKtQr,103809.23029663057,76035,https://github.com/nirholas/kol-quest/blob/main/site/data/solwallets.json,GMGN Solana launchpad_smart snapshot captured 2026-03-09 (kol-quest interceptor); realized_profit_30d USD; txs_30d=1593
trader_pumpfun,pumpfun,87,ASv4ktNwZ8uBbUj94ACnr7Nj1sTtcYnEUZgWxkMsakA7,98270.5564852071,73968,https://frontend-api-v3.pump.fun/pnl-leaderboard?period=monthly,pump.fun public PnL leaderboard 30d (on-site rank 100 is by net pnlUsd=115763.47761833522; stored value is realizedPnlUsd). username=retardmode
trader_pumpfun,pumpfun,88,A8Z1ejQGk45EJibBPJviWnM3UvwKSuYun53nSCkWKM52,96755.60053186542,79872,https://github.com/nirholas/kol-quest/blob/main/site/data/solwallets.json,GMGN Solana launchpad_smart snapshot captured 2026-03-09 (kol-quest interceptor); realized_profit_30d USD; txs_30d=6195
trader_pumpfun,pumpfun,89,9wRuFPJZFviuHv9q4hsaxUUADDphX6oSjcMA3RuxTFRG,95389.31797181156,76204,https://github.com/nirholas/kol-quest/blob/main/site/data/solwallets.json,GMGN Solana launchpad_smart snapshot captured 2026-03-09 (kol-quest interceptor); realized_profit_30d USD; txs_30d=4016
trader_pumpfun,pumpfun,90,HEDmgZUdaGSSfmS8V8Ze7YrYtHgL7Cu9JkPUxRuB3dSE,95113.0712466354,80236,https://github.com/nirholas/kol-quest/blob/main/site/data/solwallets.json,GMGN Solana launchpad_smart snapshot captured 2026-03-09 (kol-quest interceptor); realized_profit_30d USD; txs_30d=7111
trader_pumpfun,pumpfun,91,4xWwgcjfnK4CspxSTdiXszd5JcorWFj95v2y6QtkPurB,89816.46950508057,79809,https://frontend-api-v3.pump.fun/pnl-leaderboard?period=monthly,pump.fun public PnL leaderboard 30d (on-site rank 78 is by net pnlUsd=141805.14706895628; stored value is realizedPnlUsd). username=Mptrading
trader_pumpfun,pumpfun,92,FAicXNV5FVqtfbpn4Zccs71XcfGeyxBSGbqLDyDJZjke,87673.82220245563,79046,https://github.com/nirholas/kol-quest/blob/main/site/data/solwallets.json,GMGN Solana launchpad_smart snapshot captured 2026-03-09 (kol-quest interceptor); realized_profit_30d USD; txs_30d=3264
trader_pumpfun,pumpfun,93,7kGAXsa7n1qN2FuNoJAGmzebmN9KqqLAHcwj7gvoekKk,84501.34110152123,85669,https://github.com/nirholas/kol-quest/blob/main/site/data/solwallets.json,GMGN Solana launchpad_smart snapshot captured 2026-03-09 (kol-quest interceptor); realized_profit_30d USD; txs_30d=2472
trader_pumpfun,pumpfun,94,F2uihSGitvVZ92c4R1yfvbMunBGRCDJLWiyN7VfXFtu5,83378.76746965558,82169,https://github.com/nirholas/kol-quest/blob/main/site/data/solwallets.json,GMGN Solana launchpad_smart snapshot captured 2026-03-09 (kol-quest interceptor); realized_profit_30d USD; txs_30d=5279
trader_pumpfun,pumpfun,95,AH39BneW9UeWxQysUcwogQrYFdPvJuRVZ5w4ccq9SKfL,80740.81777929736,72773,https://frontend-api-v3.pump.fun/pnl-leaderboard?period=monthly,pump.fun public PnL leaderboard 30d (on-site rank 24 is by net pnlUsd=439182.6056859387; stored value is realizedPnlUsd). username=_logjam
trader_pumpfun,pumpfun,96,8k1BPp8pCxq7RJxxBz3BUxvBjsfjhkHKnhr2WSQABGM9,78529.91345053868,86338,https://frontend-api-v3.pump.fun/pnl-leaderboard?period=weekly,pump.fun public PnL leaderboard 7d (on-site rank 4 is by net pnlUsd=230764.261617138; stored value is realizedPnlUsd). username=panic
trader_pumpfun,pumpfun,97,9g7QpJvPvMULB3n6tQMjbzbNoDDhMKpVoJJDvoECXViG,77307.48538292172,80534,https://github.com/nirholas/kol-quest/blob/main/site/data/solwallets.json,GMGN Solana launchpad_smart snapshot captured 2026-03-09 (kol-quest interceptor); realized_profit_30d USD; txs_30d=767
trader_pumpfun,pumpfun,98,CXhZnEbWmaiK8GE8uYqDyQmcGS9SANqsuLJMYSYnLmGR,75083.86892479224,83441,https://frontend-api-v3.pump.fun/pnl-leaderboard?period=monthly,pump.fun public PnL leaderboard 30d (on-site rank 94 is by net pnlUsd=124945.0432671764; stored value is realizedPnlUsd). username=CoinSmuggler
trader_pumpfun,pumpfun,99,4UwK5AE6Djdf3MfwtPGE8pFYD47MhU9fiStDVmSHJVMB,74435.91012113942,86245,https://frontend-api-v3.pump.fun/pnl-leaderboard?period=monthly,pump.fun public PnL leaderboard 30d (on-site rank 96 is by net pnlUsd=120773.07892404713; stored value is realizedPnlUsd). username=CottagePvP
trader_pumpfun,pumpfun,100,DC99qH3jXiq5pPWQd6PjjJcCxTV593s58CLPxWGpEywt,73149.71510526317,86873,https://github.com/nirholas/kol-quest/blob/main/site/data/solwallets.json,GMGN Solana launchpad_smart snapshot captured 2026-03-09 (kol-quest interceptor); realized_profit_30d USD; txs_30d=2579
trader_pumpfun,pumpfun,101,3neNZ7NxWhp5R92doeKkhoau8p7zVBtLQJzVrPXqsWEc,72975.94535965004,78451,https://frontend-api-v3.pump.fun/pnl-leaderboard?period=monthly,pump.fun public PnL leaderboard 30d (on-site rank 16 is by net pnlUsd=533758.5720938176; stored value is realizedPnlUsd). username=xSickFish
trader_pumpfun,pumpfun,102,B32QbbdDAyhvUQzjcaM5j6ZVKwjCxAwGH5Xgvb9SJqnC,72437.12277771631,84696,https://github.com/nirholas/kol-quest/blob/main/site/data/solwallets.json,GMGN Solana launchpad_smart snapshot captured 2026-03-09 (kol-quest interceptor); realized_profit_30d USD; txs_30d=3561
trader_pumpfun,pumpfun,103,8hS4RZETeCXyG4UtD6UeoZ1uzjUZmfEHJ4mq5So8zmtL,70189.78996149704,77462,https://github.com/nirholas/kol-quest/blob/main/site/data/solwallets.json,GMGN Solana launchpad_smart snapshot captured 2026-03-09 (kol-quest interceptor); realized_profit_30d USD; txs_30d=1199
trader_pumpfun,pumpfun,104,5hAgYC8TJCcEZV7LTXAzkTrm7YL29YXyQQJPCNrG84zM,69630.37317386731,75625,https://frontend-api-v3.pump.fun/pnl-leaderboard?period=weekly,pump.fun public PnL leaderboard 7d (on-site rank 17 is by net pnlUsd=102200.47068115065; stored value is realizedPnlUsd). username=schoen
trader_pumpfun,pumpfun,105,9RGjjbRdxyErozMgTzgtF2Y3fdduHNQSHT5ZbmW1jLAK,69122.73032492508,72750,https://github.com/nirholas/kol-quest/blob/main/site/data/solwallets.json,GMGN Solana launchpad_smart snapshot captured 2026-03-09 (kol-quest interceptor); realized_profit_30d USD; txs_30d=1497
trader_pumpfun,pumpfun,106,2KQKDA9RtgB8wfGMcnGsKMfFY2BkktG2ETMtRPSAzB8C,68909.08385022456,74611,https://frontend-api-v3.pump.fun/pnl-leaderboard?period=weekly,pump.fun public PnL leaderboard 7d (on-site rank 31 is by net pnlUsd=72056.448838023; stored value is realizedPnlUsd). username=abil
trader_pumpfun,pumpfun,107,9be8w7td3fXqJfgH5K8uvyeGTd3tWFZqF11u8kJCGQ4p,68554.30021988538,86562,https://github.com/nirholas/kol-quest/blob/main/site/data/solwallets.json,GMGN Solana launchpad_smart snapshot captured 2026-03-09 (kol-quest interceptor); realized_profit_30d USD; txs_30d=1315
trader_pumpfun,pumpfun,108,211XxEq6Y3d5n5KwvszAoipnydfGKn8Hj9NpLHtxN8Vz,67334.9470884643,80486,https://github.com/nirholas/kol-quest/blob/main/site/data/solwallets.json,GMGN Solana launchpad_smart snapshot captured 2026-03-09 (kol-quest interceptor); realized_profit_30d USD; txs_30d=11247
trader_pumpfun,pumpfun,109,CN8GfmA2tyr3Pxmy5sMNhaGEFhAvy8AjnWMevXSZNxFq,65771.05005860732,81928,https://github.com/nirholas/kol-quest/blob/main/site/data/solwallets.json,GMGN Solana launchpad_smart snapshot captured 2026-03-09 (kol-quest interceptor); realized_profit_30d USD; txs_30d=12996
trader_pumpfun,pumpfun,110,J1eguri6RpXj7H9hXNrt3TcTdJxenUrwzouAaKpiPQvC,63887.57208660848,77164,https://github.com/nirholas/kol-quest/blob/main/site/data/solwallets.json,GMGN Solana launchpad_smart snapshot captured 2026-03-09 (kol-quest interceptor); realized_profit_30d USD; txs_30d=5221
trader_pumpfun,pumpfun,111,AxiomJrKFZZfPTJRrVq9KSN5vSqFKBtdRNmBE6QdCLLY,63883.367037320895,86192,https://github.com/nirholas/kol-quest/blob/main/site/data/solwallets.json,GMGN Solana launchpad_smart snapshot captured 2026-03-09 (kol-quest interceptor); realized_profit_30d USD; txs_30d=11860
trader_pumpfun,pumpfun,112,DPNPVvoGdwNBY849ryx2JZzakWuWbDTfSUYr8aNfKLwA,63458.098954223526,77761,https://github.com/nirholas/kol-quest/blob/main/site/data/solwallets.json,GMGN Solana launchpad_smart snapshot captured 2026-03-09 (kol-quest interceptor); realized_profit_30d USD; txs_30d=5635
trader_pumpfun,pumpfun,113,BxQeFMpp4yfA5rNTKwq65ck18VHxUaQ83ohvX5VfCqDx,61676.12550751779,74689,https://github.com/nirholas/kol-quest/blob/main/site/data/solwallets.json,GMGN Solana launchpad_smart snapshot captured 2026-03-09 (kol-quest interceptor); realized_profit_30d USD; txs_30d=1048
trader_pumpfun,pumpfun,114,4H1NVREBvjzbyzqTUrbSgfQbvJm2Cx7mVNXBeBfDz2D7,61075.81794992808,81803,https://github.com/nirholas/kol-quest/blob/main/site/data/solwallets.json,GMGN Solana launchpad_smart snapshot captured 2026-03-09 (kol-quest interceptor); realized_profit_30d USD; txs_30d=1579
trader_pumpfun,pumpfun,115,DqnJdvEyv6feAC1v1RQVzepNVoA8HSdHETWC3H7YxtgG,60748.637864572534,86447,https://github.com/nirholas/kol-quest/blob/main/site/data/solwallets.json,GMGN Solana launchpad_smart snapshot captured 2026-03-09 (kol-quest interceptor); realized_profit_30d USD; txs_30d=5211
trader_pumpfun,pumpfun,116,4qMpTuriauYx2KMDGN3uNGcd4REjm8m1fjnwVf8aTVUH,60618.694750892224,84425,https://frontend-api-v3.pump.fun/pnl-leaderboard?period=monthly,pump.fun public PnL leaderboard 30d (on-site rank 97 is by net pnlUsd=120694.35461379381; stored value is realizedPnlUsd). username=ShooterG
trader_pumpfun,pumpfun,117,6grHaBNmf2WFuaK32PYnqddWMpbonm7dhdV1wacUpo7V,60260.557179909665,72076,https://github.com/nirholas/kol-quest/blob/main/site/data/solwallets.json,GMGN Solana launchpad_smart snapshot captured 2026-03-09 (kol-quest interceptor); realized_profit_30d USD; txs_30d=945
trader_pumpfun,pumpfun,118,HsQnUgdVVUJNTTEe5mzpQFFi55oXq4UwcjByEFb3Rd52,60032.03102918841,82646,https://frontend-api-v3.pump.fun/pnl-leaderboard?period=monthly,pump.fun public PnL leaderboard 30d (on-site rank 74 is by net pnlUsd=154742.13658817654; stored value is realizedPnlUsd). username=counter17
trader_pumpfun,pumpfun,119,F5D6ieWYaUqEanvaksvELCXFsWCZw6G2AcF5hcJ9dvyE,59490.561365149464,80471,https://frontend-api-v3.pump.fun/pnl-leaderboard?period=monthly,pump.fun public PnL leaderboard 30d (on-site rank 98 is by net pnlUsd=118319.12106024567; stored value is realizedPnlUsd). username=outdoororca8179
trader_pumpfun,pumpfun,120,B1ZMARC6qhJYJrvBJywUYdtf6hq2WBkTgvbbnGuQsQnX,58466.92639356473,76977,https://frontend-api-v3.pump.fun/pnl-leaderboard?period=weekly,pump.fun public PnL leaderboard 7d (on-site rank 41 is by net pnlUsd=58647.57431192763; stored value is realizedPnlUsd). username=lastunknown
trader_pumpfun,pumpfun,121,5RmywfYqdCuFHCM7vFfoKaobD6MZharunTMT1qQHiy93,57727.19172787035,87406,https://frontend-api-v3.pump.fun/pnl-leaderboard?period=monthly,pump.fun public PnL leaderboard 30d (on-site rank 90 is by net pnlUsd=128104.52509940814; stored value is realizedPnlUsd). username=LadyboyDestroyr
trader_pumpfun,pumpfun,122,6TbDFs2dkHETrRWVbheiC11bwg7EWLDgszsCADF1ML1b,57142.484869371845,79992,https://github.com/nirholas/kol-quest/blob/main/site/data/solwallets.json,GMGN Solana launchpad_smart snapshot captured 2026-03-09 (kol-quest interceptor); realized_profit_30d USD; txs_30d=3908
trader_pumpfun,pumpfun,123,FDWJ7wQWKHWRCBv4172uihXiYte5McEE4izGoEcwSocT,56700.64622859298,73421,https://github.com/nirholas/kol-quest/blob/main/site/data/solwallets.json,GMGN Solana launchpad_smart snapshot captured 2026-03-09 (kol-quest interceptor); realized_profit_30d USD; txs_30d=1612
trader_pumpfun,pumpfun,124,EnPjBjzy6zaufzpZ2m3Q8nPS3KpyiRxNLKtcSiMYwWCa,56281.11339463259,74460,https://frontend-api-v3.pump.fun/pnl-leaderboard?period=monthly,pump.fun public PnL leaderboard 30d (on-site rank 20 is by net pnlUsd=497669.48944864044; stored value is realizedPnlUsd). username=collectible
trader_pumpfun,pumpfun,125,DFqdZtjk7p6k88HihENe3VfwFRC7MuEm9sWgQo7tz586,55194.74674794004,82396,https://frontend-api-v3.pump.fun/pnl-leaderboard?period=monthly,pump.fun public PnL leaderboard 30d (on-site rank 62 is by net pnlUsd=173900.97727471133; stored value is realizedPnlUsd). username=zachvierr
trader_pumpfun,pumpfun,126,BCDUS718HJyVqnWH8kiCGymNNVzLAv6bSK88wx21eLRg,52099.633742019425,73349,https://github.com/nirholas/kol-quest/blob/main/site/data/solwallets.json,GMGN Solana launchpad_smart snapshot captured 2026-03-09 (kol-quest interceptor); realized_profit_30d USD; txs_30d=1543
trader_pumpfun,pumpfun,127,4BNMaUdBjUB54SKCTjBEoiEjcF3nGP5pqj3KXV4VEnCu,51941.450645782395,81580,https://github.com/nirholas/kol-quest/blob/main/site/data/solwallets.json,GMGN Solana launchpad_smart snapshot captured 2026-03-09 (kol-quest interceptor); realized_profit_30d USD; txs_30d=1711
trader_pumpfun,pumpfun,128,AXgzGEvbgaFeb1xhdXkQc5D5CehZUa89ci2F9ugQPLaA,51148.7420387713,80371,https://github.com/nirholas/kol-quest/blob/main/site/data/solwallets.json,GMGN Solana launchpad_smart snapshot captured 2026-03-09 (kol-quest interceptor); realized_profit_30d USD; txs_30d=19753
trader_pumpfun,pumpfun,129,9BKsW5UtV4dPzzdeC9M2MmGdHrA8jH1EZo5jzXkXciPP,50853.68929484759,85445,https://frontend-api-v3.pump.fun/pnl-leaderboard?period=weekly,pump.fun public PnL leaderboard 7d (on-site rank 37 is by net pnlUsd=64793.93125224835; stored value is realizedPnlUsd). username=travisbickle
trader_pumpfun,pumpfun,130,DSQeAaPEdWsqAYBG6wmQE3oxoCGTUVb8Xu2ouRmzixa6,50228.056095899505,85726,https://frontend-api-v3.pump.fun/pnl-leaderboard?period=weekly,pump.fun public PnL leaderboard 7d (on-site rank 26 is by net pnlUsd=78296.29692907502; stored value is realizedPnlUsd). username=four3two1
trader_pumpfun,pumpfun,131,HWaKJXeHTBRn9r1tQFcGSf1Z7o4iExYyrvyMTwYgseXF,48239.63041182971,85679,https://frontend-api-v3.pump.fun/pnl-leaderboard?period=weekly,pump.fun public PnL leaderboard 7d (on-site rank 40 is by net pnlUsd=60277.22965943537; stored value is realizedPnlUsd). username=s0rry
trader_pumpfun,pumpfun,132,gangJEP5geDHjPVRhDS5dTF5e6GtRvtNogMEEVs91RV,47773.35935216181,83765,https://github.com/nirholas/kol-quest/blob/main/site/data/solwallets.json,GMGN Solana launchpad_smart snapshot captured 2026-03-09 (kol-quest interceptor); realized_profit_30d USD; txs_30d=10115
trader_pumpfun,pumpfun,133,sAdNbe1cKNMDqDsa4npB3TfL62T14uAo2MsUQfLvzLT,47466.86133179523,80046,https://frontend-api-v3.pump.fun/pnl-leaderboard?period=weekly,pump.fun public PnL leaderboard 7d (on-site rank 60 is by net pnlUsd=47475.3209741278; stored value is realizedPnlUsd). username=prospering
trader_pumpfun,pumpfun,134,7EmUSAXbyXoGpqLPpurkQ97S4ovMdkbjyYPrKtJHtkqa,47433.27875565216,87820,https://github.com/nirholas/kol-quest/blob/main/site/data/solwallets.json,GMGN Solana launchpad_smart snapshot captured 2026-03-09 (kol-quest interceptor); realized_profit_30d USD; txs_30d=5400
trader_pumpfun,pumpfun,135,EBx24uAPtaS1SvHwRhKEktSgzaXdiVEyHuSVpAMVwrcD,47225.11633245556,80574,https://github.com/nirholas/kol-quest/blob/main/site/data/solwallets.json,GMGN Solana launchpad_smart snapshot captured 2026-03-09 (kol-quest interceptor); realized_profit_30d USD; txs_30d=2654
trader_pumpfun,pumpfun,136,GmmVt4Xac82u2hbhFacQpZEG2prjiVbgLSshdKS9p5Ye,44871.30651751952,76127,https://github.com/nirholas/kol-quest/blob/main/site/data/solwallets.json,GMGN Solana launchpad_smart snapshot captured 2026-03-09 (kol-quest interceptor); realized_profit_30d USD; txs_30d=5179
trader_pumpfun,pumpfun,137,pXGQ6J2ziRCvmYSLTT55FASf2jSHeCD6gju5xka31yV,43799.97615151851,86591,https://frontend-api-v3.pump.fun/pnl-leaderboard?period=weekly,pump.fun public PnL leaderboard 7d (on-site rank 66 is by net pnlUsd=43635.66514511737; stored value is realizedPnlUsd). username=daddychilllll
trader_pumpfun,pumpfun,138,5hh7UE6i2BtyCvaMMadS71wFwK88JRmtRTfXkjZ3CHvF,43698.7878376332,84752,https://frontend-api-v3.pump.fun/pnl-leaderboard?period=monthly,pump.fun public PnL leaderboard 30d (on-site rank 31 is by net pnlUsd=363660.41581524286; stored value is realizedPnlUsd). username=curb1
trader_pumpfun,pumpfun,139,5pUgxQGgX36GyV5BdsBNRAw9JxJ6Br4UVddJmJ3sumhc,43027.676389253225,85838,https://frontend-api-v3.pump.fun/pnl-leaderboard?period=weekly,pump.fun public PnL leaderboard 7d (on-site rank 67 is by net pnlUsd=42320.12646277542; stored value is realizedPnlUsd). username=jamal
trader_pumpfun,pumpfun,140,EGB6v3y5oS7Whv4KHYp8ksL2wRfqdfAF5Dbqq8kHXsZH,42006.98640133699,83144,https://frontend-api-v3.pump.fun/pnl-leaderboard?period=monthly,pump.fun public PnL leaderboard 30d (on-site rank 71 is by net pnlUsd=159152.1621053628; stored value is realizedPnlUsd). username=CyrusAbrahim
trader_pumpfun,pumpfun,141,2HcFC8Ny4nPC4jn4uBRsZTKkxQrKFh7QbgRb4QbKUbY6,41619.85460463932,76614,https://github.com/nirholas/kol-quest/blob/main/site/data/solwallets.json,GMGN Solana launchpad_smart snapshot captured 2026-03-09 (kol-quest interceptor); realized_profit_30d USD; txs_30d=5567
trader_pumpfun,pumpfun,142,CKB1XYgbEmfEE3FJev7gFwEVtoqEvmsX6GhnbuFvuN5d,41019.6949063322,74178,https://frontend-api-v3.pump.fun/pnl-leaderboard?period=weekly,pump.fun public PnL leaderboard 7d (on-site rank 69 is by net pnlUsd=41019.07439704032; stored value is realizedPnlUsd). username=Dolo
trader_pumpfun,pumpfun,143,AKy8XbgxizDq9AaAYzvwBkeo2pkU8h8NsFWoUx9kjguh,40903.08736838094,83324,https://github.com/nirholas/kol-quest/blob/main/site/data/solwallets.json,GMGN Solana launchpad_smart snapshot captured 2026-03-09 (kol-quest interceptor); realized_profit_30d USD; txs_30d=8315
trader_pumpfun,pumpfun,144,ARhYRRRsMRxcyzg1DNDkUjkpkGWUU9SCPGaZbPQJTUBo,40252.40554272081,73038,https://github.com/nirholas/kol-quest/blob/main/site/data/solwallets.json,GMGN Solana launchpad_smart snapshot captured 2026-03-09 (kol-quest interceptor); realized_profit_30d USD; txs_30d=9299
trader_pumpfun,pumpfun,145,DMy6J8XXnqg4ZnMfAAc5DNgtVmcbjtXSQidANynigkkD,39390.21379567133,81801,https://github.com/nirholas/kol-quest/blob/main/site/data/solwallets.json,GMGN Solana launchpad_smart snapshot captured 2026-03-09 (kol-quest interceptor); realized_profit_30d USD; txs_30d=8335
trader_pumpfun,pumpfun,146,2CFywHXDPjDK2iRQsb95vnjgncDUZeQKJ6MceJ4ALpdc,39313.725565985544,75220,https://frontend-api-v3.pump.fun/pnl-leaderboard?period=weekly,pump.fun public PnL leaderboard 7d (on-site rank 71 is by net pnlUsd=39379.278194318846; stored value is realizedPnlUsd). username=otsu
trader_pumpfun,pumpfun,147,49fAsUF3Nk8qbfpSrQND2sULKXanemwibYLGk5Jpn9bY,38845.78433945674,78952,https://frontend-api-v3.pump.fun/pnl-leaderboard?period=weekly,pump.fun public PnL leaderboard 7d (on-site rank 74 is by net pnlUsd=38844.0987594015; stored value is realizedPnlUsd). username=Agent69420
trader_pumpfun,pumpfun,148,41xvyT53tY5RWGw5yM1Wb8fs3YkD6chusmXprMvKs2P2,38698.66442937235,74037,https://frontend-api-v3.pump.fun/pnl-leaderboard?period=weekly,pump.fun public PnL leaderboard 7d (on-site rank 87 is by net pnlUsd=34750.23653830631; stored value is realizedPnlUsd). username=croccapital
trader_pumpfun,pumpfun,149,3JD7zrZVXfGozgaSrnn3GzAcGsHCM5ATazX8EqwJqZWY,38409.832515915805,73100,https://github.com/nirholas/kol-quest/blob/main/site/data/solwallets.json,GMGN Solana launchpad_smart snapshot captured 2026-03-09 (kol-quest interceptor); realized_profit_30d USD; txs_30d=6507
trader_pumpfun,pumpfun,150,CvhUR9GTbMFKFR6Cx24NiDgNcCncyTUGauhq9SWkBYuU,38197.74360486848,82789,https://github.com/nirholas/kol-quest/blob/main/site/data/solwallets.json,GMGN Solana launchpad_smart snapshot captured 2026-03-09 (kol-quest interceptor); realized_profit_30d USD; txs_30d=5469
trader_pumpfun,pumpfun,151,8NVkytV1CtoNBXGFtwXwh4KQdbgVcA6hFmym1gMuRHru,37750.7180693348,78505,https://github.com/nirholas/kol-quest/blob/main/site/data/solwallets.json,GMGN Solana launchpad_smart snapshot captured 2026-03-09 (kol-quest interceptor); realized_profit_30d USD; txs_30d=8007
trader_pumpfun,pumpfun,152,BBvCUAvUJgpdPub1PqGzeXSBxuj99zgGnfoEJq9k6bsM,37674.491590896934,84386,https://github.com/nirholas/kol-quest/blob/main/site/data/solwallets.json,GMGN Solana launchpad_smart snapshot captured 2026-03-09 (kol-quest interceptor); realized_profit_30d USD; txs_30d=6020
trader_pumpfun,pumpfun,153,FqamE7xrahg7FEWoByrx1o8SeyHt44rpmE6ZQfT7zrve,37658.20828027246,76534,https://frontend-api-v3.pump.fun/pnl-leaderboard?period=weekly,pump.fun public PnL leaderboard 7d (on-site rank 78 is by net pnlUsd=38068.273454887094; stored value is realizedPnlUsd). username=EustazZ
trader_pumpfun,pumpfun,154,FtJ4yajd6fPcvFdtEsAoUukcUn6nD1qhEFevSQDcauHz,36184.551253728605,76853,https://frontend-api-v3.pump.fun/pnl-leaderboard?period=weekly,pump.fun public PnL leaderboard 7d (on-site rank 30 is by net pnlUsd=73767.1318284176; stored value is realizedPnlUsd). username=cashmaxing
trader_pumpfun,pumpfun,155,BCnqsPEtA1TkgednYEebRpkmwFRJDCjMQcKZMMtEdArc,35855.27406631249,77505,https://github.com/nirholas/kol-quest/blob/main/site/data/solwallets.json,GMGN Solana launchpad_smart snapshot captured 2026-03-09 (kol-quest interceptor); realized_profit_30d USD; txs_30d=3993
trader_pumpfun,pumpfun,156,EgYa22bNrcQGRJny4rGJz8eJe5CSFKtXEqB9qPQQGN9p,35815.21857468565,74725,https://frontend-api-v3.pump.fun/pnl-leaderboard?period=weekly,pump.fun public PnL leaderboard 7d (on-site rank 81 is by net pnlUsd=35815.21867966347; stored value is realizedPnlUsd). username=Uncquant
trader_pumpfun,pumpfun,157,FdSShBiR1nBtxQzhwNMszyRdcvMVLiAeVraJLvERERZL,35584.249124061025,74928,https://frontend-api-v3.pump.fun/pnl-leaderboard?period=weekly,pump.fun public PnL leaderboard 7d (on-site rank 82 is by net pnlUsd=35651.46096640064; stored value is realizedPnlUsd). username=element69420
trader_pumpfun,pumpfun,158,8R8q7Hp4T6mjypuFRGwc1mPaiEEbBq1Ri4nmskoHq2XA,35575.27437966965,87339,https://frontend-api-v3.pump.fun/pnl-leaderboard?period=weekly,pump.fun public PnL leaderboard 7d (on-site rank 49 is by net pnlUsd=54222.310139793444; stored value is realizedPnlUsd). username=turbosealdiagon
trader_pumpfun,pumpfun,159,9iaawVBEsFG35PSwd4PahwT8fYNQe9XYuRdWm872dUqY,35342.9043026963,85210,https://github.com/nirholas/kol-quest/blob/main/site/data/solwallets.json,GMGN Solana launchpad_smart snapshot captured 2026-03-09 (kol-quest interceptor); realized_profit_30d USD; txs_30d=2110
trader_pumpfun,pumpfun,160,4GH1YzJPTX5ggpL8smF1kjbYdfUBHULvj6y5zFLahcqV,34654.202133422164,83592,https://github.com/nirholas/kol-quest/blob/main/site/data/solwallets.json,GMGN Solana launchpad_smart snapshot captured 2026-03-09 (kol-quest interceptor); realized_profit_30d USD; txs_30d=8324
trader_pumpfun,pumpfun,161,HNHYoSBUakcJog6rXRXGRBEcs4L2YvwyYJZTKqVonBtM,34366.71848711253,82990,https://frontend-api-v3.pump.fun/pnl-leaderboard?period=monthly,pump.fun public PnL leaderboard 30d (on-site rank 54 is by net pnlUsd=240009.68051937202; stored value is realizedPnlUsd). username=Painkillerbill
trader_pumpfun,pumpfun,162,DsqdUPgAtH94nYEeqmCd6DKCUEAZAc5tCtjEQQEoc8Gk,34301.90859444599,86056,https://github.com/nirholas/kol-quest/blob/main/site/data/solwallets.json,GMGN Solana launchpad_smart snapshot captured 2026-03-09 (kol-quest interceptor); realized_profit_30d USD; txs_30d=9433
trader_pumpfun,pumpfun,163,68XiYbqQedUbV1EboBhtZDtTTzX4vwUBzKB6rbUGPvHj,34270.419192544,73057,https://frontend-api-v3.pump.fun/pnl-leaderboard?period=daily,pump.fun public PnL leaderboard 24h (on-site rank 8 is by net pnlUsd=119700.5629725506; stored value is realizedPnlUsd). username=fakejoji
trader_pumpfun,pumpfun,164,6qudAN2kV8mtCcYJxb5QQ6Vr15itdHHdeVbYm99NKMhy,33963.35828390392,85056,https://frontend-api-v3.pump.fun/pnl-leaderboard?period=weekly,pump.fun public PnL leaderboard 7d (on-site rank 77 is by net pnlUsd=38659.631824558295; stored value is realizedPnlUsd). username=thedetective
trader_pumpfun,pumpfun,165,CuDe51GPh5qGsmYBJDxSsufhQQhA618uDbkaXFZ4pztL,33739.1505413275,79516,https://frontend-api-v3.pump.fun/pnl-leaderboard?period=weekly,pump.fun public PnL leaderboard 7d (on-site rank 92 is by net pnlUsd=32600.983547212192; stored value is realizedPnlUsd). username=Henrys0x
trader_pumpfun,pumpfun,166,456xjxMrRKcp5odo8B1McWiTbvTUffFi5iCV1Ky9Sft7,33548.15191918519,86554,https://github.com/nirholas/kol-quest/blob/main/site/data/solwallets.json,GMGN Solana launchpad_smart snapshot captured 2026-03-09 (kol-quest interceptor); realized_profit_30d USD; txs_30d=9221
trader_pumpfun,pumpfun,167,6EDaVsS6enYgJ81tmhEkiKFcb4HuzPUVFZeom6PHUqN3,33302.439815039,83085,https://github.com/nirholas/kol-quest/blob/main/site/data/solwallets.json,GMGN Solana launchpad_smart snapshot captured 2026-03-09 (kol-quest interceptor); realized_profit_30d USD; txs_30d=1374
trader_pumpfun,pumpfun,168,FhwFLN5EtYtuUHmetiVxNCBd1tEitFvWwQq1XyizaYMA,33234.985618283456,75107,https://frontend-api-v3.pump.fun/pnl-leaderboard?period=weekly,pump.fun public PnL leaderboard 7d (on-site rank 100 is by net pnlUsd=30986.589115576295; stored value is realizedPnlUsd). username=FaZeBlaze
trader_pumpfun,pumpfun,169,6TAXiK1fT87LrYNWd4Likpe9hkXHreLyCNvUCBVR1uVK,33211.53803893534,87614,https://github.com/nirholas/kol-quest/blob/main/site/data/solwallets.json,GMGN Solana launchpad_smart snapshot captured 2026-03-09 (kol-quest interceptor); realized_profit_30d USD; txs_30d=3510
trader_pumpfun,pumpfun,170,ASVzakePP6GNg9r95d4LPZHJDMXun6L6E4um4pu5ybJk,33006.411746814665,76690,https://github.com/nirholas/kol-quest/blob/main/site/data/solwallets.json,GMGN Solana launchpad_smart snapshot captured 2026-03-09 (kol-quest interceptor); realized_profit_30d USD; txs_30d=1747
trader_pumpfun,pumpfun,171,7p4AkPb9AQHhzmUHF2kUaHdXp2xizrUnmn7vQw9D4GXD,32444.939704620512,73380,https://github.com/nirholas/kol-quest/blob/main/site/data/solwallets.json,GMGN Solana launchpad_smart snapshot captured 2026-03-09 (kol-quest interceptor); realized_profit_30d USD; txs_30d=3062
trader_pumpfun,pumpfun,172,2uok62s66Est64acAN1go4Bstkq6tAiKd2dY2gaedoC7,32305.39781490774,86122,https://github.com/nirholas/kol-quest/blob/main/site/data/solwallets.json,GMGN Solana launchpad_smart snapshot captured 2026-03-09 (kol-quest interceptor); realized_profit_30d USD; txs_30d=1364
trader_pumpfun,pumpfun,173,2Nbr48AgAEB2t15w7shmEhcQXsfnMC8LwJftvnuXUh5U,31697.48581602623,75873,https://frontend-api-v3.pump.fun/pnl-leaderboard?period=daily,pump.fun public PnL leaderboard 24h (on-site rank 32 is by net pnlUsd=36640.19618211953; stored value is realizedPnlUsd). username=CryptoNite__
trader_pumpfun,pumpfun,174,2ce9tZ9h6oeuMpgNbGejRTCP7J7xGPkoRY3rLPvHPb9b,31607.073077885914,81813,https://frontend-api-v3.pump.fun/pnl-leaderboard?period=weekly,pump.fun public PnL leaderboard 7d (on-site rank 93 is by net pnlUsd=32340.04827028096; stored value is realizedPnlUsd). username=gibblerish
trader_pumpfun,pumpfun,175,7g5CJ754NboeY6D44MDdGwQmVX4Fvu59Q47c9ZKLPMkE,31546.046741066384,73802,https://frontend-api-v3.pump.fun/pnl-leaderboard?period=weekly,pump.fun public PnL leaderboard 7d (on-site rank 95 is by net pnlUsd=31568.370639490542; stored value is realizedPnlUsd). username=bestcook
trader_pumpfun,pumpfun,176,9fXtvqrA8CUhyhmxSK2K8HbPE3y1V5xqXRB3AXkCG66H,31518.59634310834,77275,https://github.com/nirholas/kol-quest/blob/main/site/data/solwallets.json,GMGN Solana launchpad_smart snapshot captured 2026-03-09 (kol-quest interceptor); realized_profit_30d USD; txs_30d=3457
trader_pumpfun,pumpfun,177,Hw5UKBU5k3YudnGwaykj5E8cYUidNMPuEewRRar5Xoc7,31506.359841930247,78812,https://github.com/nirholas/kol-quest/blob/main/site/data/solwallets.json,GMGN Solana launchpad_smart snapshot captured 2026-03-09 (kol-quest interceptor); realized_profit_30d USD; txs_30d=3636
trader_pumpfun,pumpfun,178,H9TMtTxBL84rqpX8uqC3TpTgM9BmE3bJDPzStFk8U1Th,31331.03872485004,77727,https://frontend-api-v3.pump.fun/pnl-leaderboard?period=daily,pump.fun public PnL leaderboard 24h (on-site rank 38 is by net pnlUsd=31440.688182638693; stored value is realizedPnlUsd). username=mrblankface
trader_pumpfun,pumpfun,179,43C9gHfJ7YgqKv5ft3hodFgumydv1nEiNHD1PuANufk5,31312.70521463908,76628,https://github.com/nirholas/kol-quest/blob/main/site/data/solwallets.json,GMGN Solana launchpad_smart snapshot captured 2026-03-09 (kol-quest interceptor); realized_profit_30d USD; txs_30d=608
trader_pumpfun,pumpfun,180,2b2N2p7xCS9ibDqxwYgXpDSTniJwwye7n93WYuzmr74s,31117.025012217404,82953,https://github.com/nirholas/kol-quest/blob/main/site/data/solwallets.json,GMGN Solana launchpad_smart snapshot captured 2026-03-09 (kol-quest interceptor); realized_profit_30d USD; txs_30d=3960
trader_pumpfun,pumpfun,181,Dwo2kj88YYhwcFJiybTjXezR9a6QjkMASz5xXD7kujXC,30556.13943623561,76592,https://github.com/nirholas/kol-quest/blob/main/site/data/solwallets.json,GMGN Solana launchpad_smart snapshot captured 2026-03-09 (kol-quest interceptor); realized_profit_30d USD; txs_30d=10282
trader_pumpfun,pumpfun,182,5LHeuffAzuCnUGtKrujYzz3SiX6SBCzSvhjLemWExniV,30296.71265630641,80417,https://github.com/nirholas/kol-quest/blob/main/site/data/solwallets.json,GMGN Solana launchpad_smart snapshot captured 2026-03-09 (kol-quest interceptor); realized_profit_30d USD; txs_30d=2738
trader_pumpfun,pumpfun,183,ALJ4P5QNyHeLEjpKGmA1eUfJHSEGQMjY8HLnDkSgjczb,29823.19193542307,84138,https://github.com/nirholas/kol-quest/blob/main/site/data/solwallets.json,GMGN Solana launchpad_smart snapshot captured 2026-03-09 (kol-quest interceptor); realized_profit_30d USD; txs_30d=936
trader_pumpfun,pumpfun,184,HWJVT35ZfpHUJV9bbX3FkUPZLugGQLTj9bSa38YxWE5P,28779.437181247085,86454,https://frontend-api-v3.pump.fun/pnl-leaderboard?period=weekly,pump.fun public PnL leaderboard 7d (on-site rank 44 is by net pnlUsd=57396.626394657826; stored value is realizedPnlUsd). username=phatnspecs
trader_pumpfun,pumpfun,185,HtbpbQuhYVUm6GhfkV2ToPQyw1LPMoYV1Se8BegsTEJb,28361.884636073617,78800,https://github.com/nirholas/kol-quest/blob/main/site/data/solwallets.json,GMGN Solana launchpad_smart snapshot captured 2026-03-09 (kol-quest interceptor); realized_profit_30d USD; txs_30d=501
trader_pumpfun,pumpfun,186,MobS6L5HhVJtxpeafDgREsweWFh53xFoUeP9pgbaDSf,28181.55167466491,79996,https://github.com/nirholas/kol-quest/blob/main/site/data/solwallets.json,GMGN Solana launchpad_smart snapshot captured 2026-03-09 (kol-quest interceptor); realized_profit_30d USD; txs_30d=3716
trader_pumpfun,pumpfun,187,CLiXvfYSJtG5SJTCWyLvXKtDag9pJiA4vSWZGgSKP19X,28043.99954297728,76497,https://github.com/nirholas/kol-quest/blob/main/site/data/solwallets.json,GMGN Solana launchpad_smart snapshot captured 2026-03-09 (kol-quest interceptor); realized_profit_30d USD; txs_30d=838
trader_pumpfun,pumpfun,188,34Kq3jEpUxjr41CCE9ot6nSgdANgvqA44hLpYwuPHTB6,26932.198261778536,73594,https://frontend-api-v3.pump.fun/mayhem/top-traders?window=7d,pump.fun Mayhem top traders 7d by realisedPnlUsd; winRate=0.2692 volumeUsd=531889.782101217
trader_pumpfun,pumpfun,189,12PPVhB8jC9pq5bfcbf9VZcptmXuvsAFyeH8VK7L93zq,26285.265197597502,80259,https://github.com/nirholas/kol-quest/blob/main/site/data/solwallets.json,GMGN Solana launchpad_smart snapshot captured 2026-03-09 (kol-quest interceptor); realized_profit_30d USD; txs_30d=3661
trader_pumpfun,pumpfun,190,FaPByELH1kQ4Ku5ApPLaq666c2xTpjazkMVDkWXxaT8e,26242.70661065228,81411,https://github.com/nirholas/kol-quest/blob/main/site/data/solwallets.json,GMGN Solana launchpad_smart snapshot captured 2026-03-09 (kol-quest interceptor); realized_profit_30d USD; txs_30d=2073
trader_pumpfun,pumpfun,191,6xX7LudE5AqnTUc8dJJfzuarkSc6WMw7qRHgQXUdWauJ,25852.784076093343,72142,https://github.com/nirholas/kol-quest/blob/main/site/data/solwallets.json,GMGN Solana launchpad_smart snapshot captured 2026-03-09 (kol-quest interceptor); realized_profit_30d USD; txs_30d=2637
trader_pumpfun,pumpfun,192,EFadfqMJRxpHF7KAU5qy5Bsukf1yyQKMg5iEJxAKaQic,25843.17863022117,85190,https://github.com/nirholas/kol-quest/blob/main/site/data/solwallets.json,GMGN Solana launchpad_smart snapshot captured 2026-03-09 (kol-quest interceptor); realized_profit_30d USD; txs_30d=464
trader_pumpfun,pumpfun,193,CXoUJHtBGnuNR6zJ3zm8nTnNzCwXxFViXh29d1kTJQmK,25760.33260900064,78564,https://github.com/nirholas/kol-quest/blob/main/site/data/solwallets.json,GMGN Solana launchpad_smart snapshot captured 2026-03-09 (kol-quest interceptor); realized_profit_30d USD; txs_30d=1420
trader_pumpfun,pumpfun,194,CDkVHiRu363Atxe9Hv1a8zgWEtZn4G1xNyuqWb9iJ5Xt,25618.19331534841,87124,https://github.com/nirholas/kol-quest/blob/main/site/data/solwallets.json,GMGN Solana launchpad_smart snapshot captured 2026-03-09 (kol-quest interceptor); realized_profit_30d USD; txs_30d=2820
trader_pumpfun,pumpfun,195,2omVC16AduiQQZn36yF5pwZtRJ7UQrtmuiriEpD5YTir,25427.064755823434,80080,https://frontend-api-v3.pump.fun/pnl-leaderboard?period=weekly,pump.fun public PnL leaderboard 7d (on-site rank 76 is by net pnlUsd=38671.48727067496; stored value is realizedPnlUsd). username=itsmigglsol
trader_pumpfun,pumpfun,196,Nsgx8SAf9jSmwqewSttpXbEKAHSPZPae2gFLfj6Yu44,25300.682474948702,82151,https://github.com/nirholas/kol-quest/blob/main/site/data/solwallets.json,GMGN Solana launchpad_smart snapshot captured 2026-03-09 (kol-quest interceptor); realized_profit_30d USD; txs_30d=3634
trader_pumpfun,pumpfun,197,8DGbkGgQewL9mx4aXzZCUChr7hBVXvPK9fYqSqc7Ajpn,25107.178099146684,85780,https://github.com/nirholas/kol-quest/blob/main/site/data/solwallets.json,GMGN Solana launchpad_smart snapshot captured 2026-03-09 (kol-quest interceptor); realized_profit_30d USD; txs_30d=4737
trader_pumpfun,pumpfun,198,5JKuCasyk9JbMrf6mRynr5XQXX9CVQQ3yv6MGDCsRJvJ,25070.056211439456,83719,https://github.com/nirholas/kol-quest/blob/main/site/data/solwallets.json,GMGN Solana launchpad_smart snapshot captured 2026-03-09 (kol-quest interceptor); realized_profit_30d USD; txs_30d=3895
trader_pumpfun,pumpfun,199,75GMVrr2xfgAeybuNg1VMHqFE3GTFJLzEHo6xC4MwUzF,25011.61022251387,76122,https://github.com/nirholas/kol-quest/blob/main/site/data/solwallets.json,GMGN Solana launchpad_smart snapshot captured 2026-03-09 (kol-quest interceptor); realized_profit_30d USD; txs_30d=1753
trader_pumpfun,pumpfun,200,GgbCFRHHAPv5i1fqt1D1buf8FPNA31oKrkZvXDyZymsT,24984.188023164777,75341,https://github.com/nirholas/kol-quest/blob/main/site/data/solwallets.json,GMGN Solana launchpad_smart snapshot captured 2026-03-09 (kol-quest interceptor); realized_profit_30d USD; txs_30d=10097
trader_pumpfun,pumpfun,201,CUq1PMDoQdiQo3j2HTkzg89yn1tPPxYEMZVKKKZhDTp5,24827.32854400862,73124,https://github.com/nirholas/kol-quest/blob/main/site/data/solwallets.json,GMGN Solana launchpad_smart snapshot captured 2026-03-09 (kol-quest interceptor); realized_profit_30d USD; txs_30d=1264
trader_pumpfun,pumpfun,202,AT6BxULgoH8Koo9PhNNLTKkhJMU8ErJ1qFVjzaX94ZnN,24794.89888145554,87407,https://github.com/nirholas/kol-quest/blob/main/site/data/solwallets.json,GMGN Solana launchpad_smart snapshot captured 2026-03-09 (kol-quest interceptor); realized_profit_30d USD; txs_30d=1601
trader_pumpfun,pumpfun,203,catK9v3gp2dd32bkUxDEst4BarwDoCL3pkFfVoVjcgi,24701.497713819765,86782,https://github.com/nirholas/kol-quest/blob/main/site/data/solwallets.json,GMGN Solana launchpad_smart snapshot captured 2026-03-09 (kol-quest interceptor); realized_profit_30d USD; txs_30d=2865
trader_pumpfun,pumpfun,204,J485YzQjuJPLYoFEYjrjxd7NAoLHTiyUU63JwK7kLxRr,24529.85869413708,87879,https://github.com/nirholas/kol-quest/blob/main/site/data/solwallets.json,GMGN Solana launchpad_smart snapshot captured 2026-03-09 (kol-quest interceptor); realized_profit_30d USD; txs_30d=3713
trader_pumpfun,pumpfun,205,FjkwfPK91zbRKNZVRBEhz99EdjF46ytW8E95djHdG4RX,24340.93483534931,78400,https://github.com/nirholas/kol-quest/blob/main/site/data/solwallets.json,GMGN Solana launchpad_smart snapshot captured 2026-03-09 (kol-quest interceptor); realized_profit_30d USD; txs_30d=1726
trader_pumpfun,pumpfun,206,69L2WTNnoERpAajxRsMudiMRSQf49GQA9JsDncdVBG6M,24105.571227411987,73077,https://frontend-api-v3.pump.fun/pnl-leaderboard?period=weekly,pump.fun public PnL leaderboard 7d (on-site rank 61 is by net pnlUsd=47363.21295250417; stored value is realizedPnlUsd). username=MojoDojoBros
trader_pumpfun,pumpfun,207,5zwN9NQei4fctQ8AfEk67PVoH1jSCSYCpfYkeamkpznj,23301.520824690288,81971,https://github.com/nirholas/kol-quest/blob/main/site/data/solwallets.json,GMGN Solana launchpad_smart snapshot captured 2026-03-09 (kol-quest interceptor); realized_profit_30d USD; txs_30d=1192
trader_pumpfun,pumpfun,208,q4fQ3ajnoZjCu2rx15zZvbt8BK3FfnCHTeFJUGPLmt1,23269.37508966291,86549,https://github.com/nirholas/kol-quest/blob/main/site/data/solwallets.json,GMGN Solana launchpad_smart snapshot captured 2026-03-09 (kol-quest interceptor); realized_profit_30d USD; txs_30d=11292
trader_pumpfun,pumpfun,209,EGoc9pvePyRBTZPpK8Er2od9UTUv6TkUW5QdBm4jccyB,23167.808455419028,74779,https://github.com/nirholas/kol-quest/blob/main/site/data/solwallets.json,GMGN Solana launchpad_smart snapshot captured 2026-03-09 (kol-quest interceptor); realized_profit_30d USD; txs_30d=511
trader_pumpfun,pumpfun,210,DNio5ketGczp2dsB3jJCm3XNsRETaAM87q3YVMPA5F9z,23167.109276747065,78606,https://github.com/nirholas/kol-quest/blob/main/site/data/solwallets.json,GMGN Solana launchpad_smart snapshot captured 2026-03-09 (kol-quest interceptor); realized_profit_30d USD; txs_30d=8399
trader_pumpfun,pumpfun,211,BSRfpjG5ei1aAWG3X92ZYE1AsGZDzuXDMdZbxXX6z4Wv,22824.602171526938,86387,https://github.com/nirholas/kol-quest/blob/main/site/data/solwallets.json,GMGN Solana launchpad_smart snapshot captured 2026-03-09 (kol-quest interceptor); realized_profit_30d USD; txs_30d=11368
trader_pumpfun,pumpfun,212,DE9pkgHPrhqk7fLybvK5nVoQFJ24LhhmjEp9o7Azdx4V,22771.199355992092,79967,https://frontend-api-v3.pump.fun/pnl-leaderboard?period=weekly,pump.fun public PnL leaderboard 7d (on-site rank 80 is by net pnlUsd=36569.004158849064; stored value is realizedPnlUsd). username=y4su0
trader_pumpfun,pumpfun,213,7RHyeNJDks7BgRV1mSvdtcqVKYow8NZTUqvjCmZA1AjS,22431.660853485897,76650,https://github.com/nirholas/kol-quest/blob/main/site/data/solwallets.json,GMGN Solana launchpad_smart snapshot captured 2026-03-09 (kol-quest interceptor); realized_profit_30d USD; txs_30d=1332
trader_pumpfun,pumpfun,214,HtQcCSsdLCK3dzEADTck3sDGhtJRk9pTd9yz6wAfTGTc,22221.38081817045,87939,https://github.com/nirholas/kol-quest/blob/main/site/data/solwallets.json,GMGN Solana launchpad_smart snapshot captured 2026-03-09 (kol-quest interceptor); realized_profit_30d USD; txs_30d=1287
trader_pumpfun,pumpfun,215,72Ynf335QktDvdFEwNHJqoYmzGQpTzmj6wfZuB4puBGT,21850.024163472845,73360,https://frontend-api-v3.pump.fun/pnl-leaderboard?period=weekly,pump.fun public PnL leaderboard 7d (on-site rank 22 is by net pnlUsd=86171.16831281499; stored value is realizedPnlUsd). username=serpintaxt
trader_pumpfun,pumpfun,216,3cvqcYniFgLv5xG1Dftb5zdYQyyenjcrfjCRG9jqf1T1,19920.946896966627,82619,https://github.com/nirholas/kol-quest/blob/main/site/data/solwallets.json,GMGN Solana launchpad_smart snapshot captured 2026-03-09 (kol-quest interceptor); realized_profit_30d USD; txs_30d=1933
trader_pumpfun,pumpfun,217,EsWPRA4dhxJ7eQmmt3Ti7J2sNk9E6y3KibCVw7DpYEpz,19731.261132632924,73933,https://frontend-api-v3.pump.fun/pnl-leaderboard?period=weekly,pump.fun public PnL leaderboard 7d (on-site rank 90 is by net pnlUsd=33528.87557327639; stored value is realizedPnlUsd). username=Wolfie_On_Sol
trader_pumpfun,pumpfun,218,9YdtQaDhsNwxSJaZ39HLCCMCVjgMNQscbd9f3UbqmFfB,19716.863485105783,78036,https://frontend-api-v3.pump.fun/mayhem/top-traders?window=7d,pump.fun Mayhem top traders 7d by realisedPnlUsd; winRate=0.2297 volumeUsd=204360.12403911413
trader_pumpfun,pumpfun,219,6P7CnmFbHB2Bs2ze6r7Jdakte4VT9TW1kDcmpwArjw7i,19536.16365232663,74468,https://github.com/nirholas/kol-quest/blob/main/site/data/solwallets.json,GMGN Solana launchpad_smart snapshot captured 2026-03-09 (kol-quest interceptor); realized_profit_30d USD; txs_30d=677
trader_pumpfun,pumpfun,220,FSAmbD6jm6SZZQadSJeC1paX3oTtAiY9hTx1UYzVoXqj,19339.120908456727,80995,https://github.com/nirholas/kol-quest/blob/main/site/data/solwallets.json,GMGN Solana launchpad_smart snapshot captured 2026-03-09 (kol-quest interceptor); realized_profit_30d USD; txs_30d=628
trader_pumpfun,pumpfun,221,6eZ5nZpgyYgjRPcJvormHFVgp6e9q5KtSBKT7kwcEmH7,18679.96657110302,72280,https://github.com/nirholas/kol-quest/blob/main/site/data/solwallets.json,GMGN Solana launchpad_smart snapshot captured 2026-03-09 (kol-quest interceptor); realized_profit_30d USD; txs_30d=429
trader_pumpfun,pumpfun,222,3kDGnCvAmUF3EjdbMkF42ocL1SStNDKxaUNPA1WpRf5z,18622.371792121565,76247,https://frontend-api-v3.pump.fun/pnl-leaderboard?period=weekly,pump.fun public PnL leaderboard 7d (on-site rank 62 is by net pnlUsd=46543.123713629255; stored value is realizedPnlUsd). username=_smokey
trader_pumpfun,pumpfun,223,67Nwfi9hgwqhxGoovT2JGLU67uxfomLwQAWncjXXzU6U,18493.303152861758,78970,https://github.com/nirholas/kol-quest/blob/main/site/data/solwallets.json,GMGN Solana launchpad_smart snapshot captured 2026-03-09 (kol-quest interceptor); realized_profit_30d USD; txs_30d=5910
trader_pumpfun,pumpfun,224,9QF9hmdrUyMzkvZBmYvHarR6rG31EitzQv3dKEQVF723,18088.698897507973,77561,https://github.com/nirholas/kol-quest/blob/main/site/data/solwallets.json,GMGN Solana launchpad_smart snapshot captured 2026-03-09 (kol-quest interceptor); realized_profit_30d USD; txs_30d=5764
trader_pumpfun,pumpfun,225,JDd3hy3gQn2V982mi1zqhNqUw1GfV2UL6g76STojCJPN,18066.350867441088,77384,https://frontend-api-v3.pump.fun/mayhem/top-traders?window=7d,pump.fun Mayhem top traders 7d by realisedPnlUsd; winRate=0.3869 volumeUsd=1298420.2599711337
trader_pumpfun,pumpfun,226,FL4j8EEMAPUjrvASnqX7VdpWZJji1LFsAxwojhpueUYt,17479.87919003854,75642,https://frontend-api-v3.pump.fun/pnl-leaderboard?period=weekly,pump.fun public PnL leaderboard 7d (on-site rank 70 is by net pnlUsd=39411.78389501322; stored value is realizedPnlUsd). username=bizzy
trader_pumpfun,pumpfun,227,EtyHwLDfAi9E24Qw41xFUW8WtQ3NxajxJA2yaaUASR5a,17474.28619504173,79051,https://frontend-api-v3.pump.fun/pnl-leaderboard?period=daily,pump.fun public PnL leaderboard 24h (on-site rank 79 is by net pnlUsd=17812.86293147555; stored value is realizedPnlUsd). username=DameWebThree
trader_pumpfun,pumpfun,228,BxMvZfRDREfLMZMaUdz9p9gHyk7QkXGZN8igqZeFniPd,16501.897251403003,87830,https://frontend-api-v3.pump.fun/pnl-leaderboard?period=monthly,pump.fun public PnL leaderboard 30d (on-site rank 88 is by net pnlUsd=129341.12777834355; stored value is realizedPnlUsd). username=akinwhale46226
trader_pumpfun,pumpfun,229,6gscYx2E71DEEJpu2LLZTkXKXPDbPatJHEmKKJjGuCPT,16366.595012401569,85219,https://github.com/nirholas/kol-quest/blob/main/site/data/solwallets.json,GMGN Solana launchpad_smart snapshot captured 2026-03-09 (kol-quest interceptor); realized_profit_30d USD; txs_30d=468
trader_pumpfun,pumpfun,230,2MbdFYTJZTLcCYpJh6HEKVy9eY2X46mrF3Y2VroAD3Xd,16280.512054201967,73564,https://github.com/nirholas/kol-quest/blob/main/site/data/solwallets.json,GMGN Solana launchpad_smart snapshot captured 2026-03-09 (kol-quest interceptor); realized_profit_30d USD; txs_30d=1172
trader_pumpfun,pumpfun,231,HVLzZzvVZq15bMEQ166pwa7wDKG12r2oew2K8yonQDJb,16066.67216297965,73879,https://github.com/nirholas/kol-quest/blob/main/site/data/solwallets.json,GMGN Solana launchpad_smart snapshot captured 2026-03-09 (kol-quest interceptor); realized_profit_30d USD; txs_30d=801
trader_pumpfun,pumpfun,232,Ef5V791gyNVznWjorST6wHDQVrDKGhKKVfrRQ1ohZEjm,15901.423311911221,80220,https://github.com/nirholas/kol-quest/blob/main/site/data/solwallets.json,GMGN Solana launchpad_smart snapshot captured 2026-03-09 (kol-quest interceptor); realized_profit_30d USD; txs_30d=6687
trader_pumpfun,pumpfun,233,4sgd7efDkAWuZWE9BYHLyXHuPu8V8DmvvZro45BN8mdm,15313.98132730425,83737,https://github.com/nirholas/kol-quest/blob/main/site/data/solwallets.json,GMGN Solana launchpad_smart snapshot captured 2026-03-09 (kol-quest interceptor); realized_profit_30d USD; txs_30d=827
trader_pumpfun,pumpfun,234,5cytp5CRc34XfbFFfoBafFRdxmAUjERgrqqfKJiy2cF5,15240.896696496924,87931,https://frontend-api-v3.pump.fun/mayhem/top-traders?window=7d,pump.fun Mayhem top traders 7d by realisedPnlUsd; winRate=0.375 volumeUsd=371318.2410156971
trader_pumpfun,pumpfun,235,3xGezFkC4hxLLa11KJ7C2HfvHukmukprrAQa29zUy1rd,15052.857037445956,77254,https://github.com/nirholas/kol-quest/blob/main/site/data/solwallets.json,GMGN Solana launchpad_smart snapshot captured 2026-03-09 (kol-quest interceptor); realized_profit_30d USD; txs_30d=5376
trader_pumpfun,pumpfun,236,85JtN9GgQGc1joV1WFvSAq59tm3DMG4ZNYnPqR1y4fKz,14674.132844012596,73806,https://github.com/nirholas/kol-quest/blob/main/site/data/solwallets.json,GMGN Solana launchpad_smart snapshot captured 2026-03-09 (kol-quest interceptor); realized_profit_30d USD; txs_30d=1184
trader_pumpfun,pumpfun,237,DKtCHXT1X3P9ZqSSRVsntxwZJNkXsdtmVtyisuQM1D9J,14526.294850476204,80434,https://github.com/nirholas/kol-quest/blob/main/site/data/solwallets.json,GMGN Solana launchpad_smart snapshot captured 2026-03-09 (kol-quest interceptor); realized_profit_30d USD; txs_30d=3672
trader_pumpfun,pumpfun,238,4UrFSCrGxgoCtCUBAEZq7ZmPK3Pczkxx7PwYnkBMi1KR,14449.973260297964,82959,https://frontend-api-v3.pump.fun/pnl-leaderboard?period=monthly,pump.fun public PnL leaderboard 30d (on-site rank 2 is by net pnlUsd=3083670.0458131875; stored value is realizedPnlUsd). username=J777Crypto
trader_pumpfun,pumpfun,239,6CpipySaXTAiUKDyyhWeCfYSMQLCiHrbCN1WvRv5s8kF,14430.12298660886,80484,https://frontend-api-v3.pump.fun/pnl-leaderboard?period=weekly,pump.fun public PnL leaderboard 7d (on-site rank 55 is by net pnlUsd=51231.968796996; stored value is realizedPnlUsd). username=ronaldcarter
trader_pumpfun,pumpfun,240,8xEb5Ty6TzM1xZqe2GPHGmP7b4dsXVRJ7FPGn36xU6er,13905.35399772666,72678,https://frontend-api-v3.pump.fun/pnl-leaderboard?period=daily,pump.fun public PnL leaderboard 24h (on-site rank 35 is by net pnlUsd=33494.13107201323; stored value is realizedPnlUsd). username=JSXAW
trader_pumpfun,pumpfun,241,8953xsCX2M5unADjuTGruB2qBjhehVLSrw7Y1kAAwMQr,13761.546068726013,73915,https://frontend-api-v3.pump.fun/pnl-leaderboard?period=weekly,pump.fun public PnL leaderboard 7d (on-site rank 99 is by net pnlUsd=31209.208952583806; stored value is realizedPnlUsd). username=Glaceon
trader_pumpfun,pumpfun,242,A8HoBuqtC95LrfNiCLMYMhgxr3oXQz3J9kbp7rudub3X,13478.90194593021,83834,https://github.com/nirholas/kol-quest/blob/main/site/data/solwallets.json,GMGN Solana launchpad_smart snapshot captured 2026-03-09 (kol-quest interceptor); realized_profit_30d USD; txs_30d=619
trader_pumpfun,pumpfun,243,BdW6BipGARwsrBc4kLzBhwWQUBuC3YchesSxSqSbVWxT,12788.877515777753,85391,https://frontend-api-v3.pump.fun/pnl-leaderboard?period=weekly,pump.fun public PnL leaderboard 7d (on-site rank 39 is by net pnlUsd=62646.23939146473; stored value is realizedPnlUsd). username=gnometoshii
trader_pumpfun,pumpfun,244,FJLKp5aWcMf2nYSoLZ3tB1bfwbrr8VqHEyU498ytb6ky,12584.340800456319,85671,https://github.com/nirholas/kol-quest/blob/main/site/data/solwallets.json,GMGN Solana launchpad_smart snapshot captured 2026-03-09 (kol-quest interceptor); realized_profit_30d USD; txs_30d=2023
trader_pumpfun,pumpfun,245,DetXn4fLxAaQdHrU9S7MB8FCZ5fnhWMMrit9XNSQvqfP,12574.19679764262,72133,https://github.com/nirholas/kol-quest/blob/main/site/data/solwallets.json,GMGN Solana launchpad_smart snapshot captured 2026-03-09 (kol-quest interceptor); realized_profit_30d USD; txs_30d=469
trader_pumpfun,pumpfun,246,82L7gxfxpyNYLLgzTuZRFjqzS7tfRmc4Qbk8mkrYyLZx,12111.202958330936,81236,https://github.com/nirholas/kol-quest/blob/main/site/data/solwallets.json,GMGN Solana launchpad_smart snapshot captured 2026-03-09 (kol-quest interceptor); realized_profit_30d USD; txs_30d=2712
trader_pumpfun,pumpfun,247,FQnELBjz8eCCAeLZYrH72Q8BEr946mF721hgs2SMb6NL,11688.41714862638,82180,https://github.com/nirholas/kol-quest/blob/main/site/data/solwallets.json,GMGN Solana launchpad_smart snapshot captured 2026-03-09 (kol-quest interceptor); realized_profit_30d USD; txs_30d=2847
trader_pumpfun,pumpfun,248,GcKPhDiVECLcrrvR7GTpoqqgLhRXYdsBP6FYEouaNzVv,11618.130367183883,76696,https://github.com/nirholas/kol-quest/blob/main/site/data/solwallets.json,GMGN Solana launchpad_smart snapshot captured 2026-03-09 (kol-quest interceptor); realized_profit_30d USD; txs_30d=1036
trader_pumpfun,pumpfun,249,5JACf5s4RFxqhKko4c4zsASrgHZi99K7qBBRv3PvtRx3,11499.131490407219,85734,https://github.com/nirholas/kol-quest/blob/main/site/data/solwallets.json,GMGN Solana launchpad_smart snapshot captured 2026-03-09 (kol-quest interceptor); realized_profit_30d USD; txs_30d=3636
trader_pumpfun,pumpfun,250,4yb93XcR5FgV2WLDCpYo3hQYDBsnheSV3rGtvP54jXvk,11347.483859980108,72999,https://frontend-api-v3.pump.fun/pnl-leaderboard?period=weekly,pump.fun public PnL leaderboard 7d (on-site rank 13 is by net pnlUsd=112327.66217499104; stored value is realizedPnlUsd). username=aki11a
trader_pumpfun,pumpfun,251,7Wku1wCWqEHt2EoXN33MMUrddAScrNrAuiRch8htd3DF,11056.757069471856,75886,https://frontend-api-v3.pump.fun/pnl-leaderboard?period=weekly,pump.fun public PnL leaderboard 7d (on-site rank 88 is by net pnlUsd=34507.36009354648; stored value is realizedPnlUsd). username=lefou_
trader_pumpfun,pumpfun,252,1eVJEETj9weYsCcSTApgUSfbquik8Cxwsk8q94VcKf2,10700.80711756606,79442,https://github.com/nirholas/kol-quest/blob/main/site/data/solwallets.json,GMGN Solana launchpad_smart snapshot captured 2026-03-09 (kol-quest interceptor); realized_profit_30d USD; txs_30d=2647
trader_pumpfun,pumpfun,253,tAg2tgyHmkGTsmq8wBSKsGvUUgoH37cxmCfRUZSXdtB,10588.56368672864,87216,https://frontend-api-v3.pump.fun/mayhem/top-traders?window=7d,pump.fun Mayhem top traders 7d by realisedPnlUsd; winRate=1 volumeUsd=36408.452500712665
trader_pumpfun,pumpfun,254,5Pr7D2d5WUM7j8fMF36DuzVDDGEHLtYsF7a6ezyzFG19,10331.23857709041,87345,https://github.com/nirholas/kol-quest/blob/main/site/data/solwallets.json,GMGN Solana launchpad_smart snapshot captured 2026-03-09 (kol-quest interceptor); realized_profit_30d USD; txs_30d=3520
trader_pumpfun,pumpfun,255,BwXDyyHxeX62ae29octS8btpZqMDi2YzjiFyJTBhxyK4,10323.944205357067,87156,https://github.com/nirholas/kol-quest/blob/main/site/data/solwallets.json,GMGN Solana launchpad_smart snapshot captured 2026-03-09 (kol-quest interceptor); realized_profit_30d USD; txs_30d=4591
trader_pumpfun,pumpfun,256,5XibRE2Ms5XaSrsAjieye3Lhs2s2cdyoH1YpDRM5EBwf,10249.115093796754,75038,https://github.com/nirholas/kol-quest/blob/main/site/data/solwallets.json,GMGN Solana launchpad_smart snapshot captured 2026-03-09 (kol-quest interceptor); realized_profit_30d USD; txs_30d=351
trader_pumpfun,pumpfun,257,8d1xm25XWhSbJws1fXFr5GNcxgRsAeTAywg26AtsuFwt,10171.340596392902,75964,https://frontend-api-v3.pump.fun/pnl-leaderboard?period=daily,pump.fun public PnL leaderboard 24h (on-site rank 81 is by net pnlUsd=17508.10035401255; stored value is realizedPnlUsd). username=bundorekt
trader_pumpfun,pumpfun,258,7QsRjSy9hiWYnEwSaWKjDcV4Zik1VJSCYt89amPsL6gB,9899.332156440492,78076,https://frontend-api-v3.pump.fun/pnl-leaderboard?period=weekly,pump.fun public PnL leaderboard 7d (on-site rank 96 is by net pnlUsd=31504.91749660786; stored value is realizedPnlUsd). username=XillzCrypto
trader_pumpfun,pumpfun,259,69v28h3M96HoS7Qr59BYKCRhHmobGkTYWjxzwNusriVJ,9815.333117734,83996,https://github.com/nirholas/kol-quest/blob/main/site/data/solwallets.json,GMGN Solana launchpad_smart snapshot captured 2026-03-09 (kol-quest interceptor); realized_profit_30d USD; txs_30d=2775
trader_pumpfun,pumpfun,260,D4dhL9p2FLAxWTGTC7KH82HKuojavoksBqixDRpLFEUJ,9570.140658949176,72251,https://frontend-api-v3.pump.fun/pnl-leaderboard?period=daily,pump.fun public PnL leaderboard 24h (on-site rank 83 is by net pnlUsd=17247.026859322337; stored value is realizedPnlUsd). username=BoomPerfectDuke
trader_pumpfun,pumpfun,261,AQ46kfYT3hW28Xg5gWHrJkzFSz1oGWBHC3FsTbqgMEco,9116.058171572779,77106,https://frontend-api-v3.pump.fun/pnl-leaderboard?period=daily,pump.fun public PnL leaderboard 24h (on-site rank 39 is by net pnlUsd=30323.591706738578; stored value is realizedPnlUsd). username=Yug1_tm
trader_pumpfun,pumpfun,262,AGqjivJr1dSv73TVUvdtqAwogzmThzvYMVXjGWg2FYLm,8916.012287628006,82996,https://github.com/nirholas/kol-quest/blob/main/site/data/solwallets.json,GMGN Solana launchpad_smart snapshot captured 2026-03-09 (kol-quest interceptor); realized_profit_30d USD; txs_30d=4683
trader_pumpfun,pumpfun,263,8nDbbXEnHLc6q6dzgwSqLEM1ZGKr1nzpdLwaxPbhArHS,8659.29331410896,87148,https://github.com/nirholas/kol-quest/blob/main/site/data/solwallets.json,GMGN Solana launchpad_smart snapshot captured 2026-03-09 (kol-quest interceptor); realized_profit_30d USD; txs_30d=626
trader_pumpfun,pumpfun,264,AVHR6Zedgq5qGPaAZYf9dfS4hHXed17NSh3t5ShNPkzA,8617.008953257027,78603,https://frontend-api-v3.pump.fun/pnl-leaderboard?period=monthly,pump.fun public PnL leaderboard 30d (on-site rank 81 is by net pnlUsd=137930.76550645736; stored value is realizedPnlUsd). username=CatoshiNakameme
trader_pumpfun,pumpfun,265,Gh4YgP7RqtPZx87y88MB4bTWY1TJ2XMLp4itqUMHR83y,8535.168883058057,80531,https://frontend-api-v3.pump.fun/pnl-leaderboard?period=monthly,pump.fun public PnL leaderboard 30d (on-site rank 61 is by net pnlUsd=173940.1692053132; stored value is realizedPnlUsd). username=yumiebb
trader_pumpfun,pumpfun,266,QzReywfw2n6UDz889wamKknT2AqcHue5hzhxfoZLNFA,8350.126663386158,75452,https://github.com/nirholas/kol-quest/blob/main/site/data/solwallets.json,GMGN Solana launchpad_smart snapshot captured 2026-03-09 (kol-quest interceptor); realized_profit_30d USD; txs_30d=4105
trader_pumpfun,pumpfun,267,13rMKjaMmjEJzvevoT5XwtivwoAzXay9dbNhdU15f5ZH,8338.411912764857,82569,https://frontend-api-v3.pump.fun/mayhem/top-traders?window=7d,pump.fun Mayhem top traders 7d by realisedPnlUsd; winRate=0.4 volumeUsd=265182.6712568613
trader_pumpfun,pumpfun,268,EcwQsghHymYvuwN2brEqEE2MYqZFAuVELuB9EpEQuXyR,8240.182538552874,84699,https://github.com/nirholas/kol-quest/blob/main/site/data/solwallets.json,GMGN Solana launchpad_smart snapshot captured 2026-03-09 (kol-quest interceptor); realized_profit_30d USD; txs_30d=3239
trader_pumpfun,pumpfun,269,C5FXTcQhn2cfWLA25rLznywy79uqnaX434QrvGtQAnuv,8198.422050166902,74320,https://frontend-api-v3.pump.fun/pnl-leaderboard?period=weekly,pump.fun public PnL leaderboard 7d (on-site rank 59 is by net pnlUsd=47596.40849905838; stored value is realizedPnlUsd). username=Orly____
trader_pumpfun,pumpfun,270,4xqG4ZFbM7MG1wEhYVkiYGqYYPXGV5KgVqqSDAmWe81x,8125.298215133634,76109,https://frontend-api-v3.pump.fun/mayhem/top-traders?window=7d,pump.fun Mayhem top traders 7d by realisedPnlUsd; winRate=0.443 volumeUsd=517366.49533057143
trader_pumpfun,pumpfun,271,BM4z8XWwCJNM7nkeLE7hjVe3sYhkaLqavLbaZxaiQ8Rm,8022.761888105878,76924,https://frontend-api-v3.pump.fun/pnl-leaderboard?period=daily,pump.fun public PnL leaderboard 24h (on-site rank 82 is by net pnlUsd=17465.165933956545; stored value is realizedPnlUsd). username=_opensecret
trader_pumpfun,pumpfun,272,CtYnpLf2o5nj3R3yV6ZtPKbm2ujRmNC5sMq1kPjmZ31K,7910.998885646814,85850,https://github.com/nirholas/kol-quest/blob/main/site/data/solwallets.json,GMGN Solana launchpad_smart snapshot captured 2026-03-09 (kol-quest interceptor); realized_profit_30d USD; txs_30d=3271
trader_pumpfun,pumpfun,273,nTFVBvHs8S1YYfaXKsHkc123uMaMEP7XGcwhfAj7hEu,7758.783635750137,72641,https://github.com/nirholas/kol-quest/blob/main/site/data/solwallets.json,GMGN Solana launchpad_smart snapshot captured 2026-03-09 (kol-quest interceptor); realized_profit_30d USD; txs_30d=3265
trader_pumpfun,pumpfun,274,Hx44ecKZzK2UqZfVSxBp6B46jLBc2KGUwp4x9bLoR9GJ,7349.085043806642,85312,https://frontend-api-v3.pump.fun/mayhem/top-traders?window=7d,pump.fun Mayhem top traders 7d by realisedPnlUsd; winRate=0.525 volumeUsd=180397.4243262788
trader_pumpfun,pumpfun,275,C7abt7Qk6giqzG3G7PuVfvPio2H4u6QiYTJiiutdnX4M,7256.636833901055,76855,https://frontend-api-v3.pump.fun/pnl-leaderboard?period=daily,pump.fun public PnL leaderboard 24h (on-site rank 76 is by net pnlUsd=18946.182596527957; stored value is realizedPnlUsd). username=rozriches
trader_pumpfun,pumpfun,276,6ATnpbwa43DtscAWjiR3uh5bEfpc4mhFpF42F5a5f68T,7123.797555740261,77160,https://frontend-api-v3.pump.fun/mayhem/top-traders?window=7d,pump.fun Mayhem top traders 7d by realisedPnlUsd; winRate=0.3723 volumeUsd=1984979.88352864
trader_pumpfun,pumpfun,277,2wrQYMcpiz9szw1sXucgHZPryRsstWTZ7FzzA8EkZ5qU,7093.399038082305,76495,https://frontend-api-v3.pump.fun/mayhem/top-traders?window=7d,pump.fun Mayhem top traders 7d by realisedPnlUsd; winRate=0.4 volumeUsd=42717.79282160131
trader_pumpfun,pumpfun,278,9pCMJVCb85p9dt7174gUouvsz8mnKBpur7kbWUkrBgER,6648.024959472643,72298,https://frontend-api-v3.pump.fun/mayhem/top-traders?window=7d,pump.fun Mayhem top traders 7d by realisedPnlUsd; winRate=0.661 volumeUsd=177510.58110595815
trader_pumpfun,pumpfun,279,Aeg9rNNqNPw6qQ2RgzBHvz25AF1fPqiVBKupd6YQNZmT,6232.708395753867,82348,https://frontend-api-v3.pump.fun/mayhem/top-traders?window=7d,pump.fun Mayhem top traders 7d by realisedPnlUsd; winRate=0.9091 volumeUsd=11215.717130368073
trader_pumpfun,pumpfun,280,BaAyxedGtC5qKRpKbhnP5d2Eh4ymCAXN5FNTq56713VG,6224.857227723322,85848,https://frontend-api-v3.pump.fun/mayhem/top-traders?window=7d,pump.fun Mayhem top traders 7d by realisedPnlUsd; winRate=0.6678 volumeUsd=161514.2828487244
trader_pumpfun,pumpfun,281,CrVW9jpbbKssWULzncQtf31rSxvzJwPe56zg2o65sjA7,5512.929445748602,82447,https://frontend-api-v3.pump.fun/mayhem/top-traders?window=7d,pump.fun Mayhem top traders 7d by realisedPnlUsd; winRate=0.4642 volumeUsd=211264.2679046493
trader_pumpfun,pumpfun,282,kurtzsJgumEfUpyNTdKNHUknsR5WbNzPCvFzzB2jb6i,4742.703107283605,78573,https://frontend-api-v3.pump.fun/mayhem/top-traders?window=7d,pump.fun Mayhem top traders 7d by realisedPnlUsd; winRate=0.5238 volumeUsd=84332.53474964807
trader_pumpfun,pumpfun,283,777xxyJENPDJkKFiZjJgfP7jAV3tVoiysXqgkn7ewFYu,4693.857644881574,87113,https://frontend-api-v3.pump.fun/mayhem/top-traders?window=7d,pump.fun Mayhem top traders 7d by realisedPnlUsd; winRate=1 volumeUsd=9373.46892000206
trader_pumpfun,pumpfun,284,9z3SYLFaRMr7M5dC7F8DbaaGkMxaCofLYm6YvEmUqPan,4599.720422568175,86870,https://frontend-api-v3.pump.fun/mayhem/top-traders?window=7d,pump.fun Mayhem top traders 7d by realisedPnlUsd; winRate=0.4118 volumeUsd=20491.095185501923
trader_pumpfun,pumpfun,285,ALiRQQjiJtfT44VcgLCur12oftvcSjnbUhZJJMPCxyi9,4234.706929922644,85722,https://frontend-api-v3.pump.fun/mayhem/top-traders?window=7d,pump.fun Mayhem top traders 7d by realisedPnlUsd; winRate=0.3864 volumeUsd=309468.07167842326
trader_pumpfun,pumpfun,286,3L8RAxLkvwkz4CgHivaVRtq19741FAdGLk5DgjRfc1fW,4234.153231912755,87584,https://github.com/nirholas/kol-quest/blob/main/site/data/kolscan-leaderboard.json,Kolscan Pump-app KOL snapshot (committed 2026-04-09); timeframe=30d profit_sol=34.7234228042439 converted at sol_usd=121.939397; name=Inquixit
trader_pumpfun,pumpfun,287,DeFG8i8zoJ3hN155nmvLq266ZVxWmNgRaTz5KQVHfe2S,4175.165342139226,84419,https://frontend-api-v3.pump.fun/mayhem/top-traders?window=7d,pump.fun Mayhem top traders 7d by realisedPnlUsd; winRate=0.5242 volumeUsd=66976.58300513824
trader_pumpfun,pumpfun,288,BGSecfpdtCSa5xLfjYkmXKtzJgaUxpdLAsCiNkbxVm8o,4159.431994760008,83189,https://frontend-api-v3.pump.fun/pnl-leaderboard?period=weekly,pump.fun public PnL leaderboard 7d (on-site rank 12 is by net pnlUsd=116643.24227864704; stored value is realizedPnlUsd). username=punter
trader_pumpfun,pumpfun,289,9cdZg6xR4c9kZiqKSzqjn4QHCXNQuC9HEWBzzMJ3mzqw,4112.944125573961,83232,https://github.com/nirholas/kol-quest/blob/main/site/data/kolscan-leaderboard.json,Kolscan Pump-app KOL snapshot (committed 2026-04-09); timeframe=30d profit_sol=33.7294117667111 converted at sol_usd=121.939397; name=Pikalosi
trader_pumpfun,pumpfun,290,2T5NgDDidkvhJQg8AHDi74uCFwgp25pYFMRZXBaCUNBH,3980.500418144721,83772,https://github.com/nirholas/kol-quest/blob/main/site/data/kolscan-leaderboard.json,Kolscan Pump-app KOL snapshot (committed 2026-04-09); timeframe=30d profit_sol=32.6432680683288 converted at sol_usd=121.939397; name=Idontpaytaxes
trader_pumpfun,pumpfun,291,2PYV6pHDEC4Bry9VMAL4FEVC3bSRsqGqSeiW9us9ibo2,3947.861708774475,75616,https://frontend-api-v3.pump.fun/pnl-leaderboard?period=daily,pump.fun public PnL leaderboard 24h (on-site rank 58 is by net pnlUsd=23909.808577447096; stored value is realizedPnlUsd). username=RisitasEngineer
trader_pumpfun,pumpfun,292,HcwFhksAgNWvXJrb1W2BdPCU8rP8vVWwJJ7EnqWNANwF,3862.5988776416475,82057,https://frontend-api-v3.pump.fun/mayhem/top-traders?window=7d,pump.fun Mayhem top traders 7d by realisedPnlUsd; winRate=0.7027 volumeUsd=79924.47532314983
trader_pumpfun,pumpfun,293,4xY9T1Q7foJzJsJ6YZDSsfp9zkzeZsXnxd45SixduMmr,3826.071232789597,74480,https://github.com/nirholas/kol-quest/blob/main/site/data/kolscan-leaderboard.json,Kolscan Pump-app KOL snapshot (committed 2026-04-09); timeframe=30d profit_sol=31.3768259717166 converted at sol_usd=121.939397; name=zeropnl
trader_pumpfun,pumpfun,294,AAPgisSsYHBE12CzrWsSDNgtMcska1hwTq1yDb418SNY,3793.3840899663082,75727,https://frontend-api-v3.pump.fun/mayhem/top-traders?window=24h,pump.fun Mayhem top traders 24h by realisedPnlUsd; winRate=0.75 volumeUsd=54227.18618495166
trader_pumpfun,pumpfun,295,8UM617a26Tpc6gJWSmH9hoCtAHUkGJGv7nJiD8vDZSfy,3765.923853598396,83292,https://frontend-api-v3.pump.fun/mayhem/top-traders?window=7d,pump.fun Mayhem top traders 7d by realisedPnlUsd; winRate=0.4 volumeUsd=183465.7351012579
trader_pumpfun,pumpfun,296,87rRdssFiTJKY4MGARa4G5vQ31hmR7MxSmhzeaJ5AAxJ,3720.6096277900006,72960,https://github.com/nirholas/kol-quest/blob/main/site/data/kolscan-leaderboard.json,Kolscan Pump-app KOL snapshot (committed 2026-04-09); timeframe=30d profit_sol=30.5119569649894 converted at sol_usd=121.939397; name=Dior
trader_pumpfun,pumpfun,297,vw14Kuv4mXsB5DvTZPemQuGXod1jAfB7MsoGCVkwtqg,3674.8449887540014,87920,https://frontend-api-v3.pump.fun/mayhem/top-traders?window=7d,pump.fun Mayhem top traders 7d by realisedPnlUsd; winRate=1 volumeUsd=3674.8449887540014
trader_pumpfun,pumpfun,298,DZV2n4hFJaaErGQ9dj2XueMPtQdgCiYQqBb6Ui3hGT2F,3655.704158268205,78244,https://frontend-api-v3.pump.fun/mayhem/top-traders?window=7d,pump.fun Mayhem top traders 7d by realisedPnlUsd; winRate=0.6667 volumeUsd=106755.87949122927
trader_pumpfun,pumpfun,299,BwrE88Qi6nYMHxPz4XMMZcHN5qWZjZ2BYHEcsQRo4waw,3615.3379962559675,73335,https://frontend-api-v3.pump.fun/mayhem/top-traders?window=7d,pump.fun Mayhem top traders 7d by realisedPnlUsd; winRate=0.5082 volumeUsd=75228.43469679849
trader_pumpfun,pumpfun,300,Ew6qBU7N34gRNgpgUwhJ3PgrtbPYpLYWLBEG5yuQTceD,3595.6017841318435,83512,https://github.com/nirholas/kol-quest/blob/main/site/data/kolscan-leaderboard.json,Kolscan Pump-app KOL snapshot (committed 2026-04-09); timeframe=30d profit_sol=29.4867932613064 converted at sol_usd=121.939397; name=👀
trader_pumpfun,pumpfun,301,EuauEoSn2KJhFbz8h5WP5sTf9FY7fcEdzXybMEA6k7o3,3577.3600618651108,87853,https://frontend-api-v3.pump.fun/mayhem/top-traders?window=7d,pump.fun Mayhem top traders 7d by realisedPnlUsd; winRate=0.4708 volumeUsd=468201.20560471184
trader_pumpfun,pumpfun,302,9qtoxCHwfjwKy2uLus3vtehGE7Xiybpf8mkM5gykdeWh,3523.146651114634,85945,https://frontend-api-v3.pump.fun/mayhem/top-traders?window=7d,pump.fun Mayhem top traders 7d by realisedPnlUsd; winRate=0.4697 volumeUsd=54455.125257787266
trader_pumpfun,pumpfun,303,J4hY1wpM6dZCzAbFndKUBZBEEG5yVRdP96zYnPu9dULb,3500.750899930051,82163,https://frontend-api-v3.pump.fun/pnl-leaderboard?period=daily,pump.fun public PnL leaderboard 24h (on-site rank 55 is by net pnlUsd=24167.867234511625; stored value is realizedPnlUsd). username=supersquidspuri
trader_pumpfun,pumpfun,304,C4eNLxxC7XLUivghMi35YUeSfvACgnvKB18115uPUqjg,3481.7481648209323,79443,https://frontend-api-v3.pump.fun/mayhem/top-traders?window=7d,pump.fun Mayhem top traders 7d by realisedPnlUsd; winRate=0.3547 volumeUsd=47307.646279095316
trader_pumpfun,pumpfun,305,CA69yCsyyTmGpi4HBE5u5udB3VVS49a5rbacCpA4Vj6q,3474.788829235123,79550,https://frontend-api-v3.pump.fun/mayhem/top-traders?window=7d,pump.fun Mayhem top traders 7d by realisedPnlUsd; winRate=0.7273 volumeUsd=10101.500356141016
trader_pumpfun,pumpfun,306,ARu4n5mFdZogZAravu7CcizaojWnS6oqka37gdLT5SZn,3374.9714666760933,86254,https://frontend-api-v3.pump.fun/mayhem/top-traders?window=7d,pump.fun Mayhem top traders 7d by realisedPnlUsd; winRate=0.5451 volumeUsd=36034.66097195349
trader_pumpfun,pumpfun,307,F5EhA1gJVTNhS43bbxQjLb8uGM5WW5kBRzNuRmF2T1db,3338.3597281265925,86390,https://frontend-api-v3.pump.fun/mayhem/top-traders?window=7d,pump.fun Mayhem top traders 7d by realisedPnlUsd; winRate=0.3455 volumeUsd=50861.309358811974
trader_pumpfun,pumpfun,308,9hwLkUCy8fqyJ7ukL5JETeZpDyiyJCboZCyaDtn3gBY6,3328.533694995061,86493,https://frontend-api-v3.pump.fun/mayhem/top-traders?window=7d,pump.fun Mayhem top traders 7d by realisedPnlUsd; winRate=0.5068 volumeUsd=72923.37111419022
trader_pumpfun,pumpfun,309,EgnY4zmqXuaqodCLW366jjd2ecki6pvmMF74MkSxMFQW,3288.167159224974,73997,https://github.com/nirholas/kol-quest/blob/main/site/data/kolscan-leaderboard.json,Kolscan Pump-app KOL snapshot (committed 2026-04-09); timeframe=30d profit_sol=26.9655849155983 converted at sol_usd=121.939397; name=Eric Cryptoman
trader_pumpfun,pumpfun,310,3P3Tr5HErnSSqmNrjGXBaACxQj3NmKfi3Efbu5FuuY7i,3216.357322544535,77469,https://frontend-api-v3.pump.fun/pnl-leaderboard?period=daily,pump.fun public PnL leaderboard 24h (on-site rank 93 is by net pnlUsd=16111.747134311834; stored value is realizedPnlUsd). username=coreyape
trader_pumpfun,pumpfun,311,4JVLwhQsv8E8tYUz4eCPyn6czr5A6MeE6vgzmyyojvCs,3202.14331428748,73488,https://frontend-api-v3.pump.fun/mayhem/top-traders?window=7d,pump.fun Mayhem top traders 7d by realisedPnlUsd; winRate=1 volumeUsd=3202.14331428748
trader_pumpfun,pumpfun,312,91sP85Ds9A4EXJ3gU3iHyLtUNJimxz8LrxRb2qhBNod9,3105.7454280899183,84767,https://github.com/nirholas/kol-quest/blob/main/site/data/kolscan-leaderboard.json,Kolscan Pump-app KOL snapshot (committed 2026-04-09); timeframe=30d profit_sol=25.4695816885202 converted at sol_usd=121.939397; name=hood
trader_pumpfun,pumpfun,313,DFihBUSKbGsLWELT6i1Wv4W85VRKp9Y1R1fWFvEQcdvF,3055.891178460788,77389,https://frontend-api-v3.pump.fun/mayhem/top-traders?window=7d,pump.fun Mayhem top traders 7d by realisedPnlUsd; winRate=0.4155 volumeUsd=113464.87783528236
trader_pumpfun,pumpfun,314,ACTbvbNm5qTLuofNRPxFPMtHAAtdH1CtzhCZatYHy831,3020.1096562871717,81058,https://frontend-api-v3.pump.fun/pnl-leaderboard?period=weekly,pump.fun public PnL leaderboard 7d (on-site rank 65 is by net pnlUsd=44447.01723965134; stored value is realizedPnlUsd). username=slidrrz
trader_pumpfun,pumpfun,315,BpmqDkGDfs1dgCq48HQM97uqLPYjWLWRz5RUZ1yFydZM,3002.3712790150253,77888,https://frontend-api-v3.pump.fun/mayhem/top-traders?window=24h,pump.fun Mayhem top traders 24h by realisedPnlUsd; winRate=0.5152 volumeUsd=11340.51420068626
trader_pumpfun,pumpfun,316,6nhskL8RVpXzWXC7mcC1UXpe3ze2p6P6og1jXVGUW88s,2962.2975121470963,74872,https://github.com/nirholas/kol-quest/blob/main/site/data/kolscan-leaderboard.json,Kolscan Pump-app KOL snapshot (committed 2026-04-09); timeframe=30d profit_sol=24.293194731589 converted at sol_usd=121.939397; name=PattyIce
trader_pumpfun,pumpfun,317,DTdHa4auX68jFtXv9wkzMYCahg295AnRuwvm6moW6meZ,2947.2341470214183,83919,https://github.com/nirholas/kol-quest/blob/main/site/data/kolscan-leaderboard.json,Kolscan Pump-app KOL snapshot (committed 2026-04-09); timeframe=30d profit_sol=24.1696631616469 converted at sol_usd=121.939397; name=sadizmed
trader_pumpfun,pumpfun,318,EoqodDDzKqEGcKBuEHtkAAzs3rM2dZtoNqpgcNkyY7Zq,2935.8951239400235,75104,https://frontend-api-v3.pump.fun/mayhem/top-traders?window=24h,pump.fun Mayhem top traders 24h by realisedPnlUsd; winRate=0.4332 volumeUsd=47924.28696991237
trader_pumpfun,pumpfun,319,EvPAeNV1zq6Qt6b6gKeGeJX8S68sm5fMooiT4WdaJ53A,2918.6258204583087,77902,https://frontend-api-v3.pump.fun/mayhem/top-traders?window=7d,pump.fun Mayhem top traders 7d by realisedPnlUsd; winRate=1 volumeUsd=2918.6258204583087
trader_pumpfun,pumpfun,320,94iQuYjVgTwGXxtM7ywfpzfLvx3gN4oQRuc9osRE2pEm,2738.8442850252463,87221,https://frontend-api-v3.pump.fun/mayhem/top-traders?window=7d,pump.fun Mayhem top traders 7d by realisedPnlUsd; winRate=0.6027 volumeUsd=59773.28349593128
trader_pumpfun,pumpfun,321,GzjFEeAF9ui1RZLTepaVyhJ4DS6PwgQF3hGQM6NwBDjk,2610.892182697409,72948,https://frontend-api-v3.pump.fun/mayhem/top-traders?window=7d,pump.fun Mayhem top traders 7d by realisedPnlUsd; winRate=0.4762 volumeUsd=37018.29308225888
trader_pumpfun,pumpfun,322,5jRjK8pqQPneT1DAqNPgpQreE2mWh8NHRe6gCiwFVt4v,2596.94863563572,86641,https://frontend-api-v3.pump.fun/mayhem/top-traders?window=7d,pump.fun Mayhem top traders 7d by realisedPnlUsd; winRate=0.109 volumeUsd=55241.0686775115
trader_pumpfun,pumpfun,323,4cXnf2z85UiZ5cyKsPMEULq1yufAtpkatmX4j4DBZqj2,2596.58935211427,85063,https://frontend-api-v3.pump.fun/mayhem/top-traders?window=7d,pump.fun Mayhem top traders 7d by realisedPnlUsd; winRate=0.1818 volumeUsd=15147.05139420154
trader_pumpfun,pumpfun,324,C6z6vj4tgTNV4FYr69eaKCMjTbBVeGRrw6fMuV8J9zv9,2592.3589691562847,85597,https://frontend-api-v3.pump.fun/mayhem/top-traders?window=7d,pump.fun Mayhem top traders 7d by realisedPnlUsd; winRate=0.4815 volumeUsd=9758.490195804887
trader_pumpfun,pumpfun,325,mmJDE8zc2BGQmTakxe3SYmZaMbEdR63rLCdDNa3qmnF,2570.481800098214,80617,https://frontend-api-v3.pump.fun/pnl-leaderboard?period=daily,pump.fun public PnL leaderboard 24h (on-site rank 50 is by net pnlUsd=26476.604466067347; stored value is realizedPnlUsd). username=mmjde8
trader_pumpfun,pumpfun,326,D9N3W6QRofmishmMcfaek5ezkTM5yrLLznePitcYSp4o,2564.2373185897995,84514,https://frontend-api-v3.pump.fun/mayhem/top-traders?window=7d,pump.fun Mayhem top traders 7d by realisedPnlUsd; winRate=0.1667 volumeUsd=2893.7607369199804
trader_pumpfun,pumpfun,327,36GKXn488WeLvNnToMuGouyuHV7PnjHemi5TkPYypnXo,2534.2830727716287,73640,https://frontend-api-v3.pump.fun/mayhem/top-traders?window=7d,pump.fun Mayhem top traders 7d by realisedPnlUsd; winRate=0.397 volumeUsd=70640.03678122655
trader_pumpfun,pumpfun,328,F7T9ECCQNVRR8HLsJjwxxF3ohAiR9zL3kiHtWFbSxZb7,2490.993277296165,82432,https://frontend-api-v3.pump.fun/pnl-leaderboard?period=weekly,pump.fun public PnL leaderboard 7d (on-site rank 91 is by net pnlUsd=33065.8551347811; stored value is realizedPnlUsd). username=binopharos
trader_pumpfun,pumpfun,329,AkefHZVkGeRyczf4QaJzPJV26VMAZ11GC4VniNMYcEVF,2480.3795565755468,72401,https://frontend-api-v3.pump.fun/mayhem/top-traders?window=7d,pump.fun Mayhem top traders 7d by realisedPnlUsd; winRate=0.6 volumeUsd=46788.536598047795
trader_pumpfun,pumpfun,330,5o786j42vqZuVG3Q6aQts98aUZqhpZ2P3qVMkBfyj6zm,2455.4415479764743,81785,https://frontend-api-v3.pump.fun/mayhem/top-traders?window=7d,pump.fun Mayhem top traders 7d by realisedPnlUsd; winRate=0.1429 volumeUsd=6127.259857854466
trader_pumpfun,pumpfun,331,B9h6X9WQ5d9j2YzeJXt929sW5Lhq5vGHTSrrN9e6q6aS,2381.3846421800813,83610,https://frontend-api-v3.pump.fun/mayhem/top-traders?window=7d,pump.fun Mayhem top traders 7d by realisedPnlUsd; winRate=0.3556 volumeUsd=68738.01969794855
trader_pumpfun,pumpfun,332,E5sWSJLAE5NPEjGknGuz382JPMoJA5Fbz2QssCeRY4rq,2299.99277998308,75187,https://frontend-api-v3.pump.fun/mayhem/top-traders?window=7d,pump.fun Mayhem top traders 7d by realisedPnlUsd; winRate=1 volumeUsd=2299.99277998308
trader_pumpfun,pumpfun,333,FwjYcbfktK8PC2bzCrqxR6QkUPxmHFbcFGNrz3YAV7ft,2093.223162176842,73318,https://github.com/nirholas/kol-quest/blob/main/site/data/kolscan-leaderboard.json,Kolscan Pump-app KOL snapshot (committed 2026-04-09); timeframe=30d profit_sol=17.1660941167848 converted at sol_usd=121.939397; name=Paper
trader_pumpfun,pumpfun,334,9Vk7pkBZ9KFJmzaPzNYjGedyz8qoKMQtnYyYi2AehNMT,2071.312340826515,84254,https://github.com/nirholas/kol-quest/blob/main/site/data/kolscan-leaderboard.json,Kolscan Pump-app KOL snapshot (committed 2026-04-09); timeframe=30d profit_sol=16.9864079618291 converted at sol_usd=121.939397; name=Xelf
trader_pumpfun,pumpfun,335,6Xu7sCDy5pGvwhVwi97Sea67U6W4szseokNEzfcW6GDV,2028.0663905014787,83200,https://frontend-api-v3.pump.fun/mayhem/top-traders?window=24h,pump.fun Mayhem top traders 24h by realisedPnlUsd; winRate=1 volumeUsd=2028.0663905014787
trader_pumpfun,pumpfun,336,J331AkJ63VUnxKoFHvGBpUeSyR72WCZqaYynXqj8va3R,1978.4387536003157,84834,https://frontend-api-v3.pump.fun/mayhem/top-traders?window=24h,pump.fun Mayhem top traders 24h by realisedPnlUsd; winRate=1 volumeUsd=1978.4387536003157
trader_pumpfun,pumpfun,337,DKwQ4jHa6gdKxGzcB44iwTfs6WGBBGw35s1sY8ysxAX3,1853.2039889751888,86879,https://frontend-api-v3.pump.fun/mayhem/top-traders?window=24h,pump.fun Mayhem top traders 24h by realisedPnlUsd; winRate=1 volumeUsd=1853.2039889751888
trader_pumpfun,pumpfun,338,98z74dZMGgNSd6nojCxqksMCP72Mb98Z3xA9WbLfCH7Y,1815.4640414538458,83558,https://frontend-api-v3.pump.fun/mayhem/top-traders?window=24h,pump.fun Mayhem top traders 24h by realisedPnlUsd; winRate=1 volumeUsd=1815.4640414538458
trader_pumpfun,pumpfun,339,3bzaJd5yZG73EVDz8xosQb7gfZm2LN5auFGh6wnP1n1f,1720.1310884121815,78099,https://frontend-api-v3.pump.fun/pnl-leaderboard?period=weekly,pump.fun public PnL leaderboard 7d (on-site rank 52 is by net pnlUsd=52062.86880942889; stored value is realizedPnlUsd). username=MattFws
trader_pumpfun,pumpfun,340,Gv8YFCU9WESGpN6fcGKG9nirqcyF9wVZAqnQ1DjrsfcE,1686.1610994916632,83364,https://github.com/nirholas/kol-quest/blob/main/site/data/kolscan-leaderboard.json,Kolscan Pump-app KOL snapshot (committed 2026-04-09); timeframe=30d profit_sol=13.8278615739347 converted at sol_usd=121.939397; name=Lectron
trader_pumpfun,pumpfun,341,FTg1gqW7vPm4kdU1LPM7JJnizbgPdRDy2PitKw6mY27j,1676.4950108922558,79253,https://github.com/nirholas/kol-quest/blob/main/site/data/kolscan-leaderboard.json,Kolscan Pump-app KOL snapshot (committed 2026-04-09); timeframe=30d profit_sol=13.748591962535 converted at sol_usd=121.939397; name=7
trader_pumpfun,pumpfun,342,5BPNwtDn64fZQVugM2TJPLgTvShyzNKCMe7QBvwwHg9h,1648.1716604412334,85581,https://frontend-api-v3.pump.fun/mayhem/top-traders?window=24h,pump.fun Mayhem top traders 24h by realisedPnlUsd; winRate=1 volumeUsd=1648.1716604412334
trader_pumpfun,pumpfun,343,3ZEjXEyDGyNvmTBSNsXQrcttVrqQRHiNe5BMK4YVaxwQ,1624.7652647702275,85314,https://frontend-api-v3.pump.fun/mayhem/top-traders?window=24h,pump.fun Mayhem top traders 24h by realisedPnlUsd; winRate=1 volumeUsd=1624.7652647702275
trader_pumpfun,pumpfun,344,64ymeD9XTAkNJgHtXgrG6JCNZmBC9fSVcmgkL54pFikE,1621.393101405844,83047,https://github.com/nirholas/kol-quest/blob/main/site/data/kolscan-leaderboard.json,Kolscan Pump-app KOL snapshot (committed 2026-04-09); timeframe=30d profit_sol=13.2967124967667 converted at sol_usd=121.939397; name=Phineas.SOL
trader_pumpfun,pumpfun,345,FJoyRPMzTdUPQE2JDs7bRBb7BfHhfWamFMzS4LPyECKk,1591.521789768289,75353,https://frontend-api-v3.pump.fun/mayhem/top-traders?window=24h,pump.fun Mayhem top traders 24h by realisedPnlUsd; winRate=1 volumeUsd=1591.521789768289
trader_pumpfun,pumpfun,346,5LgsMBSnCjC46S2WQwqiE4Ne59BZZp6HAntsqKQDedTJ,1542.1343537859686,73202,https://frontend-api-v3.pump.fun/pnl-leaderboard?period=daily,pump.fun public PnL leaderboard 24h (on-site rank 92 is by net pnlUsd=16170.348919976492; stored value is realizedPnlUsd). username=senoxe
trader_pumpfun,pumpfun,347,3BEZBkBx8XjQgLJ46UMNvcRbXaPvZqPWR46Qnh5ZQszv,1440.3747294048046,75954,https://frontend-api-v3.pump.fun/pnl-leaderboard?period=daily,pump.fun public PnL leaderboard 24h (on-site rank 90 is by net pnlUsd=16326.723913660575; stored value is realizedPnlUsd). username=1sonick1
trader_pumpfun,pumpfun,348,9yygWoHs9K9FhUPEo26adHREw4MFaF5aE2haEooc2acm,1432.3229638388943,75184,https://frontend-api-v3.pump.fun/mayhem/top-traders?window=24h,pump.fun Mayhem top traders 24h by realisedPnlUsd; winRate=1 volumeUsd=1432.3229638388943
trader_pumpfun,pumpfun,349,6mczNS4tb3Wyfk51xtZBkmjVF7JrruLEy5NVWLkHgbPs,1413.8973476290357,74183,https://frontend-api-v3.pump.fun/mayhem/top-traders?window=24h,pump.fun Mayhem top traders 24h by realisedPnlUsd; winRate=1 volumeUsd=1413.8973476290357
trader_pumpfun,pumpfun,350,7Gi4H4wugm2n3rRWa6BijsQPJV7sMardawTi2tXDL9zM,1395.5917339126981,76999,https://github.com/nirholas/kol-quest/blob/main/site/data/kolscan-leaderboard.json,Kolscan Pump-app KOL snapshot (committed 2026-04-09); timeframe=30d profit_sol=11.444961763197 converted at sol_usd=121.939397; name=Ricco 🥀
trader_pumpfun,pumpfun,351,EEFSGqU6DxKdnfyNbjeNEDqfXTDS9WqMGZv95fCuiPS4,1377.9801228010224,81116,https://frontend-api-v3.pump.fun/mayhem/top-traders?window=24h,pump.fun Mayhem top traders 24h by realisedPnlUsd; winRate=1 volumeUsd=1377.9801228010224
trader_pumpfun,pumpfun,352,13TYLRoYphHt5p78RyDCNP3gi98fkPESzu1PMtkHpnGk,1377.319785391968,85987,https://frontend-api-v3.pump.fun/mayhem/top-traders?window=24h,pump.fun Mayhem top traders 24h by realisedPnlUsd; winRate=1 volumeUsd=1377.319785391968
trader_pumpfun,pumpfun,353,951wq3qDowjKHaycrNaiRB5WpovYVKXnqhnrcKPh46zt,1364.955234478081,73034,https://github.com/nirholas/kol-quest/blob/main/site/data/kolscan-leaderboard.json,Kolscan Pump-app KOL snapshot (committed 2026-04-09); timeframe=30d profit_sol=11.1937181107254 converted at sol_usd=121.939397; name=lyftical
trader_pumpfun,pumpfun,354,2kv8X2a9bxnBM8NKLc6BBTX2z13GFNRL4oRotMUJRva9,1349.1440651217433,72204,https://github.com/nirholas/kol-quest/blob/main/site/data/kolscan-leaderboard.json,Kolscan Pump-app KOL snapshot (committed 2026-04-09); timeframe=30d profit_sol=11.0640539515609 converted at sol_usd=121.939397; name=Gh0stee
trader_pumpfun,pumpfun,355,3daRxQXYPYVC12pn2MxvzkuqprV4yMG18qLc7TqDEgJ7,1339.9097188867138,79990,https://frontend-api-v3.pump.fun/mayhem/top-traders?window=24h,pump.fun Mayhem top traders 24h by realisedPnlUsd; winRate=1 volumeUsd=1339.9097188867138
trader_pumpfun,pumpfun,356,DrEsuS2NgEPF6UzgFiQqSk8VeXPh1GALxQPYYkrXMN31,1319.068474368363,78485,https://frontend-api-v3.pump.fun/mayhem/top-traders?window=24h,pump.fun Mayhem top traders 24h by realisedPnlUsd; winRate=1 volumeUsd=1319.068474368363
trader_pumpfun,pumpfun,357,FEGu1issUaiWS7NhSNLwDYRudBSSUHaBenHF14qStv4W,1274.4870759122048,72047,https://github.com/nirholas/kol-quest/blob/main/site/data/kolscan-leaderboard.json,Kolscan Pump-app KOL snapshot (committed 2026-04-09); timeframe=30d profit_sol=10.4518072850784 converted at sol_usd=121.939397; name=CryptoStacksss
trader_pumpfun,pumpfun,358,7qS94nqG8TXifQ7ptKrFWs9aU34uh6RssdJ5QBYAQDk5,1271.0560127820877,78327,https://frontend-api-v3.pump.fun/mayhem/top-traders?window=24h,pump.fun Mayhem top traders 24h by realisedPnlUsd; winRate=0.4929 volumeUsd=40074.16797184327
trader_pumpfun,pumpfun,359,EVqxB3F6iUBeWsTpBFQqWwxpqUS8s4NrzgxBvQ2VRbTq,1260.535836265933,83964,https://frontend-api-v3.pump.fun/pnl-leaderboard?period=weekly,pump.fun public PnL leaderboard 7d (on-site rank 21 is by net pnlUsd=87420.58257311306; stored value is realizedPnlUsd). username=faposhi__
trader_pumpfun,pumpfun,360,3jckt69SiN3aCMbBWJoDS1s4xxGpqNxFFKnwhpRAQmuL,1149.2050940356817,85514,https://github.com/nirholas/kol-quest/blob/main/site/data/kolscan-leaderboard.json,Kolscan Pump-app KOL snapshot (committed 2026-04-09); timeframe=30d profit_sol=9.42439543005516 converted at sol_usd=121.939397; name=Pavel
trader_pumpfun,pumpfun,361,HEye34TsKiksdfSppNp2PYQFqUZb7gCnd3X5etQUK7Dq,1140.837379985638,85472,https://frontend-api-v3.pump.fun/pnl-leaderboard?period=daily,pump.fun public PnL leaderboard 24h (on-site rank 46 is by net pnlUsd=27772.63187927216; stored value is realizedPnlUsd). username=wwwd
trader_pumpfun,pumpfun,362,EcVgevcb8F3QsHuBg96wrCXwC3j2gnrhLr1Q21YULNk8,1091.6323734849002,77508,https://github.com/nirholas/kol-quest/blob/main/site/data/kolscan-leaderboard.json,Kolscan Pump-app KOL snapshot (committed 2026-04-09); timeframe=30d profit_sol=8.95225334917627 converted at sol_usd=121.939397; name=cuban
trader_pumpfun,pumpfun,363,5mbo1CogP1VEyHExZCkaegSwXwdrbdomQJSZTEHSnJdJ,1071.7448014597867,84796,https://frontend-api-v3.pump.fun/mayhem/top-traders?window=24h,pump.fun Mayhem top traders 24h by realisedPnlUsd; winRate=0.489 volumeUsd=35313.86336321313
trader_pumpfun,pumpfun,364,JCzdJNiujoKEYYS57PFdZmaWAcAH6dCWVH2QmghHcHbR,1035.407404510337,84592,https://frontend-api-v3.pump.fun/mayhem/top-traders?window=24h,pump.fun Mayhem top traders 24h by realisedPnlUsd; winRate=0.6404 volumeUsd=29103.427378836997
trader_pumpfun,pumpfun,365,37Y6bz7AXpHHRzMHGMqGRxv8JMuHQCS2FFHrPZkUeRt2,1006.8254783660207,78776,https://github.com/nirholas/kol-quest/blob/main/site/data/kolscan-leaderboard.json,Kolscan Pump-app KOL snapshot (committed 2026-04-09); timeframe=30d profit_sol=8.25676938470063 converted at sol_usd=121.939397; name=Laanie
trader_pumpfun,pumpfun,366,kzcvJmXFhgxh5QuMQejp2r4mLUjFSu2ziFfKQjBKedf,991.1607524484915,72621,https://frontend-api-v3.pump.fun/mayhem/top-traders?window=24h,pump.fun Mayhem top traders 24h by realisedPnlUsd; winRate=0.32 volumeUsd=16340.349286912526
trader_pumpfun,pumpfun,367,Hi5yNvPSfagdja5xjYMTYWnnjSE3ze5KsezTLfuD2mqd,984.317862820083,83315,https://github.com/nirholas/kol-quest/blob/main/site/data/kolscan-leaderboard.json,Kolscan Pump-app KOL snapshot (committed 2026-04-09); timeframe=30d profit_sol=8.07218904286829 converted at sol_usd=121.939397; name=gambles.sol
trader_pumpfun,pumpfun,368,99xnE2zEFi8YhmKDaikc1EvH6ELTQJppnqUwMzmpLXrs,942.9298741984021,82370,https://github.com/nirholas/kol-quest/blob/main/site/data/kolscan-leaderboard.json,Kolscan Pump-app KOL snapshot (committed 2026-04-09); timeframe=30d profit_sol=7.7327746312461 converted at sol_usd=121.939397; name=Coler
trader_pumpfun,pumpfun,369,39q2g5tTQn9n7KnuapzwS2smSx3NGYqBoea11tBjsGEt,935.8896007800287,77632,https://github.com/nirholas/kol-quest/blob/main/site/data/kolscan-leaderboard.json,Kolscan Pump-app KOL snapshot (committed 2026-04-09); timeframe=30d profit_sol=7.67503879194743 converted at sol_usd=121.939397; name=Walta
trader_pumpfun,pumpfun,370,BFoPaiKxCbrDM6gYB1gAr1sNUANTw3g9drWgVRExtYUB,926.4239821137644,87675,https://frontend-api-v3.pump.fun/mayhem/top-traders?window=24h,pump.fun Mayhem top traders 24h by realisedPnlUsd; winRate=0.3871 volumeUsd=5759.738807421969
trader_pumpfun,pumpfun,371,54D38cdUMdo4HNm9hbu1T6u5mRtnJkmiUnyBTTJhjXMF,866.0788351772344,84094,https://frontend-api-v3.pump.fun/mayhem/top-traders?window=24h,pump.fun Mayhem top traders 24h by realisedPnlUsd; winRate=0.6024 volumeUsd=39935.90562995194
trader_pumpfun,pumpfun,372,2eX1SFxf5zsCs3z7HA3YbHdzmR4SAP6sfPQKLK1po4A6,846.9790947875722,82749,https://frontend-api-v3.pump.fun/mayhem/top-traders?window=24h,pump.fun Mayhem top traders 24h by realisedPnlUsd; winRate=0.6111 volumeUsd=6635.532143240259
trader_pumpfun,pumpfun,373,ATYuKgxGUJy2zVRmccY3FbiepdErSrQJDv6YEBsrCae5,835.2832324141165,74196,https://frontend-api-v3.pump.fun/mayhem/top-traders?window=24h,pump.fun Mayhem top traders 24h by realisedPnlUsd; winRate=0.4118 volumeUsd=2770.0729257633934
trader_pumpfun,pumpfun,374,9CF4GGtQJ2SMZPZh4f6917QBqKVJV6egykGmoBAaxWRK,823.5358112109508,81175,https://frontend-api-v3.pump.fun/mayhem/top-traders?window=24h,pump.fun Mayhem top traders 24h by realisedPnlUsd; winRate=1 volumeUsd=823.5358112109508
trader_pumpfun,pumpfun,375,D52tmCnycFovhx2ueMuEnxq5LCdwfZrU9u8ECE5foCW5,819.2182890410609,83461,https://github.com/nirholas/kol-quest/blob/main/site/data/kolscan-leaderboard.json,Kolscan Pump-app KOL snapshot (committed 2026-04-09); timeframe=30d profit_sol=6.71824127784145 converted at sol_usd=121.939397; name=Zachary
trader_pumpfun,pumpfun,376,4qYiA6i4mnqRVgdmheSCg2jQjvwpd1AoVxmQ65JhSJUi,811.1596607369651,78731,https://frontend-api-v3.pump.fun/mayhem/top-traders?window=24h,pump.fun Mayhem top traders 24h by realisedPnlUsd; winRate=1 volumeUsd=811.1596607369651
trader_pumpfun,pumpfun,377,ETU3GyrUsv6UztQJxHgsBX2UoJFmq79WJe3JyDpAqGMz,809.620960539054,73578,https://github.com/nirholas/kol-quest/blob/main/site/data/kolscan-leaderboard.json,Kolscan Pump-app KOL snapshot (committed 2026-04-09); timeframe=30d profit_sol=6.63953555390716 converted at sol_usd=121.939397; name=MACXBT
trader_pumpfun,pumpfun,378,hoZ7nAUxL4CZ2m1uAcMJqzqmJdqjRfFubu2USBgKFux,807.2562556721134,78681,https://frontend-api-v3.pump.fun/mayhem/top-traders?window=24h,pump.fun Mayhem top traders 24h by realisedPnlUsd; winRate=0.5 volumeUsd=13692.802527948046
trader_pumpfun,pumpfun,379,Am8bimwyPn6B358hQWpCCZM6uMRX7x2Nx17VKXnvCDxY,768.1454304431809,72561,https://frontend-api-v3.pump.fun/mayhem/top-traders?window=24h,pump.fun Mayhem top traders 24h by realisedPnlUsd; winRate=0.5668 volumeUsd=20654.256458556192
trader_pumpfun,pumpfun,380,8RZrLdqoJU2AFnCvWw8KTbtpkyHidaPgEQAwoPjFtM4z,762.4818837784119,75936,https://frontend-api-v3.pump.fun/mayhem/top-traders?window=24h,pump.fun Mayhem top traders 24h by realisedPnlUsd; winRate=0.4488 volumeUsd=66482.72721126046
trader_pumpfun,pumpfun,381,6zESg784MsaN7xvnFMPkAJBXLygctkCDcFst4xgSVBdj,743.467221003809,79248,https://frontend-api-v3.pump.fun/mayhem/top-traders?window=24h,pump.fun Mayhem top traders 24h by realisedPnlUsd; winRate=1 volumeUsd=743.467221003809
trader_pumpfun,pumpfun,382,9vDqT3tfVGe8KGMXhNgNgkf5ciaxbM7hKvjvqT6hinqK,724.0837881724815,87870,https://frontend-api-v3.pump.fun/mayhem/top-traders?window=24h,pump.fun Mayhem top traders 24h by realisedPnlUsd; winRate=0.2883 volumeUsd=8170.600074932446
trader_pumpfun,pumpfun,383,Cu3nUxTHDcdQiCRWU3oW9aw5RA7dAdBqVrj3GjZdQEvj,723.4428369491111,72165,https://frontend-api-v3.pump.fun/mayhem/top-traders?window=24h,pump.fun Mayhem top traders 24h by realisedPnlUsd; winRate=0.2941 volumeUsd=5050.149661977927
trader_pumpfun,pumpfun,384,FoowXWNysZqT2b3HXcYDqLKqzf8z6ThE6HJWAM4A1Es3,707.9643861747584,80166,https://frontend-api-v3.pump.fun/mayhem/top-traders?window=24h,pump.fun Mayhem top traders 24h by realisedPnlUsd; winRate=0.2667 volumeUsd=4637.858380018519
trader_pumpfun,pumpfun,385,GEpM1SmE8ExgznJwyZX64F2Mv5LLFgvBCxm5zNWYUXL4,700.2937784817843,82280,https://github.com/nirholas/kol-quest/blob/main/site/data/kolscan-leaderboard.json,Kolscan Pump-app KOL snapshot (committed 2026-04-09); timeframe=30d profit_sol=5.74296574203566 converted at sol_usd=121.939397; name=Pain
trader_pumpfun,pumpfun,386,4cupcAnEfuZ1JyGbm8nYY886WyyoQsLB23aa8WqqNW1C,699.4026922488113,76286,https://frontend-api-v3.pump.fun/mayhem/top-traders?window=24h,pump.fun Mayhem top traders 24h by realisedPnlUsd; winRate=0.5352 volumeUsd=12013.632653342298
trader_pumpfun,pumpfun,387,HrrUxSw4uwk24wai2XvKqeUuNUY7VFpkh9QxBnR5b3DA,691.1674305794674,80110,https://frontend-api-v3.pump.fun/mayhem/top-traders?window=24h,pump.fun Mayhem top traders 24h by realisedPnlUsd; winRate=0.7456 volumeUsd=10009.370585178256
trader_pumpfun,pumpfun,388,FxQv4cExaubbo8N5y8HcfjDHvsLivkHhg3tvGa8PFqBQ,674.9873623585704,85689,https://frontend-api-v3.pump.fun/mayhem/top-traders?window=24h,pump.fun Mayhem top traders 24h by realisedPnlUsd; winRate=1 volumeUsd=674.9873623585704
trader_pumpfun,pumpfun,389,BDa3iMpdFbyWCwoaXdhcCSgHogSCm2SEuKwiwNnHMYXq,671.2192617245119,72146,https://frontend-api-v3.pump.fun/mayhem/top-traders?window=24h,pump.fun Mayhem top traders 24h by realisedPnlUsd; winRate=1 volumeUsd=671.2192617245119
trader_pumpfun,pumpfun,390,3NsTAKARF3HqgFj6JnnPU8iymmXfCfNcKrN9Z9rUJxak,654.4286415001211,75611,https://frontend-api-v3.pump.fun/mayhem/top-traders?window=24h,pump.fun Mayhem top traders 24h by realisedPnlUsd; winRate=0.3571 volumeUsd=3863.019858143754
trader_pumpfun,pumpfun,391,DQifC9AbRL4GJFFyKGhgzLV9XWjCpGaBNC5LFv5uAaqb,652.1895850255395,87850,https://frontend-api-v3.pump.fun/mayhem/top-traders?window=24h,pump.fun Mayhem top traders 24h by realisedPnlUsd; winRate=0.5556 volumeUsd=1540.9379633712078
trader_pumpfun,pumpfun,392,DsqRyTUh1R37asYcVf1KdX4CNnz5DKEFmnXvgT4NfTPE,635.889350736334,81375,https://github.com/nirholas/kol-quest/blob/main/site/data/kolscan-leaderboard.json,Kolscan Pump-app KOL snapshot (committed 2026-04-09); timeframe=30d profit_sol=5.21479823071005 converted at sol_usd=121.939397; name=Classic
trader_pumpfun,pumpfun,393,ATpSExwhE2x1H7rv6Uoi4TJdzGz15LjDXNzhV6pjDVYi,626.024652696832,82998,https://github.com/nirholas/kol-quest/blob/main/site/data/kolscan-leaderboard.json,Kolscan Pump-app KOL snapshot (committed 2026-04-09); timeframe=30d profit_sol=5.133899864 converted at sol_usd=121.939397; name=merky
trader_pumpfun,pumpfun,394,LeKqG2SZdGaVPB8N285rqWoz5FXg7cnNfXy8JTdXoN7,617.7127789214613,73834,https://frontend-api-v3.pump.fun/mayhem/top-traders?window=24h,pump.fun Mayhem top traders 24h by realisedPnlUsd; winRate=0.45 volumeUsd=3304.2674809794576
trader_pumpfun,pumpfun,395,2iPgNgss7ow3v5YFkTpzABStfjFSyG3BGvP5sZqADtFM,564.7276284850542,82528,https://github.com/nirholas/kol-quest/blob/main/site/data/kolscan-leaderboard.json,Kolscan Pump-app KOL snapshot (committed 2026-04-09); timeframe=30d profit_sol=4.63121553214694 converted at sol_usd=121.939397; name=Jdn
trader_pumpfun,pumpfun,396,95TWoKkvv2z85EXBzd2z6NwbxH2f54AvwuCA9x3NoKep,522.3548480852969,82532,https://github.com/nirholas/kol-quest/blob/main/site/data/kolscan-leaderboard.json,Kolscan Pump-app KOL snapshot (committed 2026-04-09); timeframe=7d profit_sol=4.283725045 converted at sol_usd=121.939397; name=Killua
trader_pumpfun,pumpfun,397,HrCPnDvDgbpbFxKxer6Pw3qEcfAQQNNjb6aJNFWgTEng,501.649615330494,75693,https://github.com/nirholas/kol-quest/blob/main/site/data/kolscan-leaderboard.json,Kolscan Pump-app KOL snapshot (committed 2026-04-09); timeframe=30d profit_sol=4.11392567501345 converted at sol_usd=121.939397; name=0xWinged
trader_pumpfun,pumpfun,398,3iytvAv32aGQyeRLHhy2ALHPsGAvcp82swAKbNeoencX,474.03558961557354,78956,https://frontend-api-v3.pump.fun/pnl-leaderboard?period=daily,pump.fun public PnL leaderboard 24h (on-site rank 96 is by net pnlUsd=15623.12055651737; stored value is realizedPnlUsd). username=EmberGuy
trader_pumpfun,pumpfun,399,EQaxqKT3N981QBmdSUGNzAGK5S26zUwAdRHhBCgn87zD,471.444728101405,81368,https://github.com/nirholas/kol-quest/blob/main/site/data/kolscan-leaderboard.json,Kolscan Pump-app KOL snapshot (committed 2026-04-09); timeframe=7d profit_sol=3.86622158577425 converted at sol_usd=121.939397; name=jamessmith
trader_pumpfun,pumpfun,400,DYAn4XpAkN5mhiXkRB7dGq4Jadnx6XYgu8L5b3WGhbrt,469.5075971781279,83755,https://github.com/nirholas/kol-quest/blob/main/site/data/kolscan-leaderboard.json,Kolscan Pump-app KOL snapshot (committed 2026-04-09); timeframe=7d profit_sol=3.85033557211533 converted at sol_usd=121.939397; name=The Doc
trader_pumpfun,pumpfun,401,DbRQjQDTTsiBXg1TJdb55WvEr3JvqUyu4iJJ684Aqeu3,463.3367401959754,81250,https://github.com/nirholas/kol-quest/blob/main/site/data/kolscan-leaderboard.json,Kolscan Pump-app KOL snapshot (committed 2026-04-09); timeframe=7d profit_sol=3.79972963881069 converted at sol_usd=121.939397; name=dints
trader_pumpfun,pumpfun,402,6S8GezkxYUfZy9JPtYnanbcZTMB87Wjt1qx3c6ELajKC,456.7962674443272,83119,https://github.com/nirholas/kol-quest/blob/main/site/data/kolscan-leaderboard.json,Kolscan Pump-app KOL snapshot (committed 2026-04-09); timeframe=7d profit_sol=3.74609256233849 converted at sol_usd=121.939397; name=Nyhrox
trader_pumpfun,pumpfun,403,qP3Q8d4WWsGbqkTfyA9Dr6cAD7DQoBuxPJMFTK48rWU,444.80878316507693,75437,https://github.com/nirholas/kol-quest/blob/main/site/data/kolscan-leaderboard.json,Kolscan Pump-app KOL snapshot (committed 2026-04-09); timeframe=7d profit_sol=3.64778566077187 converted at sol_usd=121.939397; name=kitty
trader_pumpfun,pumpfun,404,J2B5fnm2DAAUAGa4EaegwQFoYaN6B5FerGA5sjtQoaGM,410.5364555572948,74071,https://github.com/nirholas/kol-quest/blob/main/site/data/kolscan-leaderboard.json,Kolscan Pump-app KOL snapshot (committed 2026-04-09); timeframe=7d profit_sol=3.36672532666748 converted at sol_usd=121.939397; name=Dan176
trader_pumpfun,pumpfun,405,DFTWxStGVbANivE4PYGdzcFEy7bRRgLWczabcLMFqCig,407.86324651263567,77318,https://frontend-api-v3.pump.fun/pnl-leaderboard?period=daily,pump.fun public PnL leaderboard 24h (on-site rank 94 is by net pnlUsd=16026.159425786675; stored value is realizedPnlUsd). username=metaph
trader_pumpfun,pumpfun,406,HmtAZQn7U75jkAxrXNh8vRFCmjGjM3Q2WpiTHXoCJrUz,401.530749395518,83416,https://github.com/nirholas/kol-quest/blob/main/site/data/kolscan-leaderboard.json,Kolscan Pump-app KOL snapshot (committed 2026-04-09); timeframe=1d profit_sol=3.2928713762839 converted at sol_usd=121.939397; name=Preston
trader_pumpfun,pumpfun,407,BtUBxH7bEjmDJbgVLxjEK7ZX72XPeDKaeXFufXnGATna,387.70702219727787,79995,https://github.com/nirholas/kol-quest/blob/main/site/data/kolscan-leaderboard.json,Kolscan Pump-app KOL snapshot (committed 2026-04-09); timeframe=30d profit_sol=3.17950582290307 converted at sol_usd=121.939397; name=Bottom Seller
trader_pumpfun,pumpfun,408,5vg7he5HibvsAW86wfiuP6jw7VwKmUAnP6P93mVCdpJu,358.7414662274642,76965,https://github.com/nirholas/kol-quest/blob/main/site/data/kolscan-leaderboard.json,Kolscan Pump-app KOL snapshot (committed 2026-04-09); timeframe=1d profit_sol=2.9419652353024 converted at sol_usd=121.939397; name=blixze ♱
trader_pumpfun,pumpfun,409,kita97U8XijSrkwoEa6ViskeJnP8mCYUTsusU5RyaN5,357.35699029537085,75176,https://github.com/nirholas/kol-quest/blob/main/site/data/kolscan-leaderboard.json,Kolscan Pump-app KOL snapshot (committed 2026-04-09); timeframe=7d profit_sol=2.93061143195158 converted at sol_usd=121.939397; name=kitakitsune
trader_pumpfun,pumpfun,410,A3W8psibkTUvjxs4LRscbnjux6TFDXdvD4m4GsGpQ2KJ,317.9137584082388,82908,https://github.com/nirholas/kol-quest/blob/main/site/data/kolscan-leaderboard.json,Kolscan Pump-app KOL snapshot (committed 2026-04-09); timeframe=7d profit_sol=2.60714557170353 converted at sol_usd=121.939397; name=Numer0 (trench/arc)
trader_pumpfun,pumpfun,411,B9oKseVKRntTvfADyaUoH7oVmoyVbBfUf4NKyQc4KK2D,317.1278500014501,80564,https://github.com/nirholas/kol-quest/blob/main/site/data/kolscan-leaderboard.json,Kolscan Pump-app KOL snapshot (committed 2026-04-09); timeframe=7d profit_sol=2.6007004979427 converted at sol_usd=121.939397; name=Fozzy
trader_pumpfun,pumpfun,412,8oQoMhfBQnRspn7QtNAq2aPThRE4q94kLSTwaaFQvRgs,298.31131445319005,78402,https://github.com/nirholas/kol-quest/blob/main/site/data/kolscan-leaderboard.json,Kolscan Pump-app KOL snapshot (committed 2026-04-09); timeframe=1d profit_sol=2.44638994663132 converted at sol_usd=121.939397; name=big bags bobby
trader_pumpfun,pumpfun,413,Ez2jp3rwXUbaTx7XwiHGaWVgTPFdzJoSg8TopqbxfaJN,273.72778761560755,80274,https://github.com/nirholas/kol-quest/blob/main/site/data/kolscan-leaderboard.json,Kolscan Pump-app KOL snapshot (committed 2026-04-09); timeframe=30d profit_sol=2.24478548178411 converted at sol_usd=121.939397; name=Keano
trader_pumpfun,pumpfun,414,EjtQrPTbcMevStBkpnjsH23NfUCMhGHusTYsHuGVQZp2,224.3821214197818,85595,https://github.com/nirholas/kol-quest/blob/main/site/data/kolscan-leaderboard.json,Kolscan Pump-app KOL snapshot (committed 2026-04-09); timeframe=7d profit_sol=1.84011178741696 converted at sol_usd=121.939397; name=Zef
trader_pumpfun,pumpfun,415,4z3WtX32eehkmnaNNstZWyAuVBhj6cgpk5JtkdTa4m4A,217.250465132276,72878,https://github.com/nirholas/kol-quest/blob/main/site/data/kolscan-leaderboard.json,Kolscan Pump-app KOL snapshot (committed 2026-04-09); timeframe=1d profit_sol=1.78162653593877 converted at sol_usd=121.939397; name=J Spizzle
trader_pumpfun,pumpfun,416,5B52w1ZW9tuwUduueP5J7HXz5AcGfruGoX6YoAudvyxG,215.53685386749086,73185,https://github.com/nirholas/kol-quest/blob/main/site/data/kolscan-leaderboard.json,Kolscan Pump-app KOL snapshot (committed 2026-04-09); timeframe=7d profit_sol=1.76757356118557 converted at sol_usd=121.939397; name=Yenni
trader_pumpfun,pumpfun,417,HbCxe8yWQJWnK3f3FX4oohgm87FZuPYD4Ydszqxgkwft,207.7633895253195,86237,https://github.com/nirholas/kol-quest/blob/main/site/data/kolscan-leaderboard.json,Kolscan Pump-app KOL snapshot (committed 2026-04-09); timeframe=30d profit_sol=1.70382497339887 converted at sol_usd=121.939397; name=Stacker ✝️
trader_pumpfun,pumpfun,418,FhsSfTSHok3ryVfyuLSD1t9frc4c1ymyCr3S11Ci718z,207.69372935960874,75876,https://github.com/nirholas/kol-quest/blob/main/site/data/kolscan-leaderboard.json,Kolscan Pump-app KOL snapshot (committed 2026-04-09); timeframe=30d profit_sol=1.70325370465773 converted at sol_usd=121.939397; name=Spike
trader_pumpfun,pumpfun,419,DuQabFqdC9eeBULVa7TTdZYxe8vK8ct5DZr4Xcf7docy,186.60148621540554,81410,https://github.com/nirholas/kol-quest/blob/main/site/data/kolscan-leaderboard.json,Kolscan Pump-app KOL snapshot (committed 2026-04-09); timeframe=7d profit_sol=1.53028054179106 converted at sol_usd=121.939397; name=orangie
trader_pumpfun,pumpfun,420,7bsTkeWcSPG6nzsbXucxV89YUULoSExNJdX2WqfLHwZ4,182.3813536797356,87893,https://github.com/nirholas/kol-quest/blob/main/site/data/kolscan-leaderboard.json,Kolscan Pump-app KOL snapshot (committed 2026-04-09); timeframe=1d profit_sol=1.49567209984296 converted at sol_usd=121.939397; name=BIGWARZ
trader_pumpfun,pumpfun,421,6pa2QnW2mB1F41FkytTYd2gTh9aTUCmdTGEgcFRXcQ8g,180.79828157661498,79376,https://github.com/nirholas/kol-quest/blob/main/site/data/kolscan-leaderboard.json,Kolscan Pump-app KOL snapshot (committed 2026-04-09); timeframe=1d profit_sol=1.48268964999869 converted at sol_usd=121.939397; name=Alpha wallet 4
trader_pumpfun,pumpfun,422,3H9LVHarjBoZ2YPEsgFbVD1zuERCGwfp4AeyHoHsFSEC,165.64247662610245,84135,https://github.com/nirholas/kol-quest/blob/main/site/data/kolscan-leaderboard.json,Kolscan Pump-app KOL snapshot (committed 2026-04-09); timeframe=7d profit_sol=1.35839999999999 converted at sol_usd=121.939397; name=JADAWGS
trader_pumpfun,pumpfun,423,RaSSH7hMwLKtMT96xZyY4JwHRCCNYvvNeBh6AaFMqdA,149.42582153482758,80787,https://github.com/nirholas/kol-quest/blob/main/site/data/kolscan-leaderboard.json,Kolscan Pump-app KOL snapshot (committed 2026-04-09); timeframe=1d profit_sol=1.22541053543341 converted at sol_usd=121.939397; name=Rasta
trader_pumpfun,pumpfun,424,F1WT79Jkw3BkBDUfCbrKKo15ghZNCEjvnjxQpiCfPuRM,135.35427958455452,85537,https://github.com/nirholas/kol-quest/blob/main/site/data/kolscan-leaderboard.json,Kolscan Pump-app KOL snapshot (committed 2026-04-09); timeframe=30d profit_sol=1.11001270406436 converted at sol_usd=121.939397; name=flock (6'3)
trader_pumpfun,pumpfun,425,7K7itu678xAaUcuPQ2f3c2DcjirRjBY4HMTW1dx6hiL6,105.9411653978284,79636,https://github.com/nirholas/kol-quest/blob/main/site/data/kolscan-leaderboard.json,Kolscan Pump-app KOL snapshot (committed 2026-04-09); timeframe=30d profit_sol=0.868801783260292 converted at sol_usd=121.939397; name=DRT 🐂
trader_pumpfun,pumpfun,426,4s2WzRLa35FB58bZY1i4CN3WoywJeuYrGYHnTKFsT23z,101.97577488957154,85940,https://github.com/nirholas/kol-quest/blob/main/site/data/kolscan-leaderboard.json,Kolscan Pump-app KOL snapshot (committed 2026-04-09); timeframe=1d profit_sol=0.83628242846596 converted at sol_usd=121.939397; name=jester
trader_pumpfun,pumpfun,427,GBERKNpahPnBGmeUGWQVjGBDBj6CcJKpGz34FqegmTgu,101.4168121522464,82952,https://github.com/nirholas/kol-quest/blob/main/site/data/kolscan-leaderboard.json,Kolscan Pump-app KOL snapshot (committed 2026-04-09); timeframe=1d profit_sol=0.831698489624618 converted at sol_usd=121.939397; name=Scrim
trader_pumpfun,pumpfun,428,BaLxyjXzATAnfm7cc5AFhWBpiwnsb71THcnofDLTWAPK,93.02347154532085,76404,https://github.com/nirholas/kol-quest/blob/main/site/data/kolscan-leaderboard.json,Kolscan Pump-app KOL snapshot (committed 2026-04-09); timeframe=30d profit_sol=0.762866423643235 converted at sol_usd=121.939397; name=peely 🍌
trader_pumpfun,pumpfun,429,BWQPaFCn5Fp5ok2x5W69wspbsgiRXuPPUYX8Zgnm7XeQ,91.98621632583753,74856,https://github.com/nirholas/kol-quest/blob/main/site/data/kolscan-leaderboard.json,Kolscan Pump-app KOL snapshot (committed 2026-04-09); timeframe=7d profit_sol=0.754360106188645 converted at sol_usd=121.939397; name=SatsBuyer
trader_pumpfun,pumpfun,430,9FNz4MjPUmnJqTf6yEDbL1D4SsHVh7uA8zRHhR5K138r,91.3793848113208,72569,https://github.com/nirholas/kol-quest/blob/main/site/data/kolscan-leaderboard.json,Kolscan Pump-app KOL snapshot (committed 2026-04-09); timeframe=7d profit_sol=0.74938360531695 converted at sol_usd=121.939397; name=Danny
trader_pumpfun,pumpfun,431,HTVupcGHvA8tXX5pHmmAxQ8eiFAJSJhYNQjer3zycLcU,80.21494510915215,80997,https://github.com/nirholas/kol-quest/blob/main/site/data/kolscan-leaderboard.json,Kolscan Pump-app KOL snapshot (committed 2026-04-09); timeframe=7d profit_sol=0.657826323632139 converted at sol_usd=121.939397; name=Setora
trader_pumpfun,pumpfun,432,8RrMaJXYwANd4zEskfPQuSYE35dTzaYtuwyKz3ewcZQx,79.85155053179535,77856,https://github.com/nirholas/kol-quest/blob/main/site/data/kolscan-leaderboard.json,Kolscan Pump-app KOL snapshot (committed 2026-04-09); timeframe=30d profit_sol=0.654846199186187 converted at sol_usd=121.939397; name=Te'
trader_pumpfun,pumpfun,433,FCt3Gyuqcoc4vHrnAYdxVbqSg3m1AyDHtaVZMN8TctPv,66.27195102921783,79339,https://github.com/nirholas/kol-quest/blob/main/site/data/kolscan-leaderboard.json,Kolscan Pump-app KOL snapshot (committed 2026-04-09); timeframe=30d profit_sol=0.543482687 converted at sol_usd=121.939397; name=Rich The Dev
trader_pumpfun,pumpfun,434,FajxNukkjDLGXfB5V3L1msrU9qgzuzhN4s4YQfefSCKp,62.48113235065762,76128,https://github.com/nirholas/kol-quest/blob/main/site/data/kolscan-leaderboard.json,Kolscan Pump-app KOL snapshot (committed 2026-04-09); timeframe=30d profit_sol=0.51239496 converted at sol_usd=121.939397; name=Divix
trader_pumpfun,pumpfun,435,DU323DieHUGPmYamp6A4Ai1V4YSYgRi35mGpzJGrjf7k,47.563607768352654,81864,https://github.com/nirholas/kol-quest/blob/main/site/data/kolscan-leaderboard.json,Kolscan Pump-app KOL snapshot (committed 2026-04-09); timeframe=1d profit_sol=0.390059398461978 converted at sol_usd=121.939397; name=Toxic weast
trader_pumpfun,pumpfun,436,8vKEy5XeZE5iEB9QCpypKSWQ75dxk1qfYDn5Zf83TNdx,45.80720822212882,83257,https://frontend-api-v3.pump.fun/pnl-leaderboard?period=weekly,pump.fun public PnL leaderboard 7d (on-site rank 97 is by net pnlUsd=31256.689542623437; stored value is realizedPnlUsd). username=theghate
trader_pumpfun,pumpfun,437,41uh7g1DxYaYXdtjBiYCHcgBniV9Wx57b7HU7RXmx1Gg,38.45990974721451,76604,https://github.com/nirholas/kol-quest/blob/main/site/data/kolscan-leaderboard.json,Kolscan Pump-app KOL snapshot (committed 2026-04-09); timeframe=1d profit_sol=0.315401836924618 converted at sol_usd=121.939397; name=Lowskii (believes)
trader_pumpfun,pumpfun,438,9qdiDGhXrGqPN4CTGvyKwFKHrgJSGn836cjkVcGfPd6N,29.784036040754163,87482,https://github.com/nirholas/kol-quest/blob/main/site/data/kolscan-leaderboard.json,Kolscan Pump-app KOL snapshot (committed 2026-04-09); timeframe=30d profit_sol=0.244252774903177 converted at sol_usd=121.939397; name=Aymory ⚡️
trader_pumpfun,pumpfun,439,5dzH7gh5FjtrxUwtfBufJyTBA4fyCUGheZsdYQsE9vag,27.376280156822475,73115,https://github.com/nirholas/kol-quest/blob/main/site/data/kolscan-leaderboard.json,Kolscan Pump-app KOL snapshot (committed 2026-04-09); timeframe=30d profit_sol=0.224507262403291 converted at sol_usd=121.939397; name=Hermes
trader_pumpfun,pumpfun,440,A38dM3RtNpewkwkWJeyj8C9c8yWtgaaAdh4Rdj1SXg3M,15.11539194183179,83741,https://github.com/nirholas/kol-quest/blob/main/site/data/kolscan-leaderboard.json,Kolscan Pump-app KOL snapshot (committed 2026-04-09); timeframe=30d profit_sol=0.123958231197737 converted at sol_usd=121.939397; name=TMH メタ
trader_pumpfun,pumpfun,441,HqT6bBahzaPpj2eceQhGPsy32yVa76tXCiBchQgDZg3w,11.334787847959547,78212,https://frontend-api-v3.pump.fun/pnl-leaderboard?period=daily,pump.fun public PnL leaderboard 24h (on-site rank 95 is by net pnlUsd=15844.62368802972; stored value is realizedPnlUsd). username=Topb1aster
trader_pumpfun,pumpfun,442,9tRff7L6Mx3ZDNBoGPffdjD3c9JNzLc3nxzadYH4TnAp,6.604709161452929,81196,https://github.com/nirholas/kol-quest/blob/main/site/data/kolscan-leaderboard.json,Kolscan Pump-app KOL snapshot (committed 2026-04-09); timeframe=30d profit_sol=0.0541638661028314 converted at sol_usd=121.939397; name=Woozy
trader_pumpfun,pumpfun,443,FQEXjVZPT7BqcZNVs82Q46LFPUevG7YoDiKpugpJaiCb,6.498857948361638,86680,https://github.com/nirholas/kol-quest/blob/main/site/data/kolscan-leaderboard.json,Kolscan Pump-app KOL snapshot (committed 2026-04-09); timeframe=30d profit_sol=0.053295802 converted at sol_usd=121.939397; name=Padly
trader_pumpfun,pumpfun,444,9NL6thsiaoyDnm7XF8hEbMoqeG172WmG7iKYpygvjfgo,3.8715191008455374,72081,https://github.com/nirholas/kol-quest/blob/main/site/data/kolscan-leaderboard.json,Kolscan Pump-app KOL snapshot (committed 2026-04-09); timeframe=30d profit_sol=0.0317495346224484 converted at sol_usd=121.939397; name=Scooter
trader_pumpfun,pumpfun,445,HwRnKq7RPtKHvX9wyHsc1zvfHtGjPQa5tyZtGtbvfXE,1.9721661558252437,81823,https://github.com/nirholas/kol-quest/blob/main/site/data/kolscan-leaderboard.json,Kolscan Pump-app KOL snapshot (committed 2026-04-09); timeframe=30d profit_sol=0.0161733304200719 converted at sol_usd=121.939397; name=Jay
trader_pumpfun,pumpfun,446,3kfyzegbWkgAdLWtywmGcLFcUw2RPzt3i1EEzdXYtYM8,0.5633508591058123,86197,https://frontend-api-v3.pump.fun/pnl-leaderboard?period=weekly,pump.fun public PnL leaderboard 7d (on-site rank 73 is by net pnlUsd=38888.94603412695; stored value is realizedPnlUsd). username=ThePatientOne
trader_pumpfun,pumpfun,447,8iUjQmHfoo9BTqh1SqcRywSHDJu9HEBkQmhQL1VNnh86,0.49646690588756925,74168,https://frontend-api-v3.pump.fun/pnl-leaderboard?period=daily,pump.fun public PnL leaderboard 24h (on-site rank 62 is by net pnlUsd=22532.231659643363; stored value is realizedPnlUsd). username=RelaxShrimp
player_ronda1,chainlords_player_ronda1,1,36zA4DKL4jxvmLkqsvtF9RtzRAwSjscTvfkQPKJNim5g,,77854,sources/ronda2.send.ready.csv,player_ronda1 name=BORIS; testing week + 100k plus; wallet from characters.account_wallet
player_ronda1,chainlords_player_ronda1,2,47u56Tf6RsSi4ZjcgKFqnyPfGUYr5vX2cjDVQAMzriMn,,73449,sources/ronda2.send.ready.csv,player_ronda1 name=Dunga; testing week + 100k plus; wallet from characters.account_wallet
player_ronda1,chainlords_player_ronda1,3,2a4bUA9ChQ3NZdrr8HTpB8zbDTv6EzJW1LMJYCY3djyy,,86179,sources/ronda2.send.ready.csv,player_ronda1 name=Co2; testing week + 100k plus; wallet from characters.account_wallet
player_ronda1,chainlords_player_ronda1,4,7MCgEvUnERDMpcQnyvPPm4yH547SjjbftUjDCX6givWB,,85521,sources/ronda2.send.ready.csv,player_ronda1 name=Insk; testing week + 100k plus; wallet from characters.account_wallet
player_ronda1,chainlords_player_ronda1,5,gCYpmkDeHDFGMnHPZ8MTXrijVgu7fPR3jU9Vpmv3ajo,,77270,sources/ronda2.send.ready.csv,player_ronda1 name=Rafita12; testing week + 100k plus; wallet from characters.account_wallet
player_ronda1,chainlords_player_ronda1,6,9oJdzcWZCvtUJfMtHSVZPRrSbt5LYh7PbJK3TYUmXSJz,,72248,sources/ronda2.send.ready.csv,player_ronda1 name=D10s; testing week + 100k plus; wallet from characters.account_wallet
player_ronda1,chainlords_player_ronda1,7,J7rZveQbh6Ak6bt3KHYXUnZUzPNCVP6dL7yremz25XAi,,77750,sources/ronda2.send.ready.csv,player_ronda1 name=Chacho; testing week + 100k plus; wallet from characters.account_wallet
player_ronda1,chainlords_player_ronda1,8,Egne1mkpDDKoxTKP8wR9XmgQC3fQPv2tNQjWs5v26q2R,,75535,sources/ronda2.send.ready.csv,player_ronda1 name=Hyoga; testing week + 100k plus; wallet from characters.account_wallet
player_ronda1,chainlords_player_ronda1,9,C9fpgo1usakDjbae6rKxi2DapyJxRWEjundXWkK2YvaZ,,86574,sources/ronda2.send.ready.csv,player_ronda1 name=tola; testing week + 100k plus; wallet from characters.account_wallet
player_ronda1,chainlords_player_ronda1,10,wTvpMnFjE6Eua1VLJZ3QALAyrybiHSqbjVs2KmtXcLp,,73443,sources/ronda2.send.ready.csv,player_ronda1 name=Achechino; testing week + 100k plus; wallet from characters.account_wallet
player_ronda1,chainlords_player_ronda1,11,bz4vbzgX6M15hetZ9PtikrEkdT3u2QV2cNbtmrwGyW9,,87628,sources/ronda2.send.ready.csv,player_ronda1 name=Pituman; testing week + 100k plus; wallet from characters.account_wallet
nft_gamer,chainlords_nft_gamer,1,H6B1xriQkPSgpKAfLrTexDWtnuNGga77wGNnuJzwnY3G,,85400,sources/ronda2.send.ready.csv,nft_gamer listings=15; system_wallet
nft_gamer,chainlords_nft_gamer,2,5sWsediccJMsGTayzXtKWKkAaYLN17KBa78otHRrFV2x,,73083,sources/ronda2.send.ready.csv,nft_gamer listings=15; system_wallet
nft_gamer,chainlords_nft_gamer,3,6NSAMJ2gGuyiqXgeuTEETpqqRTuEb7iqnuwF1jCfrhsp,,86449,sources/ronda2.send.ready.csv,nft_gamer listings=8; system_wallet
nft_gamer,chainlords_nft_gamer,4,12Nwf8b3ngxHdY838aLpmNugf8CJQ11EFXPwL9afAnZD,,78237,sources/ronda2.send.ready.csv,nft_gamer listings=5; system_wallet
nft_gamer,chainlords_nft_gamer,5,6mqzB86e1frcyJiM2Ubv4moyyqgPDnPAhZYvPb2wjUvp,,80682,sources/ronda2.send.ready.csv,nft_gamer listings=4; system_wallet
nft_gamer,chainlords_nft_gamer,6,E7KNHjXka39gPbffX9yAeE7B4F4pTu9AEx3tYq9veVfr,,73409,sources/ronda2.send.ready.csv,nft_gamer listings=4; system_wallet
nft_gamer,chainlords_nft_gamer,7,DmZCdAer2BH4BT1Ni7XZjxL8AG554o56VmK2pYjQosM5,,72747,sources/ronda2.send.ready.csv,nft_gamer listings=3; system_wallet
nft_gamer,chainlords_nft_gamer,8,C12drUKSsrNAwrLZ2yxZPi7hPiAFmjo2BSbPP62KQwrD,,76844,sources/ronda2.send.ready.csv,nft_gamer listings=3; system_wallet
nft_gamer,chainlords_nft_gamer,9,7LAjESa11JXDQHfPye1JC7jvVjtYhignL8QdL8U6VCgn,,82337,sources/ronda2.send.ready.csv,nft_gamer listings=3; system_wallet
nft_gamer,chainlords_nft_gamer,10,77cNR75Ag8mGBtSjbV2AFnjZ9NNKVvVSDZL86cGBd961,,72242,sources/ronda2.send.ready.csv,nft_gamer listings=2; system_wallet
nft_gamer,chainlords_nft_gamer,11,7VzKwP6CoW6QAhbVaWNjB1NTfgTVefbFAQhsvxVdGB7X,,85834,sources/ronda2.send.ready.csv,nft_gamer listings=2; system_wallet
nft_gamer,chainlords_nft_gamer,12,3BAiKokhyhW9mCwi5LK6WH2zoqfEv2YpdgVZGszHeVDR,,77522,sources/ronda2.send.ready.csv,nft_gamer listings=2; system_wallet
nft_gamer,chainlords_nft_gamer,13,58oPotTcQn6JGuw7VEAPNzJGaywu1KkRWnxr38eQX6iV,,74284,sources/ronda2.send.ready.csv,nft_gamer listings=2; system_wallet
nft_gamer,chainlords_nft_gamer,14,9SZdaS5pb5SzXKkkD5JiCTRwJcZnv2omsaH2WCwMTozH,,85360,sources/ronda2.send.ready.csv,nft_gamer listings=2; system_wallet
nft_gamer,chainlords_nft_gamer,15,Gz8kqBUFFo1diobyfwwaDwhsuAbjCE9iLCvHhVUJ6wVK,,80457,sources/ronda2.send.ready.csv,nft_gamer listings=2; system_wallet
nft_gamer,chainlords_nft_gamer,16,9LGCuEVrhTj4456W9ew832swP4WF4WKcmLfk9nhCtp9j,,79218,sources/ronda2.send.ready.csv,nft_gamer listings=1; system_wallet
nft_gamer,chainlords_nft_gamer,17,bVdhouTGzW8zSNzxeRSFWN43FftXjfmYs5Dw9J6XtH2,,82331,sources/ronda2.send.ready.csv,nft_gamer listings=1; system_wallet
nft_gamer,chainlords_nft_gamer,18,3Y6ckGWaWsxf3PBaBV4ScgzhkmR8PDBR6nB2k7LhAMFp,,81184,sources/ronda2.send.ready.csv,nft_gamer listings=1; system_wallet
nft_gamer,chainlords_nft_gamer,19,FSJ4KSRu4BgWsVrFuokMq47DEUoD6ACkqsavSUUFSaWg,,81279,sources/ronda2.send.ready.csv,nft_gamer listings=1; system_wallet
nft_gamer,chainlords_nft_gamer,20,5k15YfLg5TmTeVUAuxpQgK4r3Dzuu9ce6RwmKUdtDXYH,,80475,sources/ronda2.send.ready.csv,nft_gamer listings=1; system_wallet
nft_gamer,chainlords_nft_gamer,21,GFBDfYcqPHK6Ezwkm5vvDqgKeW6UfYKktBvkjQYe9dQT,,77600,sources/ronda2.send.ready.csv,nft_gamer listings=1; system_wallet
nft_gamer,chainlords_nft_gamer,22,DyKzjKZbgHFoQ6FahRYvC4D8RxfhP4NgC12j4Pvfrb57,,77674,sources/ronda2.send.ready.csv,nft_gamer listings=1; system_wallet
nft_gamer,chainlords_nft_gamer,23,9BoXp3dtdzUXzAsnJjKHrZ5rjYj79uo3CCftLX9xNRck,,85600,sources/ronda2.send.ready.csv,nft_gamer listings=1; system_wallet
nft_gamer,chainlords_nft_gamer,24,8EvjXrYrMDM5V1Uz5sbjyufswV6VdyL5MmQbz8hDceqv,,74555,sources/ronda2.send.ready.csv,nft_gamer listings=1; system_wallet
nft_gamer,chainlords_nft_gamer,25,2ZCQ18QjibZZCPfcCesdZ1y2WMmZKd5rKZLyc2sjYGir,,81997,sources/ronda2.send.ready.csv,nft_gamer listings=1; system_wallet
nft_gamer,chainlords_nft_gamer,26,BxMJyY1EsNoWuPgfR3NEDZ8xxhYpn2eSERgWUjxcoztu,,72410,sources/ronda2.send.ready.csv,nft_gamer listings=1; system_wallet
nft_gamer,chainlords_nft_gamer,27,4NLjofVr3LevtZ4rkKtYWh739awijdgA5sp6kLPXWjES,,84302,sources/ronda2.send.ready.csv,nft_gamer listings=1; system_wallet
nft_gamer,chainlords_nft_gamer,28,D9BjJAxC3G13scq9X4bezXzTyAt6kSH2v4MfBWzUHDUo,,74549,sources/ronda2.send.ready.csv,nft_gamer listings=1; system_wallet
nft_gamer,chainlords_nft_gamer,29,9juYeXjaPjAT9FjCxhNVg9km4fseRZTZthYNT9xeRh5w,,85106,sources/ronda2.send.ready.csv,nft_gamer listings=1; system_wallet
nft_gamer,chainlords_nft_gamer,30,Ch9c84ZCRvGcLDnAGCXg4rdftUpQbwZaYkb6gf5DLGBr,,87711,sources/ronda2.send.ready.csv,nft_gamer listings=1; system_wallet
nft_gamer,chainlords_nft_gamer,31,BQCeYnHSF7Boa1JmcYYCKCpYbF1V8Ai8wj23kPX6fLqM,,77169,sources/ronda2.send.ready.csv,nft_gamer listings=1; system_wallet
nft_gamer,chainlords_nft_gamer,32,CAWxDvAgQrCcwNAM6qPpo4Af15sL6rzYyHHMC2EZL1ys,,79105,sources/ronda2.send.ready.csv,nft_gamer listings=1; system_wallet
nft_gamer,chainlords_nft_gamer,33,C6UtswbneEuyYTUB7AVeEFFkDUA12CpGUU5LakmNnZJL,,75462,sources/ronda2.send.ready.csv,nft_gamer listings=1; system_wallet
nft_gamer,chainlords_nft_gamer,34,4Ui4SDYvBTSYZi6EZuHQ8rtSQk79GbKMYwZUxgb8xbZK,,82928,sources/ronda2.send.ready.csv,nft_gamer listings=1; system_wallet
nft_gamer,chainlords_nft_gamer,35,5GzELwwPnmqBrooyoJYToeqGDZD4389ogc7tUPDYDTvg,,75974,sources/ronda2.send.ready.csv,nft_gamer listings=1; system_wallet
nft_gamer,chainlords_nft_gamer,36,C4jdqASx8TDSV3LPtdJt5Z8CVBqjJWrezopkz4LLJ4Dr,,78775,sources/ronda2.send.ready.csv,nft_gamer listings=1; system_wallet
nft_gamer,chainlords_nft_gamer,37,39TcYqUJzfXy3MqkVkhXEsMPbPmHNbxVRAMbEKnYoujF,,78673,sources/ronda2.send.ready.csv,nft_gamer listings=1; system_wallet
nft_gamer,chainlords_nft_gamer,38,B3WMBuZVUo1xpLVW95WubBtbsabrsyRVH4cU8SwVX5dQ,,78570,sources/ronda2.send.ready.csv,nft_gamer listings=1; system_wallet
nft_gamer,chainlords_nft_gamer,39,7MYwE8Aw4hfkZtbkACexTu6TLTPLEUgMT8c2ipHh1Aox,,77986,sources/ronda2.send.ready.csv,nft_gamer listings=1; system_wallet
nft_gamer,chainlords_nft_gamer,40,7dmdC3uJze4B51nnVEQgWc25dUHW9BG8PtfYSy1iDkQS,,86612,sources/ronda2.send.ready.csv,nft_gamer listings=1; system_wallet
nft_gamer,chainlords_nft_gamer,41,J9Fc2MWHeqGshh1qUQVvDimx7wK8SvtvJHLCnMHg6FqJ,,86305,sources/ronda2.send.ready.csv,nft_gamer listings=1; system_wallet
nft_gamer,chainlords_nft_gamer,42,AGUVZ3gzahjrvU4ik3tCLSkhv5PbLqGbSkQrkddSPaNN,,85448,sources/ronda2.send.ready.csv,nft_gamer listings=1; system_wallet
nft_gamer,chainlords_nft_gamer,43,BFVhG6EjJvqBsfzEAfQ2uCevnbe9yVFFw4k9p7QnQnBT,,85625,sources/ronda2.send.ready.csv,nft_gamer listings=1; system_wallet
nft_gamer,chainlords_nft_gamer,44,2MGHS1LXBT5ofeHautzbkEHCqEQLqDHJbV5WWSeqCMsZ,,72125,sources/ronda2.send.ready.csv,nft_gamer listings=1; no_account_data
nft_gamer,chainlords_nft_gamer,45,Gd6YJYUVwMq9pHS7c4KeabV3V3BgiGLfFjoiPPiFj99j,,86515,sources/ronda2.send.ready.csv,nft_gamer listings=1; system_wallet
nft_gamer,chainlords_nft_gamer,46,FxgSKBrrpkup6XcKpofuiCXJXmBrJEUMWdqq19EqydED,,76146,sources/ronda2.send.ready.csv,nft_gamer listings=1; system_wallet
nft_gamer,chainlords_nft_gamer,47,HyxGVDt7sshH7EwJyTzS44r2BijDDuop9jTBCKE5NBvq,,78684,sources/ronda2.send.ready.csv,nft_gamer listings=1; system_wallet
nft_gamer,chainlords_nft_gamer,48,AyYjnyedpbpfYdgKd14V1sWbBELDqGYvAq81UW55cFCB,,80202,sources/ronda2.send.ready.csv,nft_gamer listings=1; no_account_data
nft_gamer,chainlords_nft_gamer,49,2UU9TbdLuKmXaqjnkzrqsW64WFegPESYsw1YRdLCdnJV,,81421,sources/ronda2.send.ready.csv,nft_gamer listings=1; system_wallet
nft_gamer,chainlords_nft_gamer,50,56vv7ie3hyYQ69C9hztmWVvTY8dj6pepwhDQGSW4fVv9,,77200,sources/ronda2.send.ready.csv,nft_gamer listings=1; system_wallet
nft_gamer,chainlords_nft_gamer,51,8HWUKPLhDcnQFeKQRkuYMAUq4jRtRV4T7eZntBHS1Zr7,,75193,sources/ronda2.send.ready.csv,nft_gamer listings=1; no_account_data
nft_gamer,chainlords_nft_gamer,52,44Pb5geDxobNmadZR93YHfdfaQ2hsWVaCpXsfhoHhAag,,80411,sources/ronda2.send.ready.csv,nft_gamer listings=1; no_account_data
nft_gamer,chainlords_nft_gamer,53,6mxGT61UfDRH2QcGChc1TjFGEBRMPYYHPZjXjvtTUmta,,82626,sources/ronda2.send.ready.csv,nft_gamer listings=1; no_account_data
nft_gamer,chainlords_nft_gamer,54,66j7UWYaQv6pA4r3ohq83xYw7WhMpU4GLmoACLELfqw3,,81215,sources/ronda2.send.ready.csv,nft_gamer listings=1; no_account_data
nft_gamer,chainlords_nft_gamer,55,6fP9wY975k6MhJDicBeTmjGkP5cg6uBbdn14uM2nRKxR,,74967,sources/ronda2.send.ready.csv,nft_gamer listings=1; system_wallet
nft_gamer,chainlords_nft_gamer,56,3NgKW4po9SEsTLLevRuYmniGNjUV5b3WXZXRUvD1Eyac,,74761,sources/ronda2.send.ready.csv,nft_gamer listings=1; no_account_data
nft_gamer,chainlords_nft_gamer,57,4EPtLUKUkVRUqVnUSV6Rk8dJwhdnav3JJSNUsijrgjJu,,86324,sources/ronda2.send.ready.csv,nft_gamer listings=1; system_wallet
nft_gamer,chainlords_nft_gamer,58,9G8x9ChhNouBTPUBDfgGMYWpWsTnVHgHZFt9MFAhANRz,,74180,sources/ronda2.send.ready.csv,nft_gamer listings=1; no_account_data
nft_gamer,chainlords_nft_gamer,59,HRi5wzastLSVDjdLyrXFN11kjgd25SrevjtZ5QXsg2K6,,80223,sources/ronda2.send.ready.csv,nft_gamer listings=1; no_account_data
nft_gamer,chainlords_nft_gamer,60,B4P4miyudoJTSpiuchDJs4HvxhSvyStni49LtEVoYVM,,73945,sources/ronda2.send.ready.csv,nft_gamer listings=1; system_wallet
nft_gamer,chainlords_nft_gamer,61,G7mXA2PsEqyETzectJZJXMch9SrrC6XXbLJMznMqmVrm,,84363,sources/ronda2.send.ready.csv,nft_gamer listings=1; system_wallet
nft_gamer,chainlords_nft_gamer,62,AQdxPt65WDvj1K73SvsGfw1gy9UyNuzVyeGpFcDNV3qx,,73611,sources/ronda2.send.ready.csv,nft_gamer listings=1; system_wallet
nft_gamer,chainlords_nft_gamer,63,43DYWyPKfk9fKtAnJP1zxUikhPAPtDJFjMCPrrbm2KsM,,73542,sources/ronda2.send.ready.csv,nft_gamer listings=1; no_account_data
nft_gamer,chainlords_nft_gamer,64,2mpByWxv9MnB3DdSpmbxTXkJV9gAjMcxQKVWK3A8RbVD,,83999,sources/ronda2.send.ready.csv,nft_gamer listings=1; system_wallet
nft_gamer,chainlords_nft_gamer,65,82xJX7MZUVQPxdqoMJureHDarDserqbpsca2eGNvPqD1,,76087,sources/ronda2.send.ready.csv,nft_gamer listings=1; system_wallet
nft_gamer,chainlords_nft_gamer,66,H5XD5UrHmESkAF9LMBwmKEnJg9TiB1k6NHbXtkptCqUX,,87593,sources/ronda2.send.ready.csv,nft_gamer listings=1; system_wallet
nft_gamer,chainlords_nft_gamer,67,6vzWU3vib7B9DSGjwq2gUNQAB9SvkiTXmCcyvsUH4R8T,,82580,sources/ronda2.send.ready.csv,nft_gamer listings=1; system_wallet
nft_gamer,chainlords_nft_gamer,68,BJSzbPhhuukgaZM3Z4kGV5RuouUB5USY2AAaPPHCyWLd,,84675,sources/ronda2.send.ready.csv,nft_gamer listings=1; system_wallet
nft_gamer,chainlords_nft_gamer,69,6YnPVq6bPk9mpqot2dfJYh7zb4kjmTQ4kzLdmCgXmtUQ,,83979,sources/ronda2.send.ready.csv,nft_gamer listings=1; no_account_data
nft_gamer,chainlords_nft_gamer,70,ABmzS4PZX3jib1mUf8zn5Y5svAewdq2mqJRjDTMD6SjV,,86771,sources/ronda2.send.ready.csv,nft_gamer listings=1; system_wallet
nft_gamer,chainlords_nft_gamer,71,2cmimTLPZgacVbJZi4jVKFXEFfLL3tZqnekrkQDW7vMG,,78616,sources/ronda2.send.ready.csv,nft_gamer listings=1; no_account_data
nft_gamer,chainlords_nft_gamer,72,DUmHRosRc6Jw86SjUm6sc9KEdCBGYnTEYtvutEjsPbgz,,81129,sources/ronda2.send.ready.csv,nft_gamer listings=1; no_account_data
nft_gamer,chainlords_nft_gamer,73,FhXBESLG8NY71E24H6BE67L2WFGvJhMJMYbCsrwvEooY,,79204,sources/ronda2.send.ready.csv,nft_gamer listings=1; system_wallet
nft_gamer,chainlords_nft_gamer,74,4CX3KfKjjAzyyabXoKxHjBkffNUr8LaLMgpygDZZzdrB,,87154,sources/ronda2.send.ready.csv,nft_gamer listings=1; system_wallet
nft_gamer,chainlords_nft_gamer,75,HxJECF9ex7BDDDFW7RjWd51peSDM3Y2aa1y73UHSNht6,,72708,sources/ronda2.send.ready.csv,nft_gamer listings=1; no_account_data
nft_gamer,chainlords_nft_gamer,76,GG2YixVBCdac7xLcFCmwgoaFp3X4AjQnhDxnctNLefrQ,,83808,sources/ronda2.send.ready.csv,nft_gamer listings=1; system_wallet
nft_gamer,chainlords_nft_gamer,77,Ef2sbWy7SnkekrewG2DUuKykgLUCpL2KkJLPgWyZ3WcN,,84673,sources/ronda2.send.ready.csv,nft_gamer listings=1; system_wallet
nft_gamer,chainlords_nft_gamer,78,65GN159z8JUzPrerhm19BADZege4cTjVNrToekNe6EiD,,78504,sources/ronda2.send.ready.csv,nft_gamer listings=1; system_wallet
nft_gamer,chainlords_nft_gamer,79,DKq1LbMYkWN23xGZRUX5ugahEEESEfiVaUrsvv3de9C3,,84815,sources/ronda2.send.ready.csv,nft_gamer listings=1; system_wallet
nft_gamer,chainlords_nft_gamer,80,HnPtEh9rEtvbfap1rims1DWnTFyh3JUiMpvG71ZAopZC,,79170,sources/ronda2.send.ready.csv,nft_gamer listings=1; system_wallet
pump_person,chainlords_pump_holder,1,85WTujfJ9meJq5hfjAeb5gftj7n8Q7QTsZJbRqMD5ERS,21874960937.083336,85663,sources/ronda2.send.ready.csv,PUMP holder pump_ui=21874960937.083336; system_wallet
pump_person,chainlords_pump_holder,2,8UHpWBnhYNeAQURWjAABp8vSrzfYa69o7sfi65vYLC42,19131083343.250256,72064,sources/ronda2.send.ready.csv,PUMP holder pump_ui=19131083343.250256; system_wallet
pump_person,chainlords_pump_holder,3,96HiV4cGWTJNCjGVff3RTHgPXmpYz7MSrGTAmxNKVWM9,16770803385.000008,74477,sources/ronda2.send.ready.csv,PUMP holder pump_ui=16770803385.000008; system_wallet
pump_person,chainlords_pump_holder,4,ERRGqu3dh6zYBg7MNAHKL33TyVb7efMmaKxnmdukdNYa,12395811198.75,84427,sources/ronda2.send.ready.csv,PUMP holder pump_ui=12395811198.75; system_wallet
pump_person,chainlords_pump_holder,5,9SLPTL41SPsYkgdsMzdfJsxymEANKr5bYoBsQzJyKpKS,8915042953.182056,86979,sources/ronda2.send.ready.csv,PUMP holder pump_ui=8915042953.182056; system_wallet
pump_person,chainlords_pump_holder,6,4GZwzZgqSwwTTRVgBoxTDeH3EwDye84dCPb9fALAZFjF,7188682174.651561,83608,sources/ronda2.send.ready.csv,PUMP holder pump_ui=7188682174.651561; system_wallet
pump_person,chainlords_pump_holder,7,C68a6RCGLiPskbPYtAcsCjhG8tfTWYcoB4JjCrXFdqyo,5116877926.21492,87657,sources/ronda2.send.ready.csv,PUMP holder pump_ui=5116877926.21492; system_wallet
pump_person,chainlords_pump_holder,8,6LY1JzAFVZsP2a2xKrtU6znQMQ5h4i7tocWdgrkZzkzF,4443313857.771523,72243,sources/ronda2.send.ready.csv,PUMP holder pump_ui=4443313857.771523; system_wallet
pump_person,chainlords_pump_holder,9,DSo8tY2KdbmZC6Q9YNWgQ9745ugL1Q9K6FeyqovkGqRS,4202393578.322372,75504,sources/ronda2.send.ready.csv,PUMP holder pump_ui=4202393578.322372; system_wallet
pump_person,chainlords_pump_holder,10,5d3jKREJ2wBRzTeMYnn4PxC5TwitdQxTat1XUFkHXPwV,4190422537.406334,72357,sources/ronda2.send.ready.csv,PUMP holder pump_ui=4190422537.406334; no_account_data
pump_person,chainlords_pump_holder,11,ESEZgJRoBFfFmmgThPDQHiGgCiJNZqU7fqB6rBygrwWj,4166556908.175359,84999,sources/ronda2.send.ready.csv,PUMP holder pump_ui=4166556908.175359; system_wallet
pump_person,chainlords_pump_holder,12,4sYGAxDy11dCiS3cBdWBH7ztY8H7D951mVMV5poyZTMc,4062500010.0,75935,sources/ronda2.send.ready.csv,PUMP holder pump_ui=4062500010; system_wallet
pump_person,chainlords_pump_holder,13,GsM3emTijQshDHrWRRhSQhqG1zYC9BNnAuah7ZPEu6ya,4058297805.963844,87233,sources/ronda2.send.ready.csv,PUMP holder pump_ui=4058297805.963844; system_wallet
pump_person,chainlords_pump_holder,14,EFE3j1pcSP1paUzA86zW7989ZjsFP2J7ginyUqo4ewqR,3862258322.711,81719,sources/ronda2.send.ready.csv,PUMP holder pump_ui=3862258322.711; system_wallet
pump_person,chainlords_pump_holder,15,2APnhZKqfBUmCAqnZnfGomQLz1stWDq9UotjFPD6ZXsP,3255321081.284444,84803,sources/ronda2.send.ready.csv,PUMP holder pump_ui=3255321081.284444; no_account_data
pump_person,chainlords_pump_holder,16,ESRc4ce6jpyRyvGJ9Gjgtmwc7wEtR1ZPaQPnh9kWZM67,3086249202.916677,76660,sources/ronda2.send.ready.csv,PUMP holder pump_ui=3086249202.916677; system_wallet
pump_person,chainlords_pump_holder,17,C6FVB6jCdkPEdWRyzsV7RuUCmMeGgH9KAwirkKkERm3M,2708333343.333333,76332,sources/ronda2.send.ready.csv,PUMP holder pump_ui=2708333343.333333; system_wallet
pump_person,chainlords_pump_holder,18,A98NXgzCzKXoLSps5ga2pgsPdEj7AtDQnmAQjVeE8WEm,2708333343.333333,75814,sources/ronda2.send.ready.csv,PUMP holder pump_ui=2708333343.333333; system_wallet
pump_person,chainlords_pump_holder,19,8eucCT1KqGV6ucERAtsjKm4U4YLUwNHvEeWXJ8MydfSa,2708333343.333333,80480,sources/ronda2.send.ready.csv,PUMP holder pump_ui=2708333343.333333; system_wallet
pump_person,chainlords_pump_holder,20,BRpXhshfaHtESkmBuZmrFrkJuRRhgmgmY1qtGkPdhwcj,2708333343.333333,76676,sources/ronda2.send.ready.csv,PUMP holder pump_ui=2708333343.333333; system_wallet
pump_person,chainlords_pump_holder,21,E2RvJg2myWpKcbkhBuF81gfhYr6KvmNcDbSmr5qnatYy,2369983191.52,85860,sources/ronda2.send.ready.csv,PUMP holder pump_ui=2369983191.52; system_wallet
pump_person,chainlords_pump_holder,22,6SWFRWrckxvT4hxYUiz43wPxfMpg4NP7Y27WQzY9cT2i,2033354016.175103,77509,sources/ronda2.send.ready.csv,PUMP holder pump_ui=2033354016.175103; system_wallet
pump_person,chainlords_pump_holder,23,5SDrsMNTYdhmApjfqYHDvjoW92f2S42vcc7zNDVcQ9Ej,2032385819.53,76073,sources/ronda2.send.ready.csv,PUMP holder pump_ui=2032385819.53; system_wallet
pump_person,chainlords_pump_holder,24,EY1cDXoKAwkJwPoyUCvdHxtLSnCMccFpzEXzdGpvvWvT,2031250010.0,73117,sources/ronda2.send.ready.csv,PUMP holder pump_ui=2031250010; system_wallet
pump_person,chainlords_pump_holder,25,Hv3s9sBvXLih4tVqHC2dVoMkUCW92tZ6DPyumzCfbe4K,2031250010.0,80278,sources/ronda2.send.ready.csv,PUMP holder pump_ui=2031250010; system_wallet
pump_person,chainlords_pump_holder,26,6wrL9xKGPJz1sKTNFZx4QLZRJHny3hgEQvstXpVjJ8m5,2031250010.0,79963,sources/ronda2.send.ready.csv,PUMP holder pump_ui=2031250010; system_wallet
pump_person,chainlords_pump_holder,27,CLoPSvbauaaSWs1teGgLnrHHf7FuJC3xtUsZP3KwuJsw,1844358558.375613,74801,sources/ronda2.send.ready.csv,PUMP holder pump_ui=1844358558.375613; system_wallet
pump_person,chainlords_pump_holder,28,7TWnq4WeYcwQWBCwKeEX2Q9xqVtthPGkB7adNvueuVuh,1839577535.090184,82977,sources/ronda2.send.ready.csv,PUMP holder pump_ui=1839577535.090184; system_wallet
pump_person,chainlords_pump_holder,29,u6PJ8DtQuPFnfmwHbGFULQ4u4EgjDiyYKjVEsynXq2w,1728485267.444446,87787,sources/ronda2.send.ready.csv,PUMP holder pump_ui=1728485267.444446; system_wallet
pump_person,chainlords_pump_holder,30,4Votc2LuueerHo1mocqTxhnArYpAbMtBAHsRyS5NpZJT,1625000010.0,85956,sources/ronda2.send.ready.csv,PUMP holder pump_ui=1625000010; system_wallet
pump_person,chainlords_pump_holder,31,3L23bbdCk5WknsahZKJZw7ngwYC2gLgDez9KeaihCU5q,1523473889.082332,76058,sources/ronda2.send.ready.csv,PUMP holder pump_ui=1523473889.082332; no_account_data
pump_person,chainlords_pump_holder,32,DZ8M6QjqS6reDLFCFyoErJzSgGFthd57FMmBqaFNXaNB,1433656900.3357,80971,sources/ronda2.send.ready.csv,PUMP holder pump_ui=1433656900.3357; system_wallet
pump_person,chainlords_pump_holder,33,DLkDZH2McPeHi4G8DJryEk63WH83RePGL8uKf1yJ1vhH,1433181593.887987,86110,sources/ronda2.send.ready.csv,PUMP holder pump_ui=1433181593.887987; system_wallet
pump_person,chainlords_pump_holder,34,EbAqo4b82XgfDzX8Ycueg2SXtR5mzp1YrhNPoGgoXXaJ,1403452091.279123,82941,sources/ronda2.send.ready.csv,PUMP holder pump_ui=1403452091.279123; system_wallet
pump_person,chainlords_pump_holder,35,EnaatNfHKJHifA6VsiZBm1dKKwY8z2aaqW8BhDYwvYJm,1400822462.493785,80483,sources/ronda2.send.ready.csv,PUMP holder pump_ui=1400822462.493785; system_wallet
pump_person,chainlords_pump_holder,36,55wnwPLi8Hg4ShLqPiwnuXZo7nkKDcEsTpnm1vVkBKDw,1367090011.447367,81826,sources/ronda2.send.ready.csv,PUMP holder pump_ui=1367090011.447367; system_wallet
pump_person,chainlords_pump_holder,37,4YrSuGhe4okHhab27nMn8yTBEMtPAPanv8koaCjzGDKw,1354198820.024389,79733,sources/ronda2.send.ready.csv,PUMP holder pump_ui=1354198820.024389; system_wallet
pump_person,chainlords_pump_holder,38,GGDbtt9ArMC7R9kpmC7r1nQZbBy7Htumf1LSmchxs6zc,1354186461.402265,83997,sources/ronda2.send.ready.csv,PUMP holder pump_ui=1354186461.402265; system_wallet
pump_person,chainlords_pump_holder,39,rCTo9VHWqH5LLWCPoqPRvnDy7JTwCiECrvpWhqS38V6,1354186461.402265,82777,sources/ronda2.send.ready.csv,PUMP holder pump_ui=1354186461.402265; system_wallet
pump_person,chainlords_pump_holder,40,GJZgb2tYbxkJ1q9u5Xr8nDZtBypvwXQpNstrQ2P6UKh9,1354166676.666667,74553,sources/ronda2.send.ready.csv,PUMP holder pump_ui=1354166676.666667; system_wallet
pump_person,chainlords_pump_holder,41,1TQV75DZyj19JAuUq9RjvF4ceDuHzN1McQcggQ8u1ev,1354166676.666667,84857,sources/ronda2.send.ready.csv,PUMP holder pump_ui=1354166676.666667; system_wallet
pump_person,chainlords_pump_holder,42,DiAvwdBbGESA51bxH6UKv1c4AVrQNYkPuVaW46dy3LWg,1354166671.666667,87637,sources/ronda2.send.ready.csv,PUMP holder pump_ui=1354166671.666667; system_wallet
pump_person,chainlords_pump_holder,43,2Lwgk5qsbTPVcza28cNFzRHZXAhYBFagvFQTi19W4Lju,1259380621.682759,72859,sources/ronda2.send.ready.csv,PUMP holder pump_ui=1259380621.682759; system_wallet
pump_person,chainlords_pump_holder,44,8UjiSXFU45bZtovQjw6NCiNPBYFFLwzKcPCesFae1zGz,1249239334.298967,80340,sources/ronda2.send.ready.csv,PUMP holder pump_ui=1249239334.298967; system_wallet
pump_person,chainlords_pump_holder,45,3B7XAQrLoEMDEGvX8569F9GRb9PcXXocJmj5wvhhei9z,1229567419.812964,80965,sources/ronda2.send.ready.csv,PUMP holder pump_ui=1229567419.812964; system_wallet
pump_person,chainlords_pump_holder,46,38xCLm9kSExfGU1GdyVuX4vop7SZns9kU2mQyTmmMdUP,1156131359.49,87496,sources/ronda2.send.ready.csv,PUMP holder pump_ui=1156131359.49; system_wallet
pump_person,chainlords_pump_holder,47,8wM44Ryv9DFCSfkgUnPEPgnsc53arT4cnmXL6LnnC4UW,1113503392.692309,79999,sources/ronda2.send.ready.csv,PUMP holder pump_ui=1113503392.692309; system_wallet
pump_person,chainlords_pump_holder,48,86zviZwMGfYHwFzgV3p8MREMnvKmb69ZkxDBxeXmXDHj,1083355966.464423,82537,sources/ronda2.send.ready.csv,PUMP holder pump_ui=1083355966.464423; system_wallet
pump_person,chainlords_pump_holder,49,GgQX3bDNCaXu8pp4WYRamuKZzYezcVhf3PJh419Z4gSX,1083333443.333333,77654,sources/ronda2.send.ready.csv,PUMP holder pump_ui=1083333443.333333; system_wallet
pump_person,chainlords_pump_holder,50,4zg4mV2QNUsGN5qVbuKA3sqvkaPRkyb5gByjfRUH3uHn,1054657611.174218,81107,sources/ronda2.send.ready.csv,PUMP holder pump_ui=1054657611.174218; no_account_data
pump_person,chainlords_pump_holder,51,EPv4d221Dk5bY2rzB8a2BsHQ7sv9tHwKZeSoc1VLwNwT,1050016802.104691,73377,sources/ronda2.send.ready.csv,PUMP holder pump_ui=1050016802.104691; system_wallet
pump_person,chainlords_pump_holder,52,8dQH1VxZnD6N8iigY5EsjXbFyoETppzFEmVUfS7XKhMp,1041518925.980478,80082,sources/ronda2.send.ready.csv,PUMP holder pump_ui=1041518925.980478; system_wallet
pump_person,chainlords_pump_holder,53,zt27jpb8jfLg5e6fvnEgkfnNyxpqhJV4mcd1JneeQMW,1027032843.367326,78888,sources/ronda2.send.ready.csv,PUMP holder pump_ui=1027032843.367326; system_wallet
pump_person,chainlords_pump_holder,54,4UpsBxdSEqFafi5V8vNwEnWvzZmrxj8w8C36oQjtX2qK,1017529680.997588,73896,sources/ronda2.send.ready.csv,PUMP holder pump_ui=1017529680.997588; system_wallet
pump_person,chainlords_pump_holder,55,E3MhdiKia92MFswUHM68G4fqYCyF4EK7gJ5H1vTky9Cs,1000020050.893836,77404,sources/ronda2.send.ready.csv,PUMP holder pump_ui=1000020050.893836; system_wallet
pump_person,chainlords_pump_holder,56,3r8yisznwhwTc3zvRpwCNozv9UE1zHcpma2VpGL1cjEk,975854949.500936,85408,sources/ronda2.send.ready.csv,PUMP holder pump_ui=975854949.500936; no_account_data
pump_person,chainlords_pump_holder,57,AVPKzX2QZ8E23SWR728yhMTnnqr9UjAZdgemfaE3qHg5,928605590.933383,83319,sources/ronda2.send.ready.csv,PUMP holder pump_ui=928605590.933383; system_wallet
pump_person,chainlords_pump_holder,58,Dyo7tqec9dTED6kddpqj4e3L68HLC2VZAiboNsMzKUP4,925019279.352699,83653,sources/ronda2.send.ready.csv,PUMP holder pump_ui=925019279.352699; no_account_data
pump_person,chainlords_pump_holder,59,3Z2AqcKCmdcCZ3iCUiFKtwUbrmuPcefwN3xRLTdY7XyN,900937555.984549,76958,sources/ronda2.send.ready.csv,PUMP holder pump_ui=900937555.984549; system_wallet
pump_person,chainlords_pump_holder,60,75swTMMhfxwe8LfhpQBiwf39ECy9cyiV5w1Qs1BFy4P5,885245956.037052,86095,sources/ronda2.send.ready.csv,PUMP holder pump_ui=885245956.037052; system_wallet
pump_person,chainlords_pump_holder,61,Gaw3fcEJZkZjhmNp4zix5MHj82asVWv162nhDUo8bGvp,883723884.711167,74541,sources/ronda2.send.ready.csv,PUMP holder pump_ui=883723884.711167; no_account_data
pump_person,chainlords_pump_holder,62,5PAhQiYdLBd6SVdjzBQDxUAEFyDdF5ExNPQfcscnPRj5,870857687.531479,84712,sources/ronda2.send.ready.csv,PUMP holder pump_ui=870857687.531479; system_wallet
pump_person,chainlords_pump_holder,63,A6dzisAAZLYefzEJ1JKfTgtbopgd1JgC9KMp8q5s4Zu2,853142596.232061,85442,sources/ronda2.send.ready.csv,PUMP holder pump_ui=853142596.232061; system_wallet
pump_person,chainlords_pump_holder,64,9TwDYXWMrknd5Vgjifn529Ka9cj8Fjo5nMtv1NvYHmWH,815889314.359656,86843,sources/ronda2.send.ready.csv,PUMP holder pump_ui=815889314.359656; system_wallet
pump_person,chainlords_pump_holder,65,DphzLLtXz2B133xMZkAgVy42gTCxpztJzZtJ9Haq2eEv,812519589.32139,73619,sources/ronda2.send.ready.csv,PUMP holder pump_ui=812519589.32139; system_wallet
pump_person,chainlords_pump_holder,66,DPg3vkLhVG4DStXizsZfiMPNEgSMHVPW48uBYyuBc6iy,812516484.447968,84947,sources/ronda2.send.ready.csv,PUMP holder pump_ui=812516484.447968; system_wallet
pump_person,chainlords_pump_holder,67,6dwaj585LCV6R6gm5fKQ9XBbJz1Si7LKmgaDA6xgvUzt,800017190.596145,75703,sources/ronda2.send.ready.csv,PUMP holder pump_ui=800017190.596145; no_account_data
pump_person,chainlords_pump_holder,68,ED86KHerMiNnekX995NMvx9F3TaLEiAAoiAtrnKQcdh6,800016654.201175,86625,sources/ronda2.send.ready.csv,PUMP holder pump_ui=800016654.201175; no_account_data
pump_person,chainlords_pump_holder,69,4ERWabcgDyqjPAENHCXPPUE41zsGqPfUdNYbJ4XvxpB1,797900093.910019,78259,sources/ronda2.send.ready.csv,PUMP holder pump_ui=797900093.910019; no_account_data
pump_person,chainlords_pump_holder,70,EZ41WcMH3FmyWGV9WQaDLo5uo4ysVNdeAm1ZoTybxjsJ,770015458.366719,87193,sources/ronda2.send.ready.csv,PUMP holder pump_ui=770015458.366719; system_wallet
pump_person,chainlords_pump_holder,71,5X7QspyRDJUjCdBXB2u1vpuTj2seLCNZDAJZ8EWvBD5e,742811664.427057,84654,sources/ronda2.send.ready.csv,PUMP holder pump_ui=742811664.427057; system_wallet
pump_person,chainlords_pump_holder,72,44P5Ct5JkPz76Rs2K6juC65zXMpFRDrHatxcASJ4Dyra,742248575.064647,78815,sources/ronda2.send.ready.csv,PUMP holder pump_ui=742248575.064647; system_wallet
pump_person,chainlords_pump_holder,73,35qBSZhyoYFkz6wVpBib8qqzVEWHxkEBNYPdpHHaiUo5,724509341.881718,81867,sources/ronda2.send.ready.csv,PUMP holder pump_ui=724509341.881718; no_account_data
pump_person,chainlords_pump_holder,74,2s5CfZ3adDd52K3CEDr8CbtiZE56nYcx4XiBNiqZNCBe,717725004.692365,85810,sources/ronda2.send.ready.csv,PUMP holder pump_ui=717725004.692365; system_wallet
pump_person,chainlords_pump_holder,75,FbmX51eefDd2AeKjPFdAXhLdwUbnVGuYzEuNajC2Rg7e,717232804.440334,77800,sources/ronda2.send.ready.csv,PUMP holder pump_ui=717232804.440334; system_wallet
pump_person,chainlords_pump_holder,76,6EpVvvEkjgfGHLcg2bMJofmDHmybuLhfDW4YXfP6QZwP,713075733.571729,77732,sources/ronda2.send.ready.csv,PUMP holder pump_ui=713075733.571729; system_wallet
pump_person,chainlords_pump_holder,77,DHRqLgAvd7zbzbyAPYtyjwwhfuLXmUafFFDcd7MyczeF,701609530.979901,73442,sources/ronda2.send.ready.csv,PUMP holder pump_ui=701609530.979901; system_wallet
pump_person,chainlords_pump_holder,78,3ixYKp5PsdqykioextzwKjZBEpwnEDkiHTqgc5Z2piKS,625021990.831024,75191,sources/ronda2.send.ready.csv,PUMP holder pump_ui=625021990.831024; system_wallet
pump_person,chainlords_pump_holder,79,44YLvsHWqLctxjVBZeL77inGqn7sV64AFbp7bqhPPCN3,625014234.535336,74380,sources/ronda2.send.ready.csv,PUMP holder pump_ui=625014234.535336; no_account_data
pump_person,chainlords_pump_holder,80,BcmaXnztGU5ZS1TV5b9sebm1cYBNmr6YqXshcnR1G4dW,625012413.770637,72613,sources/ronda2.send.ready.csv,PUMP holder pump_ui=625012413.770637; system_wallet
pump_person,chainlords_pump_holder,81,7XQzhwiuvCFyXrxus5dbJd5vp55i6hCZTTqY2Ndx2jZY,620987951.738455,79346,sources/ronda2.send.ready.csv,PUMP holder pump_ui=620987951.738455; system_wallet
pump_person,chainlords_pump_holder,82,APNrkBFsTYjdK47TaZP64nvgUfmD77c7PyTBKYfA4ARC,616394809.781426,87624,sources/ronda2.send.ready.csv,PUMP holder pump_ui=616394809.781426; system_wallet
pump_person,chainlords_pump_holder,83,HoxNu7xsUSPGstLYKirtYpLjmnJBTz7gvdc7mD1uvqEn,613265330.283905,82466,sources/ronda2.send.ready.csv,PUMP holder pump_ui=613265330.283905; no_account_data
pump_person,chainlords_pump_holder,84,FX8yzhzUUM7VRo8syDBT523pbTj1TjEzY5vLLWSf91eD,609823340.306256,73531,sources/ronda2.send.ready.csv,PUMP holder pump_ui=609823340.306256; system_wallet
pump_person,chainlords_pump_holder,85,FixDET3jRBMjT9M69Wim8iRpMQiJHkSSfD7wivStuuph,605445935.965,87358,sources/ronda2.send.ready.csv,PUMP holder pump_ui=605445935.965; system_wallet
pump_person,chainlords_pump_holder,86,BXN4ryBpUZaw2s92k2E7tYc4pgHBreMyYZ578nbnHLTx,595714969.37056,78197,sources/ronda2.send.ready.csv,PUMP holder pump_ui=595714969.37056; system_wallet
pump_person,chainlords_pump_holder,87,31RVsZpcmXxxiqrC5CqhpUijkezAQET8hkR7TYpqzj7q,541678047.391324,76513,sources/ronda2.send.ready.csv,PUMP holder pump_ui=541678047.391324; system_wallet
pump_person,chainlords_pump_holder,88,8ehAfyVHFNfrhWU53KUJSm5VLAfY4DMP2ij7UckoBEwa,541676469.397825,85772,sources/ronda2.send.ready.csv,PUMP holder pump_ui=541676469.397825; system_wallet
pump_person,chainlords_pump_holder,89,ATfCpmes7oPGJpqe8Quv5TCHdiURTBWjg1tHvonbKxWD,541676469.397825,75801,sources/ronda2.send.ready.csv,PUMP holder pump_ui=541676469.397825; system_wallet
pump_person,chainlords_pump_holder,90,8UhkGHGLpc8QBdSFapt6pwGUD7msFGoo4Ef8xEH2pmn5,541676469.397825,86721,sources/ronda2.send.ready.csv,PUMP holder pump_ui=541676469.397825; system_wallet
pump_person,chainlords_pump_holder,91,bZt4BMafPUdqEDQTBwntKWxnm9i4jmGczgGoWEBhtBQ,541672952.426411,86983,sources/ronda2.send.ready.csv,PUMP holder pump_ui=541672952.426411; system_wallet
pump_person,chainlords_pump_holder,92,Gm98QzCfGfJaWWSvGNdPKza21kEs4VnYAs1EKzGy9dsC,540007285.683425,74304,sources/ronda2.send.ready.csv,PUMP holder pump_ui=540007285.683425; system_wallet
pump_person,chainlords_pump_holder,93,5vzRQzbR6i2796erutrboNs2rDVN7JA9mwpw45sBYp2g,534472146.954656,74292,sources/ronda2.send.ready.csv,PUMP holder pump_ui=534472146.954656; system_wallet
pump_person,chainlords_pump_holder,94,22Wnk8PwyWZV7BfkZGJEKT9jGGdtvu7xY6EXeRh7zkBa,523441515.886458,86723,sources/ronda2.send.ready.csv,PUMP holder pump_ui=523441515.886458; system_wallet
pump_person,chainlords_pump_holder,95,GcGJ1V1TNFScT4XzrTQKdZTqVmcheYmmieeK1rufr2yK,521975946.034553,74220,sources/ronda2.send.ready.csv,PUMP holder pump_ui=521975946.034553; system_wallet
pump_person,chainlords_pump_holder,96,4DPxYoJ5DgjvXPUtZdT3CYUZ3EEbSPj4zMNEVFJTd1Ts,517446773.0,84295,sources/ronda2.send.ready.csv,PUMP holder pump_ui=517446773; system_wallet
pump_person,chainlords_pump_holder,97,AGiAVqZiQrz32m1zKC5T4UfQKcDoGNG34sqSHSVNgwtv,509309380.128885,76978,sources/ronda2.send.ready.csv,PUMP holder pump_ui=509309380.128885; system_wallet
pump_person,chainlords_pump_holder,98,6BhBoBB47wSGjK5uzcGWNcTf2oNRPQNuv6GVdkNyj9PB,505155070.17,83780,sources/ronda2.send.ready.csv,PUMP holder pump_ui=505155070.17; system_wallet
pump_person,chainlords_pump_holder,99,AuqBCsK9p6JonDmf3SANmQLcuzVwC5vHGR7ztjTBQF3s,502005883.09398,74923,sources/ronda2.send.ready.csv,PUMP holder pump_ui=502005883.09398; system_wallet
pump_person,chainlords_pump_holder,100,9ksqdjfmkpy2iDjzngG8Aqez5reYDgezDDSSAF6ey3T2,500679381.264624,73428,sources/ronda2.send.ready.csv,PUMP holder pump_ui=500679381.264624; system_wallet
pump_person,chainlords_pump_holder,101,7exkjRpjaW5R3SbAQ9W5C5qqRiDyk1nZqJ4TuwWHQE2,500009114.270763,72802,sources/ronda2.send.ready.csv,PUMP holder pump_ui=500009114.270763; system_wallet
pump_person,chainlords_pump_holder,102,HXDAHHFXMHNpPStytzg8dmmePHUNFc1HAGSPWrBNxKGs,500007428.590594,82292,sources/ronda2.send.ready.csv,PUMP holder pump_ui=500007428.590594; system_wallet
pump_person,chainlords_pump_holder,103,DLUzWHBuZ4THC5gmeY3ohSNLKeNYnorspojGSyfKvxhr,493399857.320658,83247,sources/ronda2.send.ready.csv,PUMP holder pump_ui=493399857.320658; system_wallet
pump_person,chainlords_pump_holder,104,Ba64vywjQwvmennBzn8Yvaz3h2v8bwVBzao5cKNmc3c5,489839807.035566,77776,sources/ronda2.send.ready.csv,PUMP holder pump_ui=489839807.035566; system_wallet
pump_person,chainlords_pump_holder,105,DSNfdY4u1VD7XLRVDBQqMyVtpp1T7rjjxPNPkWuoR1Hb,477066764.850599,79998,sources/ronda2.send.ready.csv,PUMP holder pump_ui=477066764.850599; system_wallet
pump_person,chainlords_pump_holder,106,49mvMufixEbUMzZEUVAnbQ8hLLuEWy789XfKUNTz7wCv,473464471.195467,85882,sources/ronda2.send.ready.csv,PUMP holder pump_ui=473464471.195467; system_wallet
pump_person,chainlords_pump_holder,107,FdZHwBLQ1ppx7YBgGEpFcAsqd1W2dvqXLNd6D3ZqZJt5,456757331.689625,74371,sources/ronda2.send.ready.csv,PUMP holder pump_ui=456757331.689625; system_wallet
pump_person,chainlords_pump_holder,108,ASjcn6bnNQDBmmccben7JYipkXJxuFrzfpEYndNDpvfJ,450007571.426965,81505,sources/ronda2.send.ready.csv,PUMP holder pump_ui=450007571.426965; system_wallet
pump_person,chainlords_pump_holder,109,2Ejnns2Fd5gsZdFJbnkZmQEwbrgoiMc2ikKcS2z2Ps3e,436832435.633596,80141,sources/ronda2.send.ready.csv,PUMP holder pump_ui=436832435.633596; system_wallet
pump_person,chainlords_pump_holder,110,AVr8LrXzt3iFD9vKYkr6N2a7nopuKtdkdqwN3XrPmT3E,430573783.835139,82784,sources/ronda2.send.ready.csv,PUMP holder pump_ui=430573783.835139; system_wallet
pump_person,chainlords_pump_holder,111,ALynvqVUy4s4iKCkFis53GVHs5e8mnchfUJaGK1pM5Ki,406256796.679984,75680,sources/ronda2.send.ready.csv,PUMP holder pump_ui=406256796.679984; system_wallet
pump_person,chainlords_pump_holder,112,7eXM8HNAfXh3iNVdj2FnHN5HjWdJLYr5tUn2aCP2qeFo,406255885.531115,72444,sources/ronda2.send.ready.csv,PUMP holder pump_ui=406255885.531115; system_wallet
pump_person,chainlords_pump_holder,113,G8D4vceoJkDYemTTWwFoPmW4wBHmMeixa8vkrxkFZWSa,406253484.678308,86959,sources/ronda2.send.ready.csv,PUMP holder pump_ui=406253484.678308; system_wallet
pump_person,chainlords_pump_holder,114,5af4v4d8ZZobpdr8YRGakgydgRhPqw6Z19t8j5o7fabD,404966903.353357,78350,sources/ronda2.send.ready.csv,PUMP holder pump_ui=404966903.353357; system_wallet
pump_person,chainlords_pump_holder,115,4UP7t9p3HEd9gfF9gFKkGa1ZvLXFS2naHgnxB4fwpLfS,402988810.050084,76794,sources/ronda2.send.ready.csv,PUMP holder pump_ui=402988810.050084; system_wallet
pump_person,chainlords_pump_holder,116,8Q5h2sAmdHw3cuPEE9jPWrbK1mqJ8Vcqe91byQ9FUMTL,400011228.681773,83361,sources/ronda2.send.ready.csv,PUMP holder pump_ui=400011228.681773; system_wallet
pump_person,chainlords_pump_holder,117,4RwinJ2Rc1KPGYnifqoouQePA7hohgMD12hjBjjV77fG,394123249.79256,75209,sources/ronda2.send.ready.csv,PUMP holder pump_ui=394123249.79256; system_wallet
pump_person,chainlords_pump_holder,118,2pnU7DZxmPehXTURgsUG35dsGSpLtfTCJY6Zo1dBKyt7,380485539.36379,79408,sources/ronda2.send.ready.csv,PUMP holder pump_ui=380485539.36379; system_wallet
pump_person,chainlords_pump_holder,119,6FEVkH17P9y8Q9aCkDdPcMDjvj7SVxrTETaYEm8f51Jy,371530631.041514,81968,sources/ronda2.send.ready.csv,PUMP holder pump_ui=371530631.041514; system_wallet
pump_person,chainlords_pump_holder,120,7vxtQ7sDP28xiS2nUJbz8pRYMCWCUDtabeMEuBXSUZnr,366802826.675055,82659,sources/ronda2.send.ready.csv,PUMP holder pump_ui=366802826.675055; no_account_data
pump_person,chainlords_pump_holder,121,fxcuXATiH64ZBLDwGnW8yY32Gs74yAgPs7ifpgQ9VnU,365117580.617903,84898,sources/ronda2.send.ready.csv,PUMP holder pump_ui=365117580.617903; system_wallet
pump_person,chainlords_pump_holder,122,4D61gystQqfyw6GhUyHxPhwh3MMbXz2yATHCi8sWFtmh,360269624.378733,75678,sources/ronda2.send.ready.csv,PUMP holder pump_ui=360269624.378733; system_wallet
pump_person,chainlords_pump_holder,123,54Gizr4Z4kQ4eqLsGYkVeqCYP7V5M5Xm3CXXX2QYoubE,359260516.571291,82914,sources/ronda2.send.ready.csv,PUMP holder pump_ui=359260516.571291; system_wallet
pump_person,chainlords_pump_holder,124,8Mm46CsqxiyAputDUp2cXHg41HE3BfynTeMBDwzrMZQH,353160091.926215,79336,sources/ronda2.send.ready.csv,PUMP holder pump_ui=353160091.926215; system_wallet
pump_person,chainlords_pump_holder,125,Dr5oMBL2wpxPUCcEmCKdXPhioAWNRWYBv8Vyx6LRU1w7,333326801.941413,74175,sources/ronda2.send.ready.csv,PUMP holder pump_ui=333326801.941413; system_wallet
pump_person,chainlords_pump_holder,126,256Eh2SHgCtxhhdVWyJ6HyH4xDgdRP7R4ZbHn1GpLoUt,329569911.020936,82523,sources/ronda2.send.ready.csv,PUMP holder pump_ui=329569911.020936; system_wallet
pump_person,chainlords_pump_holder,127,6cmq4Gi9tczKBd4SgQdVPxGhGhRzSyYWXmQEqQh4b6pN,311817874.58648,72255,sources/ronda2.send.ready.csv,PUMP holder pump_ui=311817874.58648; system_wallet
pump_person,chainlords_pump_holder,128,FjxgGwchRnwxaEcTTNJ8MHkoUqZDHwuEVHawMGASx441,306265730.383837,79624,sources/ronda2.send.ready.csv,PUMP holder pump_ui=306265730.383837; system_wallet
pump_person,chainlords_pump_holder,129,DVRKLJ1a1R8RXtvPajhHBvuZzWpdJJC4XSUzXqnfJT54,305430861.517456,87998,sources/ronda2.send.ready.csv,PUMP holder pump_ui=305430861.517456; system_wallet
pump_person,chainlords_pump_holder,130,9trzhTbWL1oriXVJ1e9yCv5pYqx6YzsdVxESxH6Gjgi9,295031838.344243,83125,sources/ronda2.send.ready.csv,PUMP holder pump_ui=295031838.344243; system_wallet
pump_person,chainlords_pump_holder,131,6gVV6PiRfAmCWBocCAASyvhFjihBakxjybFEjRbSoKvr,293109419.388099,85134,sources/ronda2.send.ready.csv,PUMP holder pump_ui=293109419.388099; system_wallet
pump_person,chainlords_pump_holder,132,GFbzkxKE6wWgFmhdvmp13vfF6kVCvQ4k6dCZahLqL8Lg,290833207.97089,79609,sources/ronda2.send.ready.csv,PUMP holder pump_ui=290833207.97089; system_wallet
pump_person,chainlords_pump_holder,133,6rHo8LUSzyd3fX84nshmtPeFYAmzkE87wKzx2rmPKHQ2,282077349.969596,83278,sources/ronda2.send.ready.csv,PUMP holder pump_ui=282077349.969596; no_account_data
pump_person,chainlords_pump_holder,134,9RZd3P9RhJfmmLTRzmdwAzQkK28DJojvb9hExnU95pdR,281415443.226271,77831,sources/ronda2.send.ready.csv,PUMP holder pump_ui=281415443.226271; system_wallet
pump_person,chainlords_pump_holder,135,79F6D51MSKfjdK621TLnVgz35U3srZj1W8b9dxwBHAT1,273890710.803782,77349,sources/ronda2.send.ready.csv,PUMP holder pump_ui=273890710.803782; system_wallet
pump_person,chainlords_pump_holder,136,8gwXpNog7tHAKzXgzQCejm1yxM2Ai8SnVkWLRNBAznJt,273870248.149108,83265,sources/ronda2.send.ready.csv,PUMP holder pump_ui=273870248.149108; system_wallet
pump_person,chainlords_pump_holder,137,3HKnsZtQXrT42W8PVSLs6cTUQBC2BmuSRekMY2zYY87V,270838135.829703,80609,sources/ronda2.send.ready.csv,PUMP holder pump_ui=270838135.829703; system_wallet
pump_person,chainlords_pump_holder,138,GPdHif6uJQ4827bkDyE3BUDtWs3R57SyFKNFF2tcfW4U,270835767.534218,81566,sources/ronda2.send.ready.csv,PUMP holder pump_ui=270835767.534218; system_wallet
pump_person,chainlords_pump_holder,139,HagFJ5t7W1kRnbqkJxgvtuw1779ReeJ3gxCGGiEosWz,270835767.534218,78749,sources/ronda2.send.ready.csv,PUMP holder pump_ui=270835767.534218; system_wallet
pump_person,chainlords_pump_holder,140,Ev1AaPu4c6L1QEXZiLv9DkNBa3ZigddiXYFTk9tN2DoK,269258874.397604,86128,sources/ronda2.send.ready.csv,PUMP holder pump_ui=269258874.397604; system_wallet
pump_person,chainlords_pump_holder,141,4GC3a1RkRXx5shwGP8pTY6cxXgSWkbfc66vM53a6qSKj,267125832.093432,87436,sources/ronda2.send.ready.csv,PUMP holder pump_ui=267125832.093432; system_wallet
pump_person,chainlords_pump_holder,142,HiXhw6DyaFsGVntujTDrRcmutEWMfgD3edAhXZidv2PV,260594836.538807,76721,sources/ronda2.send.ready.csv,PUMP holder pump_ui=260594836.538807; system_wallet
pump_person,chainlords_pump_holder,143,3NFzQqWHMsdrazY2yrBWAhugR8gXtfBvCUQTHaPFZ27V,260568062.81,82222,sources/ronda2.send.ready.csv,PUMP holder pump_ui=260568062.81; system_wallet
pump_person,chainlords_pump_holder,144,GNLPhHS33k2pvgF9UZ6HjGTsGfgz7hxAMKiHQDsjFEAn,257968633.535769,76719,sources/ronda2.send.ready.csv,PUMP holder pump_ui=257968633.535769; system_wallet
pump_person,chainlords_pump_holder,145,FZ1t8TZtx7VSCQdBsxvFJiezj9paUBF6Ub7RKA2eTGyE,255879589.48,75339,sources/ronda2.send.ready.csv,PUMP holder pump_ui=255879589.48; system_wallet
pump_person,chainlords_pump_holder,146,FNQouGxDDAAaLVKKfXUZFp3uM925FYkpWhvkeykUViD9,255265195.487938,86800,sources/ronda2.send.ready.csv,PUMP holder pump_ui=255265195.487938; system_wallet
pump_person,chainlords_pump_holder,147,4peJMgPmYehSAwpxfimz5iCSTuumiRRnNuPMngSGyUBy,253920885.633466,84637,sources/ronda2.send.ready.csv,PUMP holder pump_ui=253920885.633466; system_wallet
pump_person,chainlords_pump_holder,148,ECUa5EfrNgNPAp4SsjZyf6qhS1rvQE14wvLBurYBctfw,251299373.853618,74998,sources/ronda2.send.ready.csv,PUMP holder pump_ui=251299373.853618; system_wallet
pump_person,chainlords_pump_holder,149,64CuV85HHCydAwxQMoXwZ9HXoyw5qE65NkiJxCtuFErF,250888782.714569,78269,sources/ronda2.send.ready.csv,PUMP holder pump_ui=250888782.714569; system_wallet
pump_person,chainlords_pump_holder,150,Hm4x3ZguFCXQgdbfhVv8ik6gyqBNwTWnhuEWTpY1jMeE,250002112.722691,82677,sources/ronda2.send.ready.csv,PUMP holder pump_ui=250002112.722691; system_wallet
pump_person,chainlords_pump_holder,151,Hxh1BueBBw8bWfdE7ciEvYhSkmT8K4SuZZh11ZaqYTdS,250001987.721572,75520,sources/ronda2.send.ready.csv,PUMP holder pump_ui=250001987.721572; system_wallet
pump_person,chainlords_pump_holder,152,F2fC7WD3MPs3Px68b66LA65jVouaiGVUvNHAjgfNzsHp,250001987.721572,74720,sources/ronda2.send.ready.csv,PUMP holder pump_ui=250001987.721572; system_wallet
pump_person,chainlords_pump_holder,153,H5B7YSEXkmsfPMpDb64UYsipd4ow6cRM7sVNSBoFTsjS,250001970.58535,85335,sources/ronda2.send.ready.csv,PUMP holder pump_ui=250001970.58535; system_wallet
pump_person,chainlords_pump_holder,154,8ec1wGmd87WUVmrgiiCKDqmeU7o7JVg2FwQVZUjY3KP,250000010.0,77441,sources/ronda2.send.ready.csv,PUMP holder pump_ui=250000010; no_account_data
pump_person,chainlords_pump_holder,155,5YRenKkxNMDREEs7JDAR1DBUxhnuXquYUd9XvH25RK8F,244438944.049995,72998,sources/ronda2.send.ready.csv,PUMP holder pump_ui=244438944.049995; system_wallet
pump_person,chainlords_pump_holder,156,4z56a1TK4utNZJYX9udBt45cpWUB1PMqB8NgRjTMkRJy,242664577.279766,75320,sources/ronda2.send.ready.csv,PUMP holder pump_ui=242664577.279766; system_wallet
pump_person,chainlords_pump_holder,157,8Qnp5yyLq6xPpegsEPcjYNQvqpzASx2Ar9EJhPNf5u38,232999884.73,75470,sources/ronda2.send.ready.csv,PUMP holder pump_ui=232999884.73; system_wallet
pump_person,chainlords_pump_holder,158,2UL8hbNaoErAYNePqgQYPP9yDCDRZGWbzKW4krLqkhNL,230512166.700394,73602,sources/ronda2.send.ready.csv,PUMP holder pump_ui=230512166.700394; system_wallet
pump_person,chainlords_pump_holder,159,8VgwfAxaNJTFrWSihtXj7LHyfhrogjjcYzk6Z3ev786K,229881725.775304,82171,sources/ronda2.send.ready.csv,PUMP holder pump_ui=229881725.775304; system_wallet
pump_person,chainlords_pump_holder,160,2ysGaM4dQcmVTVaW1RsxcRntVE4JK4XNwFX5LBEbUJfd,225946807.155802,85477,sources/ronda2.send.ready.csv,PUMP holder pump_ui=225946807.155802; system_wallet
pump_person,chainlords_pump_holder,161,DMe3ddj7awSR3LFC64rjmCPexsrSv33QAxFoJux4vGH3,220218690.265655,87729,sources/ronda2.send.ready.csv,PUMP holder pump_ui=220218690.265655; system_wallet
pump_person,chainlords_pump_holder,162,GBrURzmtWujJRTA3Bkvo7ZgWuZYLMMwPCwre7BejJXnK,220000000.0,79785,sources/ronda2.send.ready.csv,PUMP holder pump_ui=220000000; system_wallet
pump_person,chainlords_pump_holder,163,3Fy5oFavnWzTZ8YRBhZkyT3ioKtBSDVVxFkbSPefJHyF,217201715.101636,83870,sources/ronda2.send.ready.csv,PUMP holder pump_ui=217201715.101636; system_wallet
pump_person,chainlords_pump_holder,164,3Ln6KEgLoMR2xFHfqtYazP7CxFQPDtUVVtwCVsLKVfmV,213144564.158162,87283,sources/ronda2.send.ready.csv,PUMP holder pump_ui=213144564.158162; system_wallet
pump_person,chainlords_pump_holder,165,FFDAamfSQpoKsUKMjzt6rvzLAUQKfnSPFnBZQyZk8HWM,210099835.991025,84691,sources/ronda2.send.ready.csv,PUMP holder pump_ui=210099835.991025; system_wallet
pump_person,chainlords_pump_holder,166,GNRgBxkRFnyLYUTX8DSs3SM3Wm4jYSHQn6JQQVXapoRc,209095512.504889,78221,sources/ronda2.send.ready.csv,PUMP holder pump_ui=209095512.504889; system_wallet
pump_person,chainlords_pump_holder,167,65VinFQGGAdGr1VDYbBu1joNSYgYTNZdbEgTGBxnQ4iX,205226287.343776,85068,sources/ronda2.send.ready.csv,PUMP holder pump_ui=205226287.343776; no_account_data
pump_person,chainlords_pump_holder,168,2wKyvVH7NVXMqXNKsAJWa7JM1L7xSC6TsD99YFdL5BUW,203695760.467804,81610,sources/ronda2.send.ready.csv,PUMP holder pump_ui=203695760.467804; system_wallet
pump_person,chainlords_pump_holder,169,B86WT4kLrYrgwczM5yAayFsg3v3s9i5vMnNgPjB9nsg4,200000000.003259,78679,sources/ronda2.send.ready.csv,PUMP holder pump_ui=200000000.003259; system_wallet
pump_person,chainlords_pump_holder,170,zaScPesBAkywbPbhH9VbH6srm8398X1UJXpokLdVHVk,198001927.678374,76439,sources/ronda2.send.ready.csv,PUMP holder pump_ui=198001927.678374; system_wallet
pump_person,chainlords_pump_holder,171,77mCuhNEgFvvX3jw7afUmHnwVJLxw4H2Gzd5SX9TmEF6,190275612.380575,81837,sources/ronda2.send.ready.csv,PUMP holder pump_ui=190275612.380575; system_wallet
pump_person,chainlords_pump_holder,172,6xfPFKnwv48XvxpFf4athewqGFvSTKQcMmfzYapgZ2sG,183081048.938893,76920,sources/ronda2.send.ready.csv,PUMP holder pump_ui=183081048.938893; system_wallet
pump_person,chainlords_pump_holder,173,4raqd4tCEnm2yGeUocVqPgN2MPB1W6A3EZfC8LoMChvf,181597541.937183,77056,sources/ronda2.send.ready.csv,PUMP holder pump_ui=181597541.937183; system_wallet
pump_person,chainlords_pump_holder,174,CxS5Jppbm6nUuxrkse9fRqPQ61P9XpHemviTpeUSBTVN,181269293.006999,74447,sources/ronda2.send.ready.csv,PUMP holder pump_ui=181269293.006999; system_wallet
pump_person,chainlords_pump_holder,175,8d9FNC7AgKLTCPKNd3MMkLLXZYLmiYFYR3vfXMBNJVNx,180889919.94929,87581,sources/ronda2.send.ready.csv,PUMP holder pump_ui=180889919.94929; system_wallet
pump_person,chainlords_pump_holder,176,DMHbiCrrG4tiAprfa9Df8KXDG36Dg7xqpdATEAHFYFV9,180000000.0,82219,sources/ronda2.send.ready.csv,PUMP holder pump_ui=180000000; system_wallet
pump_person,chainlords_pump_holder,177,4yqgcP2EvCyyE14Zd9H2jPFMK59q67YUz7bBnUcKcfVE,179201648.665512,83346,sources/ronda2.send.ready.csv,PUMP holder pump_ui=179201648.665512; system_wallet
pump_person,chainlords_pump_holder,178,AHzDwT6cLxQAi3f14JHPAQF2texExGgd9BT9Vj6Fes7o,176044294.834126,77735,sources/ronda2.send.ready.csv,PUMP holder pump_ui=176044294.834126; system_wallet
pump_person,chainlords_pump_holder,179,AbVPC8iFQKF8cHhC7ouJaWgdQN5y5tfe9ogQ7Tzig9AL,173092862.469184,81437,sources/ronda2.send.ready.csv,PUMP holder pump_ui=173092862.469184; system_wallet
pump_person,chainlords_pump_holder,180,71S9JBgFBMntHdfdAoj4hafg8276kqHKcUrQZBkUX56m,170569495.945644,84512,sources/ronda2.send.ready.csv,PUMP holder pump_ui=170569495.945644; system_wallet
pump_person,chainlords_pump_holder,181,9Tv7siEtYvJCYTt1NEwt5NkZqgRCjBQBpnDKKVWPZtCT,170255551.065549,83529,sources/ronda2.send.ready.csv,PUMP holder pump_ui=170255551.065549; system_wallet
pump_person,chainlords_pump_holder,182,CSEncqtqbmNRjve42sNnbs5cCSmrjUNsAEwc17XY2RCs,170021057.0,85713,sources/ronda2.send.ready.csv,PUMP holder pump_ui=170021057; system_wallet
pump_person,chainlords_pump_holder,183,BFW2cjXqhk91B8cj9kPZvEPc8KFKgkN1eYux7QC2jqZB,169276165.076336,73713,sources/ronda2.send.ready.csv,PUMP holder pump_ui=169276165.076336; system_wallet
pump_person,chainlords_pump_holder,184,B2t62E6EebmN9mH3dZ31x9SgnoTv1JwsBZdhcAKMsQgL,169273360.802047,74728,sources/ronda2.send.ready.csv,PUMP holder pump_ui=169273360.802047; no_account_data
pump_person,chainlords_pump_holder,185,DXSUBCAqeggmfdUfwaDi6iL4sRpVgHFUsDV91ZYzuLve,169273360.802047,83806,sources/ronda2.send.ready.csv,PUMP holder pump_ui=169273360.802047; system_wallet
pump_person,chainlords_pump_holder,186,FZagRtCxFVCm3wydUMDQaAkohLZzZPrrmTa95Njn3LAe,169272326.513983,81085,sources/ronda2.send.ready.csv,PUMP holder pump_ui=169272326.513983; no_account_data
pump_person,chainlords_pump_holder,187,ZnCRSoMKXuTdrcVFbobUr6d9weCPegBtgdXPDzRRcjC,169272326.513983,87910,sources/ronda2.send.ready.csv,PUMP holder pump_ui=169272326.513983; system_wallet
pump_person,chainlords_pump_holder,188,6FfMD6kqraWzixZnEzyR6LHLw6oXgPpqSCK6UcXUv2sw,162208821.601073,77701,sources/ronda2.send.ready.csv,PUMP holder pump_ui=162208821.601073; system_wallet
pump_person,chainlords_pump_holder,189,gjsbSsJFUU3nKq3UVhLEXM5uDpoqhh1Qjj4aMqqEn4J,161876775.6037,81272,sources/ronda2.send.ready.csv,PUMP holder pump_ui=161876775.6037; system_wallet
pump_person,chainlords_pump_holder,190,4P4kEFxohJSAKawXK63JvRE6obYz5vUjJ8xX7swQ4DKW,158186535.882441,80983,sources/ronda2.send.ready.csv,PUMP holder pump_ui=158186535.882441; system_wallet
pump_person,chainlords_pump_holder,191,D8iishPEtB9XUF3rEtZVDR2cENKrWAvWtnEPTU8UWv56,157906379.404997,73903,sources/ronda2.send.ready.csv,PUMP holder pump_ui=157906379.404997; system_wallet
pump_person,chainlords_pump_holder,192,4y2T1ghykCTq4EddoXjptZamk4qAsqcZw6eKxS8jdvE1,157653876.228488,76412,sources/ronda2.send.ready.csv,PUMP holder pump_ui=157653876.228488; system_wallet
pump_person,chainlords_pump_holder,193,6bfRGGxk2H4c5phHUnskfLq77zCtC3MjjE67okyqpCVu,156252379.444903,73061,sources/ronda2.send.ready.csv,PUMP holder pump_ui=156252379.444903; system_wallet
pump_person,chainlords_pump_holder,194,GgG65z3MXpmGnV3ZapKv5ayDqox1x7CJnqP1LD8FaZdt,153195657.42379,80178,sources/ronda2.send.ready.csv,PUMP holder pump_ui=153195657.42379; system_wallet
pump_person,chainlords_pump_holder,195,GyL9JZ4PFFGd1LiX7tCWvjTAothh4XMPenbyu2ouZqbv,152853277.656977,80039,sources/ronda2.send.ready.csv,PUMP holder pump_ui=152853277.656977; system_wallet
pump_person,chainlords_pump_holder,196,JqmDJJnx8Qof7DsrJneKxvWEoxjG3EYF4KWrdeQcB6W,152553826.84356,75387,sources/ronda2.send.ready.csv,PUMP holder pump_ui=152553826.84356; system_wallet
pump_person,chainlords_pump_holder,197,62Qi5at2WQwFQqvieuYp2eBK7D2iQS1oNmE4NcLnXn2Y,151003817.585645,87349,sources/ronda2.send.ready.csv,PUMP holder pump_ui=151003817.585645; system_wallet
pump_person,chainlords_pump_holder,198,6HPXAWfk6rGq6JiTW3RRGwVbNjQQ79SNk3A2ACvBVdqs,150002284.667114,87805,sources/ronda2.send.ready.csv,PUMP holder pump_ui=150002284.667114; system_wallet
pump_person,chainlords_pump_holder,199,BCvYeeeehuPQ7gxGhzBjGTNEtCiSyPSbsKuCqapbSvVm,148783465.298421,80257,sources/ronda2.send.ready.csv,PUMP holder pump_ui=148783465.298421; system_wallet
pump_person,chainlords_pump_holder,200,AUbn1VFbvP1JWrfUbvuHQ2hr6SZxubDx5Fzy5xT3xS8b,148164444.801716,76254,sources/ronda2.send.ready.csv,PUMP holder pump_ui=148164444.801716; no_account_data
pump_person,chainlords_pump_holder,201,68VZ4TtQ6B4SQgoJ2AypqzZfCFNkH5Sbmsoc4Q9pnpcB,148062897.392288,74303,sources/ronda2.send.ready.csv,PUMP holder pump_ui=148062897.392288; system_wallet
pump_person,chainlords_pump_holder,202,Cc6t6Z1E8NRiM62Nd9J91TdYVAU2zBubPpLYLz4rrfaG,147542062.335601,79997,sources/ronda2.send.ready.csv,PUMP holder pump_ui=147542062.335601; system_wallet
pump_person,chainlords_pump_holder,203,AGVhmrhDi3RKLu9nxnRqp3CUpaG3SVeYXWkWcygHAk8N,146407816.005271,79970,sources/ronda2.send.ready.csv,PUMP holder pump_ui=146407816.005271; system_wallet
pump_person,chainlords_pump_holder,204,7oYppe9TU3yodYWvqADc6frfe36fS9357yJ4D7MMX8x1,146288736.210219,87833,sources/ronda2.send.ready.csv,PUMP holder pump_ui=146288736.210219; system_wallet
pump_person,chainlords_pump_holder,205,43DbAvKxhXh1oSxkJSqGosNw3HpBnmsWiak6tB5wpecN,143334075.862245,85542,sources/ronda2.send.ready.csv,PUMP holder pump_ui=143334075.862245; system_wallet
pump_person,chainlords_pump_holder,206,887vBqknV6hhUkFp1Fgf5GUkG3DmpcFQyWwsZSUJGEn3,141028875.619454,80999,sources/ronda2.send.ready.csv,PUMP holder pump_ui=141028875.619454; system_wallet
pump_person,chainlords_pump_holder,207,Bfb9yVKX3GHGDbdhAdKVu81Whm8crzxQRV4wdav2GD5Y,140058076.9611,78404,sources/ronda2.send.ready.csv,PUMP holder pump_ui=140058076.9611; system_wallet
pump_person,chainlords_pump_holder,208,GypEURvoCzn41hSDR7M4VgJyvoaz7nVaDkmAWDgan8sK,139149517.982169,77458,sources/ronda2.send.ready.csv,PUMP holder pump_ui=139149517.982169; system_wallet
pump_person,chainlords_pump_holder,209,53unSgGWqEWANcPYRF35B2Bgf8BkszUtcccKiXwGGLyr,135422293.694701,74458,sources/ronda2.send.ready.csv,PUMP holder pump_ui=135422293.694701; system_wallet
pump_person,chainlords_pump_holder,210,4o4gGeLZJQukQmrJ911wXqfwAsdoNf19t8D3VK6mivCA,135419006.191517,85895,sources/ronda2.send.ready.csv,PUMP holder pump_ui=135419006.191517; system_wallet
pump_person,chainlords_pump_holder,211,2TwGxSEkH6piC52tHSV1QksyySeY9NyuxSJP9vnD4WwZ,135419006.191517,74965,sources/ronda2.send.ready.csv,PUMP holder pump_ui=135419006.191517; system_wallet
pump_person,chainlords_pump_holder,212,EDGVXQPitgC7BcnD4zH4vKh1NttCfyC68T36Rw7Psw4N,135418649.474371,76791,sources/ronda2.send.ready.csv,PUMP holder pump_ui=135418649.474371; system_wallet
pump_person,chainlords_pump_holder,213,9vLTUDttJEGnP1d3qmMqDxiv7Z4X76EGfnQD2WuFRjCz,135418639.474227,87607,sources/ronda2.send.ready.csv,PUMP holder pump_ui=135418639.474227; system_wallet
pump_person,chainlords_pump_holder,214,GL8T72PKygWaYrLKtSteN9UUvYYnuC8azNDunk4eaqqQ,134741995.99,76075,sources/ronda2.send.ready.csv,PUMP holder pump_ui=134741995.99; system_wallet
pump_person,chainlords_pump_holder,215,6Q6Y3WXCV5wfpowjJ3zV6RA49ZYc7txEwWdTAews9iq4,134501998.72941,79619,sources/ronda2.send.ready.csv,PUMP holder pump_ui=134501998.72941; system_wallet
pump_person,chainlords_pump_holder,216,4JAsT9JHefbfdPrfB2k9yPssThb47Ze1yNdC9LVEZthy,134230258.884607,72143,sources/ronda2.send.ready.csv,PUMP holder pump_ui=134230258.884607; system_wallet
pump_person,chainlords_pump_holder,217,A4JVCGGwyacHaBnzL5DbBmWkseMhbcrbceVyxTxF6Bqr,133789221.955423,77957,sources/ronda2.send.ready.csv,PUMP holder pump_ui=133789221.955423; system_wallet
pump_person,chainlords_pump_holder,218,8ziMP4Bc5HnPjvdAQRnCed52QpvALQ16XHZ2PTGRKFM3,131894929.859844,87490,sources/ronda2.send.ready.csv,PUMP holder pump_ui=131894929.859844; system_wallet
pump_person,chainlords_pump_holder,219,8S3BjPnAygsmbGnxpLUNympLoeEnRJhyqHkpuxY6aMdC,131756472.927685,86163,sources/ronda2.send.ready.csv,PUMP holder pump_ui=131756472.927685; system_wallet
pump_person,chainlords_pump_holder,220,EENz7sF8owK3yRhMikarxfj7da5f79Kum2Pde5yiVkjo,130775670.542634,82377,sources/ronda2.send.ready.csv,PUMP holder pump_ui=130775670.542634; system_wallet
pump_person,chainlords_pump_holder,221,2YxQCXt9spMwoQZiwFLwdjHtscVvXi4nmxCkQCD6Rvgg,128071228.524607,85721,sources/ronda2.send.ready.csv,PUMP holder pump_ui=128071228.524607; system_wallet
pump_person,chainlords_pump_holder,222,D2eDjPbzYmYzUQasuqGsEP5muyGuanXeKeEtJw7zAo5u,126662195.749264,87202,sources/ronda2.send.ready.csv,PUMP holder pump_ui=126662195.749264; system_wallet
pump_person,chainlords_pump_holder,223,VCXLWcXDhEUSxcQvtnAvoPEwJrXGfwgJsaj6hFMn7zQ,125241323.034264,77283,sources/ronda2.send.ready.csv,PUMP holder pump_ui=125241323.034264; system_wallet
pump_person,chainlords_pump_holder,224,FEgfCaSjRke5NDKrzq8mmgRZbNX1gNvSMpwDc9XEMEC3,125115185.184678,72172,sources/ronda2.send.ready.csv,PUMP holder pump_ui=125115185.184678; system_wallet
pump_person,chainlords_pump_holder,225,EJxRGKxzAdjb7edFfMRtpqUM1zgXL96m1BCmaWuNXHL9,124610543.306713,85870,sources/ronda2.send.ready.csv,PUMP holder pump_ui=124610543.306713; system_wallet
pump_person,chainlords_pump_holder,226,BpvuD7wcEeuUQRFJLgwEDWYob3GaGTpACQpz3HAN2T1A,122739642.709835,82394,sources/ronda2.send.ready.csv,PUMP holder pump_ui=122739642.709835; system_wallet
pump_person,chainlords_pump_holder,227,9A9dUreQvTNoqNrqQC2DN1onfZWBtCBsTiuA6oGXZwc6,122643082.958,78097,sources/ronda2.send.ready.csv,PUMP holder pump_ui=122643082.958; system_wallet
pump_person,chainlords_pump_holder,228,J3wSkQQRR4xDya7uY9S3UM1Y84oKbFZh8eUHM8qu6vk5,120372740.090489,80266,sources/ronda2.send.ready.csv,PUMP holder pump_ui=120372740.090489; system_wallet
pump_person,chainlords_pump_holder,229,6JGvsM8dMXXLheM6td1vGtQwarCZoPCwBqVNX1W6cEGE,117036905.095,77140,sources/ronda2.send.ready.csv,PUMP holder pump_ui=117036905.095; system_wallet
pump_person,chainlords_pump_holder,230,4XUE9iX1fAXaLQLnBmDnv1ytuLw37Dtvg1NtLqN6z68h,114100386.757532,81528,sources/ronda2.send.ready.csv,PUMP holder pump_ui=114100386.757532; system_wallet
pump_person,chainlords_pump_holder,231,4DppPW6VkMqkTxhbXEzQLjzDUMPXFWKc4d8RdAkpcta1,113177168.645707,73446,sources/ronda2.send.ready.csv,PUMP holder pump_ui=113177168.645707; no_account_data
pump_person,chainlords_pump_holder,232,AuFwLmvZpDdeMFLNEVUw2MT8PnT8q6fxDk6WpzppQDZR,110000000.88259,78394,sources/ronda2.send.ready.csv,PUMP holder pump_ui=110000000.88259; system_wallet
pump_person,chainlords_pump_holder,233,Coz1QAJv9V9aeBi3XyCx4UrVuNxR115zetdA8zSD8MZB,109941981.796568,72631,sources/ronda2.send.ready.csv,PUMP holder pump_ui=109941981.796568; system_wallet
pump_person,chainlords_pump_holder,234,GV6UUmNxz2RpKxmNAPadYKb7uQpszwqQAu3qLJxVdC52,103117017.408842,78079,sources/ronda2.send.ready.csv,PUMP holder pump_ui=103117017.408842; system_wallet
pump_person,chainlords_pump_holder,235,C8XzHPYLiy6X8qDhe5cBocLEUEs4hdYDCha9i6Ex75Y3,101989713.722959,84626,sources/ronda2.send.ready.csv,PUMP holder pump_ui=101989713.722959; system_wallet
pump_person,chainlords_pump_holder,236,3wV9nLx8R9EV8h5Rq2BAaJMSPWazfrAnPMU5NCUYKrsm,100001156.657246,87718,sources/ronda2.send.ready.csv,PUMP holder pump_ui=100001156.657246; system_wallet
pump_person,chainlords_pump_holder,237,9yQSixSjv26vmXmnoLdkuos5fuaGdFF48mxzjX1guMHh,100001073.87964,86064,sources/ronda2.send.ready.csv,PUMP holder pump_ui=100001073.87964; system_wallet
pump_person,chainlords_pump_holder,238,FBQGkmj95q49ccbA8RLJFBJKRNYNwz7h4PofkxoxYugr,100000545.031712,83445,sources/ronda2.send.ready.csv,PUMP holder pump_ui=100000545.031712; system_wallet
pump_person,chainlords_pump_holder,239,B9hkoG8rjSsJ3FcjYMu2NDschscJvVSfjWZKrZYj22iv,100000386.204926,84114,sources/ronda2.send.ready.csv,PUMP holder pump_ui=100000386.204926; system_wallet
pump_person,chainlords_pump_holder,240,8fkxhFCCdzNRYQzvxgjKdFgQo9ya4it2W8GxFUup1qGd,100000000.0,78999,sources/ronda2.send.ready.csv,PUMP holder pump_ui=100000000; system_wallet
pump_person,chainlords_pump_holder,241,8CwBwNZdGzq4jsCxogAd7XjRVicp2XeiUgxzeffCrFMk,99119357.169077,78962,sources/ronda2.send.ready.csv,PUMP holder pump_ui=99119357.169077; system_wallet
pump_person,chainlords_pump_holder,242,A7J8TB7CHYEtLPirbm1c39VBa3AGp8R4ULry7q9sXcg1,98765424.148896,80699,sources/ronda2.send.ready.csv,PUMP holder pump_ui=98765424.148896; system_wallet
pump_person,chainlords_pump_holder,243,3XrqaGdaurstgTjbjoX4FpFUX3aSh3Abig99RkPGK1rG,97539598.267432,73568,sources/ronda2.send.ready.csv,PUMP holder pump_ui=97539598.267432; system_wallet
pump_person,chainlords_pump_holder,244,4xJeETiP1nQfk46bJUJ2n6pWmecQPfmZkuP22tWEznnx,95449184.69,83701,sources/ronda2.send.ready.csv,PUMP holder pump_ui=95449184.69; system_wallet
pump_person,chainlords_pump_holder,245,G4ZuKNUK81AfMTNXizokDVx7Q7Wa4MvnwphSvnG25VeU,95132653.993466,74141,sources/ronda2.send.ready.csv,PUMP holder pump_ui=95132653.993466; system_wallet
pump_person,chainlords_pump_holder,246,Hmiz98YWHu4R8hnatAzodmBQC6owNPW4cERSDcigQ9aQ,94972549.50625,78455,sources/ronda2.send.ready.csv,PUMP holder pump_ui=94972549.50625; system_wallet
pump_person,chainlords_pump_holder,247,C1RhFU5pmD4FcQGUi4MP3nzbLQf5vBJDfLLjCMPLnLLN,93822587.0864,77382,sources/ronda2.send.ready.csv,PUMP holder pump_ui=93822587.0864; system_wallet
pump_person,chainlords_pump_holder,248,6VSUzV9LtWgDJPLgjazn6MgBcJ3fKQV12i5dfKq4xMH3,93751093.803777,80844,sources/ronda2.send.ready.csv,PUMP holder pump_ui=93751093.803777; system_wallet
pump_person,chainlords_pump_holder,249,EhDyxGpEz9hryw6MwiBB7898WEzcoGTCAjVQMHbo6Q1M,93164149.509302,75794,sources/ronda2.send.ready.csv,PUMP holder pump_ui=93164149.509302; system_wallet
pump_person,chainlords_pump_holder,250,Am8MAEorCMAKxphqjAz3Ff59NEwPm4W2eS3DQLi2B4hg,93158076.032013,77764,sources/ronda2.send.ready.csv,PUMP holder pump_ui=93158076.032013; system_wallet
pump_person,chainlords_pump_holder,251,CmPWYBJUULrDrq6kNa3pXbELNeQBvJ48GfnoJs9UjVcs,92101763.950898,76510,sources/ronda2.send.ready.csv,PUMP holder pump_ui=92101763.950898; system_wallet
pump_person,chainlords_pump_holder,252,5yp2vYHbzTy8tgy9u6PmNJHZ3Dx8ktDVyRDtbtP9HHYF,91195744.941317,80888,sources/ronda2.send.ready.csv,PUMP holder pump_ui=91195744.941317; system_wallet
pump_person,chainlords_pump_holder,253,6D5BvU7VgaCG1SHXMDXVVdLhyhNZpRPeY6AQqk7x6U2G,90923938.778731,82951,sources/ronda2.send.ready.csv,PUMP holder pump_ui=90923938.778731; system_wallet
pump_person,chainlords_pump_holder,254,CSiN8176BNxwZP8y7KrVB5a3xVUkuyNosRr4Vzf1ezMc,89863107.115609,75255,sources/ronda2.send.ready.csv,PUMP holder pump_ui=89863107.115609; system_wallet
pump_person,chainlords_pump_holder,255,BN8rRoEifmfexngPpL4Rh8jpgi4VHizDXm15Qz81METK,89660423.843949,72523,sources/ronda2.send.ready.csv,PUMP holder pump_ui=89660423.843949; system_wallet
pump_person,chainlords_pump_holder,256,5WJi1s1Lmyz3uwrDThBGZgxtGms1fvBTy1LH1y8NzZ9s,88882548.515065,81276,sources/ronda2.send.ready.csv,PUMP holder pump_ui=88882548.515065; system_wallet
pump_person,chainlords_pump_holder,257,APSRwYPQwvsV5PivDVZeoKyHSRgrTvuJyfk2hdgMt58Y,88557281.293091,72777,sources/ronda2.send.ready.csv,PUMP holder pump_ui=88557281.293091; system_wallet
pump_person,chainlords_pump_holder,258,BmFdpraQhkiDQE6SnfG5omcA1VwzqfXrwtNYBwWTymy6,88406879.520136,73483,sources/ronda2.send.ready.csv,PUMP holder pump_ui=88406879.520136; system_wallet
pump_person,chainlords_pump_holder,259,HR4ZJkjRnunRUphqfCFZgfzrEzz97fU4n3a5GLYG1xnx,87993474.341706,78316,sources/ronda2.send.ready.csv,PUMP holder pump_ui=87993474.341706; system_wallet
pump_person,chainlords_pump_holder,260,8wLTN387C6P5rYqZH7L4fpU6NLHeVFYcxSykdAUWk8Wy,87292653.825781,83197,sources/ronda2.send.ready.csv,PUMP holder pump_ui=87292653.825781; system_wallet
pump_person,chainlords_pump_holder,261,2QaVaBFCBgGunQYZecvRsadDv8ASvLYx2mXHDvXnhtx4,87055554.089986,74295,sources/ronda2.send.ready.csv,PUMP holder pump_ui=87055554.089986; system_wallet
pump_person,chainlords_pump_holder,262,GYiTjQMimDiEPhksaajVteHR5wWfw5kNBx5Z4tBkx7UG,86975059.725537,76229,sources/ronda2.send.ready.csv,PUMP holder pump_ui=86975059.725537; system_wallet
pump_person,chainlords_pump_holder,263,ADqZYsW9SVZ6bCSGDqfBiPkfaZuQKGg79MA357otX8Ud,85464184.201481,75123,sources/ronda2.send.ready.csv,PUMP holder pump_ui=85464184.201481; system_wallet
pump_person,chainlords_pump_holder,264,8jKK3poedvbmQhDDX9zxSSGsEvKyWBEhbDoti4kppR9y,84935548.595712,85791,sources/ronda2.send.ready.csv,PUMP holder pump_ui=84935548.595712; system_wallet
pump_person,chainlords_pump_holder,265,HhAzbNeBpWstxYM1R12fD6hEeXuZ8zVa4dqmN2vc6yiX,84893456.413808,76222,sources/ronda2.send.ready.csv,PUMP holder pump_ui=84893456.413808; system_wallet
pump_person,chainlords_pump_holder,266,HeoSbuZQXqvAPK6tckuBHoRPmzJL9ud2odPPujnt2Ykk,83981705.125681,84766,sources/ronda2.send.ready.csv,PUMP holder pump_ui=83981705.125681; system_wallet
pump_person,chainlords_pump_holder,267,7u4SmR695hYNDwBE4yMNN6zxnSnEzBh9mkorM2jNNY8P,83762106.487639,82456,sources/ronda2.send.ready.csv,PUMP holder pump_ui=83762106.487639; system_wallet
pump_person,chainlords_pump_holder,268,JC4c8zRbi68Z1y4ovAXFMsFFbTc9K1DRsWdftNjCkUxc,83620851.710801,73451,sources/ronda2.send.ready.csv,PUMP holder pump_ui=83620851.710801; system_wallet
pump_person,chainlords_pump_holder,269,2rJ3JyiT2jVUgtGAkbgRYhAoda5chCoGAkLNWYHus25z,83334597.433717,85759,sources/ronda2.send.ready.csv,PUMP holder pump_ui=83334597.433717; system_wallet
pump_person,chainlords_pump_holder,270,EWJH1tZ7i7FsZBZVYVXyTu1rAyYtxWSS9gv1MJaknxdU,83281996.164127,87364,sources/ronda2.send.ready.csv,PUMP holder pump_ui=83281996.164127; system_wallet
pump_person,chainlords_pump_holder,271,9rrsyYStsj5TVQ63REsJS5AFXCRV2fkjpqH8gy8WVUNb,82863042.272953,81167,sources/ronda2.send.ready.csv,PUMP holder pump_ui=82863042.272953; system_wallet
pump_person,chainlords_pump_holder,272,C8DgY2dvb3m9roM6cuJYwYGe7GHyVKnUD9jwgPeaAW8w,82848313.644858,73939,sources/ronda2.send.ready.csv,PUMP holder pump_ui=82848313.644858; no_account_data
pump_person,chainlords_pump_holder,273,6XHzigwW96CXM98L19CMfphFfnW1e7Yn9JLFjtkdoGLh,82255316.60236,86181,sources/ronda2.send.ready.csv,PUMP holder pump_ui=82255316.60236; system_wallet
pump_person,chainlords_pump_holder,274,653oTK7oPTnj98AEct5LmvXDacCJXNwJyyoPoSyJguro,81250928.835565,82435,sources/ronda2.send.ready.csv,PUMP holder pump_ui=81250928.835565; no_account_data
pump_person,chainlords_pump_holder,275,FXhPLQp5LafQB97AwNsmp1ewmkNE3DckHQoCkhKJwPzW,81250432.377263,87180,sources/ronda2.send.ready.csv,PUMP holder pump_ui=81250432.377263; system_wallet
pump_person,chainlords_pump_holder,276,47Fh7EcPE9fi4EmTZeukLB1svFSJ6aLPpexTg7n8X1QN,80475590.470053,76317,sources/ronda2.send.ready.csv,PUMP holder pump_ui=80475590.470053; system_wallet
pump_person,chainlords_pump_holder,277,6o5YfCPhRNA2p5RSnMVC3aJhHiBZXGRFzzpfh5314kzg,78538483.219407,73648,sources/ronda2.send.ready.csv,PUMP holder pump_ui=78538483.219407; system_wallet
pump_person,chainlords_pump_holder,278,6orybtMkjGRyDRoqB5WWUpWWwD7C3R1qTMW6cqqcAJqY,77917547.728388,74847,sources/ronda2.send.ready.csv,PUMP holder pump_ui=77917547.728388; no_account_data
pump_person,chainlords_pump_holder,279,JDNNzPs3VDPCwKFjZsiq15r7nP13sUutkRyjTUTxkXEL,75849803.336785,74628,sources/ronda2.send.ready.csv,PUMP holder pump_ui=75849803.336785; system_wallet
pump_person,chainlords_pump_holder,280,Gmej9sdGjEy7hUs4xUoVSWLYvUCwJsrZUtu3xYmjFRMM,75776883.85166,84679,sources/ronda2.send.ready.csv,PUMP holder pump_ui=75776883.85166; system_wallet
pump_person,chainlords_pump_holder,281,HxxW8jrRUXxqm5BWyDxvQL7LmiyVvhDmmNnpkaZoMqdC,75663959.986958,82893,sources/ronda2.send.ready.csv,PUMP holder pump_ui=75663959.986958; system_wallet
pump_person,chainlords_pump_holder,282,5fYmcKbdswHsp4b1UBmECDDg116REzfmSwDE4VhK9URd,75277235.591028,76163,sources/ronda2.send.ready.csv,PUMP holder pump_ui=75277235.591028; system_wallet
pump_person,chainlords_pump_holder,283,BzrAkcqkcYLwcsx1FrTgRFCX2u3553nhG7o5p3KsB9Ee,75192562.426256,86890,sources/ronda2.send.ready.csv,PUMP holder pump_ui=75192562.426256; system_wallet
pump_person,chainlords_pump_holder,284,f4CMmXJCRu4fzyqZPkDiFhGKAeCo1s7sxUtPKQp9SDy,75009461.474999,79413,sources/ronda2.send.ready.csv,PUMP holder pump_ui=75009461.474999; system_wallet
pump_person,chainlords_pump_holder,285,6i2aHtxfqkC2biTo98FSkP59FVHPKFRLZWDbdghN6WKK,74098371.210022,79449,sources/ronda2.send.ready.csv,PUMP holder pump_ui=74098371.210022; system_wallet
pump_person,chainlords_pump_holder,286,6UV3ygYGhu9JMKC9wuDGWNwaP9u4c4tJaxNPu77bMF6h,74082797.939939,78998,sources/ronda2.send.ready.csv,PUMP holder pump_ui=74082797.939939; system_wallet
pump_person,chainlords_pump_holder,287,dfSzRvYp6vDxkX7WjSuHtwwNKY7fL7SPY4x7LJ5SP78,73959135.960853,77230,sources/ronda2.send.ready.csv,PUMP holder pump_ui=73959135.960853; system_wallet
pump_person,chainlords_pump_holder,288,6v434aRMo8S21HFWVUVT9bfqF11nwoH6PM7bJJzQGPhW,72211197.054375,80488,sources/ronda2.send.ready.csv,PUMP holder pump_ui=72211197.054375; system_wallet
pump_person,chainlords_pump_holder,289,FxmR1j3mDiPnyTT1mW4vX6drikupeTf4Tb7hEp4XCAb2,71996242.749826,73032,sources/ronda2.send.ready.csv,PUMP holder pump_ui=71996242.749826; system_wallet
pump_person,chainlords_pump_holder,290,3aDPJiuydGDUcHZVVhGhyhnZ55QbBdxsmymVmhZBaa1f,71525883.590028,87121,sources/ronda2.send.ready.csv,PUMP holder pump_ui=71525883.590028; system_wallet
pump_person,chainlords_pump_holder,291,51j9pR4HSEhaq9dun8LGFhNF3grVeaFRfME8MvFJYRQm,71200368.599693,74864,sources/ronda2.send.ready.csv,PUMP holder pump_ui=71200368.599693; system_wallet
pump_person,chainlords_pump_holder,292,J47kX7PQeRFygZYygyST8n8ZEibyp4PDBcKht29mKaNM,69000318.56656,72192,sources/ronda2.send.ready.csv,PUMP holder pump_ui=69000318.56656; system_wallet
pump_person,chainlords_pump_holder,293,9u4puJNsa2v7Tiq2gxGvnSnJJmEvj3SN2ikqt74kZvWy,67775524.753232,80210,sources/ronda2.send.ready.csv,PUMP holder pump_ui=67775524.753232; system_wallet
pump_person,chainlords_pump_holder,294,ENY67TkMBSZTdutL55aSoMoohvugz3BcrMQ9vgRwVJjg,67765469.42091,81758,sources/ronda2.send.ready.csv,PUMP holder pump_ui=67765469.42091; system_wallet
pump_person,chainlords_pump_holder,295,GmkySYxUg2xBvt3rtDxGs8EBFkEZ3398rGBWp6kqxxYi,66752765.094669,79682,sources/ronda2.send.ready.csv,PUMP holder pump_ui=66752765.094669; system_wallet
pump_person,chainlords_pump_holder,296,6VL2QW6sy8cjxL24xHL7eFbnUSi35DMJd8AzRwssSs9y,66055843.099072,74681,sources/ronda2.send.ready.csv,PUMP holder pump_ui=66055843.099072; no_account_data
pump_person,chainlords_pump_holder,297,HCEFQ2vUPWUWpczbGswrnFjarzR92c6ezd1VLNNr3h9t,65866921.100023,80051,sources/ronda2.send.ready.csv,PUMP holder pump_ui=65866921.100023; system_wallet
pump_person,chainlords_pump_holder,298,DF55HEiYK6QDdTMmWuH9vRqaVCvNr4LpjqfNRYv3oSjR,65763809.805491,87239,sources/ronda2.send.ready.csv,PUMP holder pump_ui=65763809.805491; system_wallet
pump_person,chainlords_pump_holder,299,FRZA5KgoWABae4Q47zjv2xhwA6JaFbPCjtpZquzpoqG2,65223341.756141,75994,sources/ronda2.send.ready.csv,PUMP holder pump_ui=65223341.756141; system_wallet
pump_person,chainlords_pump_holder,300,CbxqjVH92zoosFA7sRAr6jRUrx6qzzPVTHSB8VCur4m2,65216046.000014,80419,sources/ronda2.send.ready.csv,PUMP holder pump_ui=65216046.000014; system_wallet
pump_person,chainlords_pump_holder,301,A6ymyBiv6EYhFbN6MacQCTH4x71GGpW5gZfwmGFmirMi,62502884.274836,78267,sources/ronda2.send.ready.csv,PUMP holder pump_ui=62502884.274836; system_wallet
pump_person,chainlords_pump_holder,302,ABAMmaG7UB5v3B9vb6DVJj5Sx7e9VTBEts8pFpj4YgCf,62500634.252003,76742,sources/ronda2.send.ready.csv,PUMP holder pump_ui=62500634.252003; system_wallet
pump_person,chainlords_pump_holder,303,CGBhVmFinPKZvwcfLBJMSWukfRFT9aA3HvCHszxrGG8R,61748386.246356,82872,sources/ronda2.send.ready.csv,PUMP holder pump_ui=61748386.246356; system_wallet
pump_person,chainlords_pump_holder,304,7w9UBJnbospqSMvekAaxpXznTf2dDpTHVvb5mtT4BKYi,60000553.279339,82690,sources/ronda2.send.ready.csv,PUMP holder pump_ui=60000553.279339; system_wallet
pump_person,chainlords_pump_holder,305,BXG4aftJWM7SCcMKx7t7Ct1JDNFgRCJfF3gJrt1jcmCe,60000278.790642,80590,sources/ronda2.send.ready.csv,PUMP holder pump_ui=60000278.790642; system_wallet
pump_person,chainlords_pump_holder,306,6HzyUvinGxjnsnB4C9u8HL33YuPej6Nfxo225S9UTGV4,59345649.717866,76263,sources/ronda2.send.ready.csv,PUMP holder pump_ui=59345649.717866; system_wallet
pump_person,chainlords_pump_holder,307,63pVQRcPUjphDSu9MadfNAuKpjBWQUBpC6Tz2A8nSzrK,59279236.888777,81082,sources/ronda2.send.ready.csv,PUMP holder pump_ui=59279236.888777; system_wallet
pump_person,chainlords_pump_holder,308,9E4fv9BsJ2BwkNBXDeUgpJYtrYPheMQWYFcxGYxDFshX,59253188.740332,87852,sources/ronda2.send.ready.csv,PUMP holder pump_ui=59253188.740332; system_wallet
pump_person,chainlords_pump_holder,309,F8jBtFFt6V2MJinfbDgJUyWgTPJtag7KsJXbpk2VXDXQ,59022990.542945,87209,sources/ronda2.send.ready.csv,PUMP holder pump_ui=59022990.542945; system_wallet
pump_person,chainlords_pump_holder,310,AobVSwdW9BbpMdJvTqeCN4hPAmh4rHm7vwLnQ5ATSyrS,58677301.504628,87985,sources/ronda2.send.ready.csv,PUMP holder pump_ui=58677301.504628; system_wallet
pump_person,chainlords_pump_holder,311,42ByMmQW9vNJpiDXtgRA8S8hWCUHFteTbHj3AWHnUBiA,58500634.252003,78052,sources/ronda2.send.ready.csv,PUMP holder pump_ui=58500634.252003; system_wallet
pump_person,chainlords_pump_holder,312,9feRiedSbXhV54GmninTFg2XbDpHRLNTViLQAMz7kSjZ,58355062.414327,83679,sources/ronda2.send.ready.csv,PUMP holder pump_ui=58355062.414327; system_wallet
pump_person,chainlords_pump_holder,313,7Vq3ATcXqvZZJzYTwqM5KqnwgzyPFYvFuqJpuM786gwn,57317882.046955,81388,sources/ronda2.send.ready.csv,PUMP holder pump_ui=57317882.046955; system_wallet
pump_person,chainlords_pump_holder,314,7CscJrKVE64TvXXNS3uRQ3aQXmdSfWcrBYBSRcxwCUtw,56972434.866063,78550,sources/ronda2.send.ready.csv,PUMP holder pump_ui=56972434.866063; system_wallet
pump_person,chainlords_pump_holder,315,Av2nB9wRozgetnmxZ4hpLHPrqzVQc2eyiCE34LyaXNgZ,56863768.721585,73074,sources/ronda2.send.ready.csv,PUMP holder pump_ui=56863768.721585; system_wallet
pump_person,chainlords_pump_holder,316,Cw32Ny2xcYdpfJmvFd7h2pRhcbcjoJFq8KrrA8YLwZeh,56781000.0,81149,sources/ronda2.send.ready.csv,PUMP holder pump_ui=56781000; system_wallet
pump_person,chainlords_pump_holder,317,D6ygnNUcwAQ2BdGeQ3fVLs7EiMXGpLQpbVV1fQZaDADK,56761303.530206,80834,sources/ronda2.send.ready.csv,PUMP holder pump_ui=56761303.530206; system_wallet
pump_person,chainlords_pump_holder,318,65hepC1qGo797qR8Bvm3x5C4pUaVUGZCPZdTJ9tZDhk9,56461600.645818,83663,sources/ronda2.send.ready.csv,PUMP holder pump_ui=56461600.645818; system_wallet
pump_person,chainlords_pump_holder,319,HP17G6p11uMpWXrKyfnPePYaXnAd817Ghthf5Z2277cj,55584657.760345,80661,sources/ronda2.send.ready.csv,PUMP holder pump_ui=55584657.760345; system_wallet
pump_person,chainlords_pump_holder,320,36834KCzNbkkpgJ6rJTzKv8dvPheow1knJLwAqqukswC,55427142.458899,76606,sources/ronda2.send.ready.csv,PUMP holder pump_ui=55427142.458899; system_wallet
pump_person,chainlords_pump_holder,321,AwW89PW2GYGRYmhBV1bnfoS9kRXgWcW5PCvr5nH4uCWC,54908041.22799,83067,sources/ronda2.send.ready.csv,PUMP holder pump_ui=54908041.22799; system_wallet
pump_person,chainlords_pump_holder,322,FYPAkrEm6HoFgt7y8rLoU3ikVYQVTx9ahmp5wQJBhECM,54845353.412608,84721,sources/ronda2.send.ready.csv,PUMP holder pump_ui=54845353.412608; system_wallet
pump_person,chainlords_pump_holder,323,JBJNZvZZSrAMDg1QoiSNWmi7ygPZGFLDyNMxK3ohEL7k,54785328.07622,81326,sources/ronda2.send.ready.csv,PUMP holder pump_ui=54785328.07622; system_wallet
pump_person,chainlords_pump_holder,324,Ga55aQZCrHfaJUWnBaVxWxSLEYpfdXPrzpmujpqr3VZA,54485879.195091,85572,sources/ronda2.send.ready.csv,PUMP holder pump_ui=54485879.195091; system_wallet
pump_person,chainlords_pump_holder,325,6SF8A35Q6Sf7FV4adDdxta3UFvZVRGP1fHeFBsrxuYht,54082083.074334,81515,sources/ronda2.send.ready.csv,PUMP holder pump_ui=54082083.074334; system_wallet
pump_person,chainlords_pump_holder,326,GBJBh1PESjmntwG4kCgaN3ntuQDmqNYjvmNKxw1UVTB9,54080945.166737,73365,sources/ronda2.send.ready.csv,PUMP holder pump_ui=54080945.166737; system_wallet
pump_person,chainlords_pump_holder,327,A77HErqtfN1hLLpvZ9pCtu66FEtM8BveoaKbbMoZ4RiR,54037676.671949,75211,sources/ronda2.send.ready.csv,PUMP holder pump_ui=54037676.671949; system_wallet
pump_person,chainlords_pump_holder,328,4gXs8oc2yEwDTPkDyo6V8ZixheTCZvu8JicrEuDat8tH,54012115.111959,82995,sources/ronda2.send.ready.csv,PUMP holder pump_ui=54012115.111959; system_wallet
pump_person,chainlords_pump_holder,329,961c1qZtbED8Z6H1gV4jUuqz9MS7XM2G64qeoCQg19to,53955609.574579,72597,sources/ronda2.send.ready.csv,PUMP holder pump_ui=53955609.574579; system_wallet
pump_person,chainlords_pump_holder,330,3oSZX3QC4Tgb7FETT4TeptDfU7E5bNDANbY4Zj7rhU4G,53931322.208787,85388,sources/ronda2.send.ready.csv,PUMP holder pump_ui=53931322.208787; system_wallet
pump_person,chainlords_pump_holder,331,3onDYvqYKe9vMC4zajZK1uGaBH3qhS34BRQr4KTQK3uF,53163196.136669,74256,sources/ronda2.send.ready.csv,PUMP holder pump_ui=53163196.136669; system_wallet
pump_person,chainlords_pump_holder,332,7T7xBJVBsQvMLypWAMEBbqsy12i65FnuJMdDV9vHdRMU,52921357.292505,87347,sources/ronda2.send.ready.csv,PUMP holder pump_ui=52921357.292505; system_wallet
pump_person,chainlords_pump_holder,333,DSFWxvJjgvLbVqoQ1Zwoe1iVHhwFgrfSiF3ZK1h7nd1K,52765481.910435,76825,sources/ronda2.send.ready.csv,PUMP holder pump_ui=52765481.910435; system_wallet
pump_person,chainlords_pump_holder,334,9obNtb5GyUegcs3a1CbBkLuc5hEWynWfJC6gjz5uWQkE,52600543.111431,86070,sources/ronda2.send.ready.csv,PUMP holder pump_ui=52600543.111431; system_wallet
pump_person,chainlords_pump_holder,335,GjVYAYxRyChHnMLVyFFtdQKtHJkuC4UHBR219Wna4ngs,52571404.4551,83448,sources/ronda2.send.ready.csv,PUMP holder pump_ui=52571404.4551; system_wallet
pump_person,chainlords_pump_holder,336,6Cwj3rGV6JPB7UGaox1cPs4UQ5aqcufuimm1v83bG4ug,52240669.683483,86187,sources/ronda2.send.ready.csv,PUMP holder pump_ui=52240669.683483; system_wallet
pump_person,chainlords_pump_holder,337,ChbMBbBvZmTAuTHFjAoCgUAJQfKkpwfrdMT9cGzv45Tb,52083813.610537,81892,sources/ronda2.send.ready.csv,PUMP holder pump_ui=52083813.610537; system_wallet
pump_person,chainlords_pump_holder,338,MfDuWeqSHEqTFVYZ7LoexgAK9dxk7cy4DFJWjWMGVWa,52067523.250883,85854,sources/ronda2.send.ready.csv,PUMP holder pump_ui=52067523.250883; system_wallet
pump_person,chainlords_pump_holder,339,nya666pQkP3PzWxi7JngU3rRMHuc7zbLK8c8wxQ4qpT,51576740.2707,87942,sources/ronda2.send.ready.csv,PUMP holder pump_ui=51576740.2707; system_wallet
pump_person,chainlords_pump_holder,340,3RDymGPG9TvcKnVUgg7ikQnSTteXSGj93WwYF2z3x8cA,51321935.490092,75389,sources/ronda2.send.ready.csv,PUMP holder pump_ui=51321935.490092; system_wallet
pump_person,chainlords_pump_holder,341,5a6sar9RALAk5NwtUttPfP3SBs9EN8m8xDhzshZu2y5n,51221476.72491,85207,sources/ronda2.send.ready.csv,PUMP holder pump_ui=51221476.72491; system_wallet
pump_person,chainlords_pump_holder,342,7r3uA7N3YkEMRusfmEfztZy1xHie8tsfDVPge7tiWCNX,51008478.861287,73378,sources/ronda2.send.ready.csv,PUMP holder pump_ui=51008478.861287; system_wallet
pump_person,chainlords_pump_holder,343,DPVyMyeKjGaFugddvr1EVifRYZmFL1qzACnEcV8WbAuo,50695734.061033,78462,sources/ronda2.send.ready.csv,PUMP holder pump_ui=50695734.061033; system_wallet
pump_person,chainlords_pump_holder,344,AxVn8rB4BLFUxvPhBywQnca11iMapKP38Cd78jDgx5zR,50356745.306201,76313,sources/ronda2.send.ready.csv,PUMP holder pump_ui=50356745.306201; system_wallet
pump_person,chainlords_pump_holder,345,HgidJD2zcYuqVgfabkyveAEAu7QFS49X4bCAqPti8Gvq,50299168.248893,77795,sources/ronda2.send.ready.csv,PUMP holder pump_ui=50299168.248893; system_wallet
pump_person,chainlords_pump_holder,346,4i9t7sem7FyWJ1YX44xYoV6EpvxVhPn3byKVcNgeonbg,50108842.91249,80462,sources/ronda2.send.ready.csv,PUMP holder pump_ui=50108842.91249; system_wallet
pump_person,chainlords_pump_holder,347,9S8Kh6qo4HSJfYKmNJkMkzDGQgXGGmqgYFy6Up11PM1d,50099081.831337,72364,sources/ronda2.send.ready.csv,PUMP holder pump_ui=50099081.831337; system_wallet
pump_person,chainlords_pump_holder,348,E5A5Sw7q7PoPyvhnf9HdVESDf1pTbVjWG3HRrtdHoE5H,50057149.08885,86762,sources/ronda2.send.ready.csv,PUMP holder pump_ui=50057149.08885; system_wallet
pump_person,chainlords_pump_holder,349,Gf6wvaWvvDRJqj2e3k43uFiA6uwZBK2MesE3oLuFXMG3,50057022.790096,72752,sources/ronda2.send.ready.csv,PUMP holder pump_ui=50057022.790096; system_wallet
pump_person,chainlords_pump_holder,350,7iBFUna6yLia5EtnR2VapvnSEPBApYh1SxRfbAvN5LpH,50000461.066116,85652,sources/ronda2.send.ready.csv,PUMP holder pump_ui=50000461.066116; system_wallet
pump_person,chainlords_pump_holder,351,FLjJhRKPUtZ6DiyFkrsovpF6DMmPLpCFkS67daW8XaR3,50000180.13651,73749,sources/ronda2.send.ready.csv,PUMP holder pump_ui=50000180.13651; system_wallet
pump_person,chainlords_pump_holder,352,8nLyjrYpADH3WLFrGFxezCyMpCv8TR6j6erzovdQKwCV,50000171.493445,81448,sources/ronda2.send.ready.csv,PUMP holder pump_ui=50000171.493445; system_wallet
pump_person,chainlords_pump_holder,353,Bgk1EcweyxFaihfq8zhC6ABJWtVSy5c1NbbAFr3dQotp,50000000.763903,73367,sources/ronda2.send.ready.csv,PUMP holder pump_ui=50000000.763903; system_wallet
pump_person,chainlords_pump_holder,354,FLRoCp5HU99TzgmzUJbqryUKHtUwGs2tiMfUc9FFRtK8,50000000.0,75975,sources/ronda2.send.ready.csv,PUMP holder pump_ui=50000000; system_wallet
pump_person,chainlords_pump_holder,355,8EzBD2Tk1L3iFarkcR5YMYZsvKoEbsE2tkZF2i8ng3gJ,49850084.67946,81999,sources/ronda2.send.ready.csv,PUMP holder pump_ui=49850084.67946; system_wallet
pump_person,chainlords_pump_holder,356,CKq9hf73TV2tUrgQHS455qATatvwNsJ2t7FXjmhAX2Z7,49805084.043457,76076,sources/ronda2.send.ready.csv,PUMP holder pump_ui=49805084.043457; system_wallet
pump_person,chainlords_pump_holder,357,HFWv1riXSRJ3nVnnLZ9xi1K4r3zppRvcfVuiAGqAA8Y6,49325558.297313,73754,sources/ronda2.send.ready.csv,PUMP holder pump_ui=49325558.297313; system_wallet
pump_person,chainlords_pump_holder,358,66No4S7sgq5HQHLnGSAKkm2ZpYTYRtGjYGxaUKPqijtw,49081150.111491,83544,sources/ronda2.send.ready.csv,PUMP holder pump_ui=49081150.111491; system_wallet
pump_person,chainlords_pump_holder,359,G9RCBaYb8aBRxoe8QBC2ucGrVqjuZFysRhY8d56cnNT1,48500881.23,83235,sources/ronda2.send.ready.csv,PUMP holder pump_ui=48500881.23; system_wallet
pump_person,chainlords_pump_holder,360,6voGN2kpUdXcBYaZY5vTXVeCDNSRfXfWLPbL7RgsdEYH,48490338.140913,85928,sources/ronda2.send.ready.csv,PUMP holder pump_ui=48490338.140913; system_wallet
pump_person,chainlords_pump_holder,361,FdhpxuCPYWM98q5q1rHLAYRfXFsHUCzaos5ogz4prR7r,48439406.296099,79364,sources/ronda2.send.ready.csv,PUMP holder pump_ui=48439406.296099; system_wallet
pump_person,chainlords_pump_holder,362,22jKZvsizPP6qMnEfmDvMExjQfvnQAyvid1CH4VsArbz,48388490.084523,79229,sources/ronda2.send.ready.csv,PUMP holder pump_ui=48388490.084523; system_wallet
pump_person,chainlords_pump_holder,363,FkaLnX17cXZGyeu3kZGdHCNdFMJJzBrPPYVvd18B3MZp,48345688.992051,77692,sources/ronda2.send.ready.csv,PUMP holder pump_ui=48345688.992051; system_wallet
pump_person,chainlords_pump_holder,364,FLWxH6bJtGzxj5xfWXR2U666SXvcKy2UZ2bNMx5cuEFk,47328013.652063,85551,sources/ronda2.send.ready.csv,PUMP holder pump_ui=47328013.652063; system_wallet
pump_person,chainlords_pump_holder,365,CRcheT7YEMRS6TzFEyxDEC8urw57YL4voiESdV2xkMv2,47314613.067646,78666,sources/ronda2.send.ready.csv,PUMP holder pump_ui=47314613.067646; system_wallet
pump_person,chainlords_pump_holder,366,EuH2wD3rkVp5uosoL8v5kRTMLT5L6jvbwXAXRSEwzdwG,46675921.031042,78773,sources/ronda2.send.ready.csv,PUMP holder pump_ui=46675921.031042; system_wallet
pump_person,chainlords_pump_holder,367,3me1SEVcAGhDRTf51TgkpGHjbHVtFzZYd76CzdcbTgqu,46492090.6488,80119,sources/ronda2.send.ready.csv,PUMP holder pump_ui=46492090.6488; system_wallet
pump_person,chainlords_pump_holder,368,8qdmzy1Y2msnNUxaQng8UVP4rDwDr1koksB5H4qPc6vi,46467637.282965,73496,sources/ronda2.send.ready.csv,PUMP holder pump_ui=46467637.282965; system_wallet
pump_person,chainlords_pump_holder,369,BA4kkLs7cAzBGcTt6cngEjfbFAg9HeFLPgfDmRjmyqxq,46360034.119978,76670,sources/ronda2.send.ready.csv,PUMP holder pump_ui=46360034.119978; system_wallet
pump_person,chainlords_pump_holder,370,GGnKUERb5TSQn4v7kKdauDfmhE3XcYkZKKLpbbGBV7ms,46213049.173728,86650,sources/ronda2.send.ready.csv,PUMP holder pump_ui=46213049.173728; system_wallet
pump_person,chainlords_pump_holder,371,ARNPqMMKNgEJUybB6BPb3V1Dukjw8T5jXVdqBp117TJF,46000434.180918,86198,sources/ronda2.send.ready.csv,PUMP holder pump_ui=46000434.180918; system_wallet
pump_person,chainlords_pump_holder,372,hvDUWGmPmLh46QHys1rHFJzwBZFmaQbLwWxrWAQEXqu,45963259.009652,85634,sources/ronda2.send.ready.csv,PUMP holder pump_ui=45963259.009652; system_wallet
pump_person,chainlords_pump_holder,373,M2St7Gra11AKvk3tC4fJPkxviWYKpLZSMmKcHNoDtxp,45576980.914841,79814,sources/ronda2.send.ready.csv,PUMP holder pump_ui=45576980.914841; system_wallet
pump_person,chainlords_pump_holder,374,7QSPT9qLYWQXqRTHf6wiWxekBdzrRiaZ8AGLinwswxnP,45482766.790493,82662,sources/ronda2.send.ready.csv,PUMP holder pump_ui=45482766.790493; system_wallet
pump_person,chainlords_pump_holder,375,DB2RUR2AQ4wLWDJmShJDqUSHwfQi59p63n7aWAs7w8LF,45293189.343488,78492,sources/ronda2.send.ready.csv,PUMP holder pump_ui=45293189.343488; system_wallet
pump_person,chainlords_pump_holder,376,7sjjY6mbTVp6aYFR8mEK1LdxWYSVktz3SJDHr7q3Eif,45139174.789361,82113,sources/ronda2.send.ready.csv,PUMP holder pump_ui=45139174.789361; no_account_data
pump_person,chainlords_pump_holder,377,BzWyEpEubbcJ8HQmLEPkKrK5T2bUpZdhF3C2sfLk1mkA,45000000.0,75640,sources/ronda2.send.ready.csv,PUMP holder pump_ui=45000000; system_wallet
pump_person,chainlords_pump_holder,378,HsEJqJhzJPrMGopNtRW5PgTfZqrnZDTwtEUMfPx3Pz5P,44900155.211135,82652,sources/ronda2.send.ready.csv,PUMP holder pump_ui=44900155.211135; system_wallet
pump_person,chainlords_pump_holder,379,3NYY8saPJf7LBwPFA5VuhQicMoSQQbGjtrnNG9VWkrSc,43560280.454648,77343,sources/ronda2.send.ready.csv,PUMP holder pump_ui=43560280.454648; system_wallet
pump_person,chainlords_pump_holder,380,HqqzZC5qsNKtZBrBsYvbXhzxUQaADSzkDaifHWe1GvEH,42969148.403959,87611,sources/ronda2.send.ready.csv,PUMP holder pump_ui=42969148.403959; system_wallet
pump_person,chainlords_pump_holder,381,L5aYRXToe6VKsHe8S8W2rt3KdujMv6HppBCdbfBtofg,42687798.635047,80143,sources/ronda2.send.ready.csv,PUMP holder pump_ui=42687798.635047; system_wallet
pump_person,chainlords_pump_holder,382,GMssHp6CbAvPujyHRRRBQktJRxRB7Cj73pJTjCL91MU3,42610383.14,74038,sources/ronda2.send.ready.csv,PUMP holder pump_ui=42610383.14; system_wallet
pump_person,chainlords_pump_holder,383,25aumswdUinVNtNUmpQ7PGGpxbD5RWWnTP4jteXAyPth,42446889.965252,72117,sources/ronda2.send.ready.csv,PUMP holder pump_ui=42446889.965252; system_wallet
pump_person,chainlords_pump_holder,384,BPwiRsDEz2r2Sz5A2BwswNr42zGn6jiAmigF3pidL8dU,42209552.672691,87207,sources/ronda2.send.ready.csv,PUMP holder pump_ui=42209552.672691; system_wallet
pump_person,chainlords_pump_holder,385,XLNEqFBK5FwNmxqCNfy1iaJ5GDfNGzKz1NALTpgPnco,41916159.691148,85458,sources/ronda2.send.ready.csv,PUMP holder pump_ui=41916159.691148; system_wallet
pump_person,chainlords_pump_holder,386,BMT5uPdv4oT6Kst7DFgjQRMbgWJgq7g8EMynijK6MDJ3,41666666.666666,72574,sources/ronda2.send.ready.csv,PUMP holder pump_ui=41666666.666666; system_wallet
pump_person,chainlords_pump_holder,387,BbUCacTTm27U9PPiabWdEagN6C4ZTTvMG8uCNk5ZGsqw,40965999.0,86213,sources/ronda2.send.ready.csv,PUMP holder pump_ui=40965999; system_wallet
pump_person,chainlords_pump_holder,388,EvhHBQbPXAiSGeDMQVH8yNQkeH7pEqhwwdx7v3z6qZT4,40625848.544765,85524,sources/ronda2.send.ready.csv,PUMP holder pump_ui=40625848.544765; system_wallet
pump_person,chainlords_pump_holder,389,6vx4FgK2gSngdakzASu6JcLXow7ZEFoD1Q8UpkzfMHJD,40625010.0,75880,sources/ronda2.send.ready.csv,PUMP holder pump_ui=40625010; no_account_data
pump_person,chainlords_pump_holder,390,3UbJrjnxtz1KfL8itbsKBnfZ1tFc3fEEPHNWA15r4fTb,40309660.254229,82997,sources/ronda2.send.ready.csv,PUMP holder pump_ui=40309660.254229; system_wallet
pump_person,chainlords_pump_holder,391,2HwApTJn3kHjF3U86o7rRz1f2XYMN7Y8VwV6AZKVGgcT,40065734.743886,76106,sources/ronda2.send.ready.csv,PUMP holder pump_ui=40065734.743886; system_wallet
pump_person,chainlords_pump_holder,392,6FHixbfjiQBsiFXsc2ZuEe3XCdLjLNNvWkJagN8sCLp4,40000314.335127,83389,sources/ronda2.send.ready.csv,PUMP holder pump_ui=40000314.335127; system_wallet
pump_person,chainlords_pump_holder,393,3ejbo5hi6U9DKrSFUYM6Vt2oYnhBU72rbR7WAJXPvyXg,40000000.0,87872,sources/ronda2.send.ready.csv,PUMP holder pump_ui=40000000; system_wallet
pump_person,chainlords_pump_holder,394,318hxyDPFr3nmBpEwU73jbK5W5vqRiHMtWkTqVieHqfU,39745301.225453,72044,sources/ronda2.send.ready.csv,PUMP holder pump_ui=39745301.225453; system_wallet
pump_person,chainlords_pump_holder,395,6k6jDG7tYGERtRBTSi4afKnuDeJJsD5GbCDWCgsTWHN3,39138390.73596,81998,sources/ronda2.send.ready.csv,PUMP holder pump_ui=39138390.73596; system_wallet
pump_person,chainlords_pump_holder,396,6ofXwU1s3Ma4ZcvLG29UD6mm1auDV5jumMzRnY1FdFVE,38878094.799232,79889,sources/ronda2.send.ready.csv,PUMP holder pump_ui=38878094.799232; system_wallet
pump_person,chainlords_pump_holder,397,28JyZXxL2AHWF8DreDwhHqTx6SmbASAYQwLwLDHq5BR1,38621019.345956,79480,sources/ronda2.send.ready.csv,PUMP holder pump_ui=38621019.345956; system_wallet
pump_person,chainlords_pump_holder,398,8KwRzr6zRjuZjWoUjQk2rs8yMSTs37mkdmz6pxKLbLPK,38499350.392383,85143,sources/ronda2.send.ready.csv,PUMP holder pump_ui=38499350.392383; system_wallet
pump_person,chainlords_pump_holder,399,CjVCBMv8akq46NkMxScQZhHM6Jft2wLe9a3u9ThYFzdG,38440661.6,76613,sources/ronda2.send.ready.csv,PUMP holder pump_ui=38440661.6; system_wallet
pump_person,chainlords_pump_holder,400,4sZdivk4EeCbvjMqRPH2cuyFLKR3yXzMubq4SMqq6F3m,38133809.0455,83451,sources/ronda2.send.ready.csv,PUMP holder pump_ui=38133809.0455; system_wallet
pump_person,chainlords_pump_holder,401,3hyKAcCW6GXyhwDeRAUtSUpzGnupdMQMRNKZexcYpeuo,37921471.146802,80562,sources/ronda2.send.ready.csv,PUMP holder pump_ui=37921471.146802; system_wallet
pump_person,chainlords_pump_holder,402,9Eh3X5Y7d66EZU1CNKnuggdLLx73PeLpajTEyFkoRJCb,37525042.871926,79838,sources/ronda2.send.ready.csv,PUMP holder pump_ui=37525042.871926; system_wallet
pump_person,chainlords_pump_holder,403,Kpn43bBgxYBPKyp4RZqvPzNpM9YvtMSNNxrVvYFm9dN,37491960.0,81454,sources/ronda2.send.ready.csv,PUMP holder pump_ui=37491960; system_wallet
pump_person,chainlords_pump_holder,404,BcfgBSK7Ty7TutiEzKayZY6UDvYK1Twou4FXSoR5qVNV,37327477.902132,75756,sources/ronda2.send.ready.csv,PUMP holder pump_ui=37327477.902132; system_wallet
pump_person,chainlords_pump_holder,405,AgnaNYcNXDL5Kzjptxb4tLF4NRs1GunRh2SdVCdLST3T,37023395.92851,75427,sources/ronda2.send.ready.csv,PUMP holder pump_ui=37023395.92851; system_wallet
pump_person,chainlords_pump_holder,406,CMQgBRmmWBRitNDCCpj8ZTTwYMnhyRk5gTBfAHqW5Q9,37000000.139075,75906,sources/ronda2.send.ready.csv,PUMP holder pump_ui=37000000.139075; system_wallet
pump_person,chainlords_pump_holder,407,JCUTmTWoSCHwNxwUHVdB5tsMLnT8mqW51mPYoXJmyoNw,37000000.0,73982,sources/ronda2.send.ready.csv,PUMP holder pump_ui=37000000; system_wallet
pump_person,chainlords_pump_holder,408,C12KxuBLqPg4BvjCSdUvKBrCoJCHMokgvw6fpGqtRZ4E,36631213.335654,87521,sources/ronda2.send.ready.csv,PUMP holder pump_ui=36631213.335654; system_wallet
pump_person,chainlords_pump_holder,409,4DcK1tjjPDyEx1qMCezdezroDDPjTq8mEpZ9MuQ3wgeA,36185180.61924,74418,sources/ronda2.send.ready.csv,PUMP holder pump_ui=36185180.61924; system_wallet
pump_person,chainlords_pump_holder,410,DmzecLGMookYHqVnpdNcCydnV4RdtuzAfRUkdWCXuAHx,36000000.0,75901,sources/ronda2.send.ready.csv,PUMP holder pump_ui=36000000; system_wallet
pump_person,chainlords_pump_holder,411,5uZceP8TnTR121DP6BbtEiPJYqinJRhiVjZNzvUzobKx,35745107.068912,86117,sources/ronda2.send.ready.csv,PUMP holder pump_ui=35745107.068912; system_wallet
pump_person,chainlords_pump_holder,412,FsrdUVpy1qNaSgyhjxEfCyWowgdBH6M2VZHsXxLnqAFE,35093073.191791,72629,sources/ronda2.send.ready.csv,PUMP holder pump_ui=35093073.191791; system_wallet
pump_person,chainlords_pump_holder,413,3JDAcodat9iNPxHaRSaWQrHLCbUNBKKqBQPhMj4rPS2R,34722222.229166,76862,sources/ronda2.send.ready.csv,PUMP holder pump_ui=34722222.229166; system_wallet
pump_person,chainlords_pump_holder,414,EBWjNxKuAuimXyzYBpdhdjcpobLJKhjgNGmueoCMmj2f,34711044.722895,76340,sources/ronda2.send.ready.csv,PUMP holder pump_ui=34711044.722895; no_account_data
pump_person,chainlords_pump_holder,415,FeDrA7MYkV9Fcuw9cpoBPAinoJAkxr1GxkHJK7zQpeLE,34630868.40855,75071,sources/ronda2.send.ready.csv,PUMP holder pump_ui=34630868.40855; system_wallet
pump_person,chainlords_pump_holder,416,CZYoFKtZvBTFA4MRp2vZ774QPtV4svHWgcLVGtmEBiS9,34604975.907099,87337,sources/ronda2.send.ready.csv,PUMP holder pump_ui=34604975.907099; system_wallet
pump_person,chainlords_pump_holder,417,Ga91qJaKbwhBdT7zhrtxLiky2PkPLr5cr8vuSETkrqF5,34599394.677358,76802,sources/ronda2.send.ready.csv,PUMP holder pump_ui=34599394.677358; system_wallet
pump_person,chainlords_pump_holder,418,FJLHGRXvyUg61xXx5JJuo8VGynbPo5pX7u4h94ryyhwj,34413638.0,81906,sources/ronda2.send.ready.csv,PUMP holder pump_ui=34413638; system_wallet
pump_person,chainlords_pump_holder,419,ANiisfxxKzjBaMQuXiaeUBnoZzSm2NPzAFabZvsn3PPm,34228015.742477,73389,sources/ronda2.send.ready.csv,PUMP holder pump_ui=34228015.742477; system_wallet
pump_person,chainlords_pump_holder,420,2TkHugXgs9XYi81i2cSdyStJG19mt5UYF6icX3PsAuKY,34141217.68185,80118,sources/ronda2.send.ready.csv,PUMP holder pump_ui=34141217.68185; no_account_data
pump_person,chainlords_pump_holder,421,LC7G4utXqAjtopTikD1PkgjoAtMajSQg8cwFSW3wsrM,34019818.2856,87471,sources/ronda2.send.ready.csv,PUMP holder pump_ui=34019818.2856; system_wallet
pump_person,chainlords_pump_holder,422,99FYzcVLi3roohxbhj3yraCrpPpWYzcP1RKziJo2Ntfk,34009303.4027,76666,sources/ronda2.send.ready.csv,PUMP holder pump_ui=34009303.4027; system_wallet
pump_person,chainlords_pump_holder,423,9NJmj9VaTU9D7ytdzy5RHMrfAgw2pYwqnUhuMqatcsr,34000345.0,76605,sources/ronda2.send.ready.csv,PUMP holder pump_ui=34000345; system_wallet
pump_person,chainlords_pump_holder,424,91iP9xSqEugVBZJS2nh9vdLeHPmFw2aESxUoYbdwBj6E,33837343.099518,74042,sources/ronda2.send.ready.csv,PUMP holder pump_ui=33837343.099518; system_wallet
pump_person,chainlords_pump_holder,425,EDWB9BSzCJ5TNn3JJW2zkKxvGRmwkEDYxnHGgsFNe3cA,33633931.874285,79526,sources/ronda2.send.ready.csv,PUMP holder pump_ui=33633931.874285; system_wallet
pump_person,chainlords_pump_holder,426,BwRPTDj2y63NX5AAX3Lwfi9jfwW4dYcYpyrCTDkxAKdM,32997980.403818,78377,sources/ronda2.send.ready.csv,PUMP holder pump_ui=32997980.403818; system_wallet
pump_person,chainlords_pump_holder,427,2rMqejpA8pyxt2tt1PHLVaco6fhRU5dJXzzhRZg8LAjQ,32884540.626363,84846,sources/ronda2.send.ready.csv,PUMP holder pump_ui=32884540.626363; system_wallet
pump_person,chainlords_pump_holder,428,7t6AmdnNSZAWQDENj4NF9QMKWvdbtQ4E3eGxWUkR312T,32862565.94402,87423,sources/ronda2.send.ready.csv,PUMP holder pump_ui=32862565.94402; system_wallet
pump_person,chainlords_pump_holder,429,2jfwSo9CZhp47HGe4UV3TWFEtAaaSsP7fwjYZ7d9sunD,32823787.964043,75918,sources/ronda2.send.ready.csv,PUMP holder pump_ui=32823787.964043; system_wallet
pump_person,chainlords_pump_holder,430,2tdW9nxevyxUxBisx5G1zRLr8Ei5kExXRVWTbWLp2hDu,32607048.782362,77581,sources/ronda2.send.ready.csv,PUMP holder pump_ui=32607048.782362; system_wallet
pump_person,chainlords_pump_holder,431,Aciyby9aukpeYUD2ETyXFUgLZGby4EzxjizLKxUpr2f3,32545739.699871,81443,sources/ronda2.send.ready.csv,PUMP holder pump_ui=32545739.699871; no_account_data
pump_person,chainlords_pump_holder,432,GkrfPCJWd2CTKJ4H5NpxE4aFQEL7dnnSsLRQYioKr9gy,32446384.509013,82275,sources/ronda2.send.ready.csv,PUMP holder pump_ui=32446384.509013; system_wallet
pump_person,chainlords_pump_holder,433,AAJbf7kU1GwTwUZ5AB7fLNYPDLqhUgmxTLFkrawDrGkV,32204437.210417,80904,sources/ronda2.send.ready.csv,PUMP holder pump_ui=32204437.210417; system_wallet
pump_person,chainlords_pump_holder,434,HtZHdSGqArjdxjD2PUUV7PTUyzhVxLjErKSXLNKbeoqs,32204032.693974,84801,sources/ronda2.send.ready.csv,PUMP holder pump_ui=32204032.693974; system_wallet
pump_person,chainlords_pump_holder,435,Yr9ZvpXLoM2aH9AU85djX1Aiy7r4gPHZeWSq7LYhQVN,31869469.63658,82999,sources/ronda2.send.ready.csv,PUMP holder pump_ui=31869469.63658; no_account_data
pump_person,chainlords_pump_holder,436,3hy8teS8fSXfp9LSKHsg5wN7QqmgJt8HWNkdTUXTYBxp,31797511.195522,73601,sources/ronda2.send.ready.csv,PUMP holder pump_ui=31797511.195522; system_wallet
pump_person,chainlords_pump_holder,437,MguxbftMXASs3TKpNLtSNbrZ6V7FgXKV1hWyM3nKkZC,31209475.821,74397,sources/ronda2.send.ready.csv,PUMP holder pump_ui=31209475.821; no_account_data
pump_person,chainlords_pump_holder,438,FPXq2NmXuSA1G2dGd8znUjT5G14zvmjoGFFfo7GKUm7k,31098272.61197,77417,sources/ronda2.send.ready.csv,PUMP holder pump_ui=31098272.61197; system_wallet
pump_person,chainlords_pump_holder,439,86gjkiR7H8kkuJUYTMnENCk7Y6J2R9vwYEHrTjW8pThk,31001569.803723,74486,sources/ronda2.send.ready.csv,PUMP holder pump_ui=31001569.803723; system_wallet
pump_person,chainlords_pump_holder,440,AiMck2U9TNGsEWFcLSfBcF9au64vY7geDoArSwLNrsB3,30967273.654842,86360,sources/ronda2.send.ready.csv,PUMP holder pump_ui=30967273.654842; system_wallet
pump_person,chainlords_pump_holder,441,B8ZkapLZEHgTwrKVpe7eroFWpn7owWPybT6g6bqQZBfm,30503474.32488,82149,sources/ronda2.send.ready.csv,PUMP holder pump_ui=30503474.32488; system_wallet
pump_person,chainlords_pump_holder,442,FFZLZHf7yGWywkADdKasqmu3tWjEn85kiRrhStWA3T5T,30358644.696315,85271,sources/ronda2.send.ready.csv,PUMP holder pump_ui=30358644.696315; system_wallet
pump_person,chainlords_pump_holder,443,4agfgauMnEHeGGZgFdwzzW7VDNdHN8xaEnTCubYauhqD,30327099.0,76385,sources/ronda2.send.ready.csv,PUMP holder pump_ui=30327099; system_wallet
pump_person,chainlords_pump_holder,444,8Czzjeh2igeE7gSsbuuXVZUmZZ42yZTCNUZoZcCGRKdr,30138573.643715,86632,sources/ronda2.send.ready.csv,PUMP holder pump_ui=30138573.643715; system_wallet
pump_person,chainlords_pump_holder,445,AyYnKNajTb8SNVnuCSWnEGZ32Rca3WkioYdV9s7s6Ehh,30099683.269,78964,sources/ronda2.send.ready.csv,PUMP holder pump_ui=30099683.269; system_wallet
pump_person,chainlords_pump_holder,446,58HppM6LcSu2Xx1hDMWD3ovEuNNkuBLj16anKjFCYF78,30038462.87524,87625,sources/ronda2.send.ready.csv,PUMP holder pump_ui=30038462.87524; system_wallet
pump_person,chainlords_pump_holder,447,Cn8BEZWpLnJoGy2TewFBcXCKtuknSrx7oFUckHjwaaQR,29995069.986032,82404,sources/ronda2.send.ready.csv,PUMP holder pump_ui=29995069.986032; system_wallet
pump_person,chainlords_pump_holder,448,FHbqEJtPpm9GLx7euS3LpQHiZqxqo4pPnnLBa7giY7Ay,29504049.565467,81901,sources/ronda2.send.ready.csv,PUMP holder pump_ui=29504049.565467; system_wallet
pump_person,chainlords_pump_holder,449,CveTaeD5xttvwuMDyfnfimMKiAR84fCWBTRL2LT1rMtX,29266516.721879,85188,sources/ronda2.send.ready.csv,PUMP holder pump_ui=29266516.721879; system_wallet
pump_person,chainlords_pump_holder,450,6TkTCyQTqvTqAHLzghbFByNZFp8dxXnQ2trjE1QoHmUi,29000000.72028,73254,sources/ronda2.send.ready.csv,PUMP holder pump_ui=29000000.72028; system_wallet
pump_person,chainlords_pump_holder,451,FvHqdX97tKNQP4Fk4UQnhDJutRjaL8R6h1SctJbq9Ti9,28892687.540542,83505,sources/ronda2.send.ready.csv,PUMP holder pump_ui=28892687.540542; system_wallet
pump_person,chainlords_pump_holder,452,CvbqhARJgZfcMvNtJVn9p9aT5HUxqGnB9Zs96FvxkHyT,28882065.023087,76829,sources/ronda2.send.ready.csv,PUMP holder pump_ui=28882065.023087; system_wallet
pump_person,chainlords_pump_holder,453,CAEy69biEd4zBLmqZvVJ2y5YaSCP5Cnrokq3YfKkQEsG,28285182.850947,73494,sources/ronda2.send.ready.csv,PUMP holder pump_ui=28285182.850947; system_wallet
pump_person,chainlords_pump_holder,454,3GccE14dKtUZEVFEijuACCXuU7B2xQDKDVXB1qJvTEMM,28252302.534825,86835,sources/ronda2.send.ready.csv,PUMP holder pump_ui=28252302.534825; system_wallet
pump_person,chainlords_pump_holder,455,2XDHAqYFhsvrJQmBbTbPdczCqYMVUYFiaZmxEVjjgHXr,28132265.123708,83671,sources/ronda2.send.ready.csv,PUMP holder pump_ui=28132265.123708; system_wallet
pump_person,chainlords_pump_holder,456,6HJetMbdHBuk3mLUainxAPpBpWzDgYbHGTS2TqDAUSX2,27902756.952071,87411,sources/ronda2.send.ready.csv,PUMP holder pump_ui=27902756.952071; system_wallet
pump_person,chainlords_pump_holder,457,6TJUCLmT2ZZSoxMNT3mJgKiu8S4rGRyAWKsUkXrB5JbD,27837819.914855,76139,sources/ronda2.send.ready.csv,PUMP holder pump_ui=27837819.914855; system_wallet
pump_person,chainlords_pump_holder,458,D6qKTWLehenjTJuM5Z5WpKmA9FsbGhTyawodRZqVsEgk,27777777.770833,79300,sources/ronda2.send.ready.csv,PUMP holder pump_ui=27777777.770833; system_wallet
pump_person,chainlords_pump_holder,459,37VMnQidSHb7BuWjMwAaKp8VDsK6vRyaVTXWDsLMvARU,27773939.2,76052,sources/ronda2.send.ready.csv,PUMP holder pump_ui=27773939.2; system_wallet
pump_person,chainlords_pump_holder,460,3Mjorg5jbb4uoD7byZFFkbQi4RDCSjQCu2FGsD7qJeL8,27632869.864163,87158,sources/ronda2.send.ready.csv,PUMP holder pump_ui=27632869.864163; system_wallet
pump_person,chainlords_pump_holder,461,BoK5jgG5PxB7Wo4gg2ND355zhZS4WvSDU239q5ieytBr,27500922.909786,86619,sources/ronda2.send.ready.csv,PUMP holder pump_ui=27500922.909786; system_wallet
pump_person,chainlords_pump_holder,462,EFHZcE7WBwMziP47d53d3F3HW2cRQvVhRyQhuDBhyk3q,27228404.75008,85641,sources/ronda2.send.ready.csv,PUMP holder pump_ui=27228404.75008; system_wallet
pump_person,chainlords_pump_holder,463,HGfH6A4qaL67HeQACUgs8VkYGwB8ztWbrUnp7HuregNp,27083343.333333,78762,sources/ronda2.send.ready.csv,PUMP holder pump_ui=27083343.333333; no_account_data
pump_person,chainlords_pump_holder,464,Azk7B3EE5mFhPNBm6dMQ1LCqpnVDT2vL6sgyuCYEug3t,27009393.479143,72098,sources/ronda2.send.ready.csv,PUMP holder pump_ui=27009393.479143; system_wallet
pump_person,chainlords_pump_holder,465,HoYyfmecxBzV3zSQJcvHp1p5DqeJobgbf7wQ75CSYsF3,26933137.856372,82890,sources/ronda2.send.ready.csv,PUMP holder pump_ui=26933137.856372; system_wallet
pump_person,chainlords_pump_holder,466,9HWwwWXBCXdWcDqv7YH5P46ADfzvHQ1HXDNj5B6KUrWw,26596644.548342,73918,sources/ronda2.send.ready.csv,PUMP holder pump_ui=26596644.548342; system_wallet
pump_person,chainlords_pump_holder,467,HE8seTttCKpUrACdJW8SkamezDZwU6tyA4tUeidjypuR,26591515.376523,80660,sources/ronda2.send.ready.csv,PUMP holder pump_ui=26591515.376523; system_wallet
pump_person,chainlords_pump_holder,468,9zLa2J7u7QqcSSsddSSMQHzesaVze9yDhzsYncHXkYHs,26414076.889209,80068,sources/ronda2.send.ready.csv,PUMP holder pump_ui=26414076.889209; system_wallet
pump_person,chainlords_pump_holder,469,5ZNQB39bURxqff4RkG78xzoip2vQ3viuwGaPt2mdfLYC,26381159.731313,77396,sources/ronda2.send.ready.csv,PUMP holder pump_ui=26381159.731313; system_wallet
pump_person,chainlords_pump_holder,470,6yYAw7cNKRHj21gDPvRj7QR4vDqFY4HcuXZ9sdDzWzoy,26310474.694304,78494,sources/ronda2.send.ready.csv,PUMP holder pump_ui=26310474.694304; system_wallet
pump_person,chainlords_pump_holder,471,EMpuKg7N2iERjj3FdqkKdrLKHPgq7hVDzB5hxkcUxRyB,26254343.56749,77127,sources/ronda2.send.ready.csv,PUMP holder pump_ui=26254343.56749; system_wallet
pump_person,chainlords_pump_holder,472,63Uzqcibp5MVrUCfwBWsyXNtegmdxJ56PCDV7ehavRCL,26125814.545125,85049,sources/ronda2.send.ready.csv,PUMP holder pump_ui=26125814.545125; system_wallet
pump_person,chainlords_pump_holder,473,EQ4wzngRR22QV4GHwZVzKXaqWUYJewqfT7zbegDE2Vv9,26044358.187409,77762,sources/ronda2.send.ready.csv,PUMP holder pump_ui=26044358.187409; system_wallet
pump_person,chainlords_pump_holder,474,3LGCXo6CqMAs7ZgGJ2MgMnPYLHs2ZzHA7LvZLFdxYRD5,26033997.254439,74889,sources/ronda2.send.ready.csv,PUMP holder pump_ui=26033997.254439; system_wallet
pump_person,chainlords_pump_holder,475,98pFXbsVLeM1CNLyXmayKkxGim114QZ3caoPDQDYet5z,25686131.5,79486,sources/ronda2.send.ready.csv,PUMP holder pump_ui=25686131.5; system_wallet
pump_person,chainlords_pump_holder,476,Do83Lw4ReK1WKAjmDq1BJSZzNb9wTHAmyp66qJ6HRoKH,25685802.011092,73917,sources/ronda2.send.ready.csv,PUMP holder pump_ui=25685802.011092; system_wallet
pump_person,chainlords_pump_holder,477,4a6Nhu9yboKSsbz9hLXHF8drgF4PeU8V9EfbxAJFcc5a,25634023.317416,75372,sources/ronda2.send.ready.csv,PUMP holder pump_ui=25634023.317416; system_wallet
pump_person,chainlords_pump_holder,478,8gQjn3qPAcKXpDpcGSLKXetTSG4zFgeWcAVnNAy9ru2f,25547063.81,82340,sources/ronda2.send.ready.csv,PUMP holder pump_ui=25547063.81; system_wallet
pump_person,chainlords_pump_holder,479,4BdYr7KnXsRh2ms5LKfX5Enr9Xpaddsp9onGLWK3NUA5,25528045.424365,74900,sources/ronda2.send.ready.csv,PUMP holder pump_ui=25528045.424365; system_wallet
pump_person,chainlords_pump_holder,480,35cv7TXTSz9K7mGvEEWPcEAnhPRMbCVcuEcQtZKgEoa3,25454162.246504,73106,sources/ronda2.send.ready.csv,PUMP holder pump_ui=25454162.246504; system_wallet
pump_person,chainlords_pump_holder,481,HA9oNhHddEoPFSAEEYtGYZoXDkjky53TQ72jtpAnu81i,25447944.704093,87890,sources/ronda2.send.ready.csv,PUMP holder pump_ui=25447944.704093; system_wallet
pump_person,chainlords_pump_holder,482,EbTGCyn3U21UAzFqZ8krWGpuKdiE1JEgeNqij33rYEiV,25390994.0,78983,sources/ronda2.send.ready.csv,PUMP holder pump_ui=25390994; system_wallet
pump_person,chainlords_pump_holder,483,JAxDecgebq1tcPxUfu4aYizKuvQBUZY8n7uqsVZHnzFG,25287819.8797,82814,sources/ronda2.send.ready.csv,PUMP holder pump_ui=25287819.8797; system_wallet
pump_person,chainlords_pump_holder,484,73kGY56xFQWJykZRWVXQDskfLPf9i7qePV7YVuna4rxP,25170461.863407,87224,sources/ronda2.send.ready.csv,PUMP holder pump_ui=25170461.863407; system_wallet
pump_person,chainlords_pump_holder,485,6g7NphUCPN8965YrbZDTQyaMoEnKe817Q8DmKE7516rX,25029368.347511,82886,sources/ronda2.send.ready.csv,PUMP holder pump_ui=25029368.347511; system_wallet
pump_person,chainlords_pump_holder,486,2JJW4Gz8m3G7E6zcpTdamgSHzwL6hAMmrqHEcXEzu5hy,25000016.0,87344,sources/ronda2.send.ready.csv,PUMP holder pump_ui=25000016; system_wallet
pump_person,chainlords_pump_holder,487,6kHU4qcKr5Zi5V6fn4bsTX2jGpo6sYnCnyMdn2nNH7H6,25000000.0,87401,sources/ronda2.send.ready.csv,PUMP holder pump_ui=25000000; system_wallet
pump_person,chainlords_pump_holder,488,HVF1EGxJ6LtPiqD2Gf5TsXTdnTCDmbjAZ7dwnEFUy3Vz,24852729.035737,86363,sources/ronda2.send.ready.csv,PUMP holder pump_ui=24852729.035737; system_wallet
pump_person,chainlords_pump_holder,489,AT5pg6Urb6Zuo3CfNWSYPD2RyW2n8Eu8a45MTRtQySTn,24800000.0,81480,sources/ronda2.send.ready.csv,PUMP holder pump_ui=24800000; system_wallet
pump_person,chainlords_pump_holder,490,7esY2F72WJxCZLx6FzzmMdvQ82TrtoEK41t7JwK1RWgx,24584074.507972,80346,sources/ronda2.send.ready.csv,PUMP holder pump_ui=24584074.507972; system_wallet
pump_person,chainlords_pump_holder,491,FyhpLemdH2UYYiH744PdYTjkMqj991r9NjWcY2qtZL5s,24477195.373483,81483,sources/ronda2.send.ready.csv,PUMP holder pump_ui=24477195.373483; system_wallet
pump_person,chainlords_pump_holder,492,CreQJ2t94QK5dsxUZGXfPJ8Nx7wA9LHr5chxjSMkbNft,24452165.004555,80373,sources/ronda2.send.ready.csv,PUMP holder pump_ui=24452165.004555; system_wallet
pump_person,chainlords_pump_holder,493,G6ZXShcP86Mcuj3wVxsC5oGTXmEnCYqjkcgGTa7aeQWA,24346200.534051,73457,sources/ronda2.send.ready.csv,PUMP holder pump_ui=24346200.534051; system_wallet
pump_person,chainlords_pump_holder,494,5vVeJfA2G3cViHZnWyeArdQHSQZetbod5BLML95JSrwc,24207045.15182,87999,sources/ronda2.send.ready.csv,PUMP holder pump_ui=24207045.15182; system_wallet
pump_person,chainlords_pump_holder,495,8jS2B8Lu3bVkTuzCGnxyMdMzZLNCRqFXQKQFsr8EjSmG,24110424.057857,86636,sources/ronda2.send.ready.csv,PUMP holder pump_ui=24110424.057857; system_wallet
pump_person,chainlords_pump_holder,496,B2nAeNqGxax6e4TmQfLe2CHQ9ybrS8BCtkLnXMXP6iyJ,23835025.239557,75293,sources/ronda2.send.ready.csv,PUMP holder pump_ui=23835025.239557; system_wallet
pump_person,chainlords_pump_holder,497,EcoPCGhzVtg7qJTGa8fdW7K7YC1u43nmc4SW41sPrbUF,23615761.571873,79891,sources/ronda2.send.ready.csv,PUMP holder pump_ui=23615761.571873; system_wallet
pump_person,chainlords_pump_holder,498,8QCVZ7KL65pBhUxbvfwbyyg4ronxNAEXbDrGLYLrRNn5,23609882.951128,81770,sources/ronda2.send.ready.csv,PUMP holder pump_ui=23609882.951128; system_wallet
pump_person,chainlords_pump_holder,499,5SnsAt5skTrjP1kkefwtdyf3ukZLMLzVBRYrz93UdvPY,23183912.592874,85586,sources/ronda2.send.ready.csv,PUMP holder pump_ui=23183912.592874; system_wallet
pump_person,chainlords_pump_holder,500,FCwD9wJhMNT1MKxAJQpuaCfRgDq57UFG3pSq2kPaxjcS,23000000.0,73044,sources/ronda2.send.ready.csv,PUMP holder pump_ui=23000000; system_wallet
pump_person,chainlords_pump_holder,501,8BdoGGKpvkisYjSAV5SVk5nmuhjmLL9uCHqZ7kqnrsm7,22964224.06672,79591,sources/ronda2.send.ready.csv,PUMP holder pump_ui=22964224.06672; system_wallet
pump_person,chainlords_pump_holder,502,DtChAkd6wxZRpD8go62wc5sp2ajPr1aeD9dyswmaG3nX,22800324.680082,73316,sources/ronda2.send.ready.csv,PUMP holder pump_ui=22800324.680082; system_wallet
pump_person,chainlords_pump_holder,503,7yNsV3MhcvmqTfDsZ914JDPdepJCJYNm3JdEY92xEzQm,22694637.92,86036,sources/ronda2.send.ready.csv,PUMP holder pump_ui=22694637.92; system_wallet
pump_person,chainlords_pump_holder,504,E8RyxNeT7BwPSHZ9CdtLqufF9ZSwn7ZhuGtcEhLqnb3B,22684694.561187,72849,sources/ronda2.send.ready.csv,PUMP holder pump_ui=22684694.561187; system_wallet
pump_person,chainlords_pump_holder,505,weopuWYPV2mNMRG7ePSAe1KSk1sJ3HrNnuts6Aw2d8a,22673539.027738,77195,sources/ronda2.send.ready.csv,PUMP holder pump_ui=22673539.027738; system_wallet
pump_person,chainlords_pump_holder,506,BetduRyJ8nibkgYe1KqgcqS8tt5ZZTfG7P8HtWWG2HQ7,22453578.962125,79406,sources/ronda2.send.ready.csv,PUMP holder pump_ui=22453578.962125; system_wallet
pump_person,chainlords_pump_holder,507,2XcLSssXhKJnxQjBgeqoNNCp6c1DwHhPjw8vn8BFSmAy,22421199.936985,73122,sources/ronda2.send.ready.csv,PUMP holder pump_ui=22421199.936985; system_wallet
pump_person,chainlords_pump_holder,508,AKh9gcrUehCxY7vUtSbj2QxXReNTnqckNLAUozioU6T6,22405921.820453,77538,sources/ronda2.send.ready.csv,PUMP holder pump_ui=22405921.820453; system_wallet
pump_person,chainlords_pump_holder,509,4ErePp9KqNhYXe4Sck8YkNLXUr67v2u3JZjM5Qkzk1Wr,22255102.477997,72553,sources/ronda2.send.ready.csv,PUMP holder pump_ui=22255102.477997; system_wallet
pump_person,chainlords_pump_holder,510,9f1McBacd6pJUCM2TQ982qQ9noY3rWEU5mhcGiDydbyo,22121000.0,87876,sources/ronda2.send.ready.csv,PUMP holder pump_ui=22121000; system_wallet
pump_person,chainlords_pump_holder,511,CJrw9DNoBhzM9V2ZWFQykpBftp2q2Zyed71EmQuSCG7S,22025281.64488,73940,sources/ronda2.send.ready.csv,PUMP holder pump_ui=22025281.64488; system_wallet
pump_person,chainlords_pump_holder,512,2ha5N85LtNe8RTpRVm2GBTL79QvXDXcw63Rk8jpGpxjv,22004898.765955,73974,sources/ronda2.send.ready.csv,PUMP holder pump_ui=22004898.765955; system_wallet
pump_person,chainlords_pump_holder,513,2nkuChd8FrvPdn7gk3ZGQ7uS1pQaqoWLD8y1aYLLwxks,22001745.901928,73342,sources/ronda2.send.ready.csv,PUMP holder pump_ui=22001745.901928; system_wallet
pump_person,chainlords_pump_holder,514,G9npe7FKCQZJLDoAwoxkYw89i14zaC2G7pRS1h9FsEVi,21913268.453376,83272,sources/ronda2.send.ready.csv,PUMP holder pump_ui=21913268.453376; system_wallet
pump_person,chainlords_pump_holder,515,Dg6MaiSjEwDS4Ph1Bm6bhXn8Nq56XbWNuJiA82hana2Q,21762235.735571,74999,sources/ronda2.send.ready.csv,PUMP holder pump_ui=21762235.735571; system_wallet
pump_person,chainlords_pump_holder,516,3kPUpRD5hq1fNZEpUQvooztvmJvwZas4TgsdXWCd7hh9,21708621.319789,77572,sources/ronda2.send.ready.csv,PUMP holder pump_ui=21708621.319789; system_wallet
pump_person,chainlords_pump_holder,517,4CNziCvs5RBMsKSN4fxhFsPkJ3xemuhXHsNKLY9WGRNw,21653280.000611,82516,sources/ronda2.send.ready.csv,PUMP holder pump_ui=21653280.000611; system_wallet
pump_person,chainlords_pump_holder,518,2iQEAEh8AZkwBvqhxRJcUrFHSjzABKgD7dfc2mf74c4s,21634840.841111,78159,sources/ronda2.send.ready.csv,PUMP holder pump_ui=21634840.841111; system_wallet
pump_person,chainlords_pump_holder,519,5shutE9cR98fpdmbLBgco3uNmvR3mLTN7GAytNjMx7Bv,21523245.510614,72155,sources/ronda2.send.ready.csv,PUMP holder pump_ui=21523245.510614; system_wallet
pump_person,chainlords_pump_holder,520,2fv8v15z4a95nsJVVLxGbpFvFLJ9YgATUE8T7Qmj7FR5,21463999.91,86616,sources/ronda2.send.ready.csv,PUMP holder pump_ui=21463999.91; system_wallet
pump_person,chainlords_pump_holder,521,82mW1kjEgDwHCL3Rp245CYcJcbpSHtv7z7MLb6dEvqDc,21418023.881238,84218,sources/ronda2.send.ready.csv,PUMP holder pump_ui=21418023.881238; system_wallet
pump_person,chainlords_pump_holder,522,8ZbEKn4ZgF4bUZTEUH6uZX2ZKBkB5Wcg8FvbwTBLdcVn,21390000.0,85875,sources/ronda2.send.ready.csv,PUMP holder pump_ui=21390000; system_wallet
pump_person,chainlords_pump_holder,523,EpJVUYW2wRPdAyr16CzCqBhJ6Akog3HNPsFVwfb6VEZ,21266743.528996,82253,sources/ronda2.send.ready.csv,PUMP holder pump_ui=21266743.528996; no_account_data
pump_person,chainlords_pump_holder,524,CvyMM3drioM9fiZgupLQB8rBChtmZfdwUbpvvrf9TUyJ,21175583.333027,76104,sources/ronda2.send.ready.csv,PUMP holder pump_ui=21175583.333027; system_wallet
pump_person,chainlords_pump_holder,525,3pnC88pLPzhq9r1vBYy2rp4YommECpBV5p4wEthu6AjE,21131820.999127,79960,sources/ronda2.send.ready.csv,PUMP holder pump_ui=21131820.999127; system_wallet
pump_person,chainlords_pump_holder,526,CQDQij9fmRLLwrCGntU4YqeeJTCskCNyzjo4TmTG9Sq,21094676.42764,81307,sources/ronda2.send.ready.csv,PUMP holder pump_ui=21094676.42764; system_wallet
pump_person,chainlords_pump_holder,527,EBXYaFhP2G5ntjajECAqkFc7VYfeLMEngWtd9gsQScJY,21083343.333333,82203,sources/ronda2.send.ready.csv,PUMP holder pump_ui=21083343.333333; system_wallet
pump_person,chainlords_pump_holder,528,83kSeYStF5g47ySBfU48LTRKBhTTBUWK46XnETtoZxu1,21035885.318401,77073,sources/ronda2.send.ready.csv,PUMP holder pump_ui=21035885.318401; system_wallet
pump_person,chainlords_pump_holder,529,DU7fWaPM79G8xQaXYZ7jAcvRxK28Kz5gPYAfRExi3csv,20833333.333333,75723,sources/ronda2.send.ready.csv,PUMP holder pump_ui=20833333.333333; system_wallet
pump_person,chainlords_pump_holder,530,8s9j5qUtuE9PGA5s7QeAXEh5oc2UGr71pmJXgyiZMHkt,20650804.356771,78551,sources/ronda2.send.ready.csv,PUMP holder pump_ui=20650804.356771; system_wallet
pump_person,chainlords_pump_holder,531,Dqdku2GpHbJ7XHXJkYA61GiBSuKuDWw5BjmaMnrHHBBh,20526975.371583,73999,sources/ronda2.send.ready.csv,PUMP holder pump_ui=20526975.371583; system_wallet
pump_person,chainlords_pump_holder,532,G4rv1DPq7QykHSgfDKJ899vGk9yPBpavaHVGKvwikWV8,20518076.652734,85142,sources/ronda2.send.ready.csv,PUMP holder pump_ui=20518076.652734; system_wallet
pump_person,chainlords_pump_holder,533,DMs3Dd8XXXFYfWWyYKNAC7oXwYEaCwtADVCDYeyGX15q,20442542.545759,77534,sources/ronda2.send.ready.csv,PUMP holder pump_ui=20442542.545759; system_wallet
pump_person,chainlords_pump_holder,534,H69RXeSAmSMhLhgW2WLURpfkmnvin4Q4SgVBwiUebgCf,20370574.82111,82096,sources/ronda2.send.ready.csv,PUMP holder pump_ui=20370574.82111; system_wallet
pump_person,chainlords_pump_holder,535,V6ai2SeeJyL2wV6tEUFTVdH3fbXHvqFatE7wug9gD5s,20338995.63036,85792,sources/ronda2.send.ready.csv,PUMP holder pump_ui=20338995.63036; system_wallet
pump_person,chainlords_pump_holder,536,kYow3mGDz29iMR7Ki8yRwr2YkJBVCDe7dM66ugQqMoX,20305428.845046,82692,sources/ronda2.send.ready.csv,PUMP holder pump_ui=20305428.845046; system_wallet
pump_person,chainlords_pump_holder,537,8La9HRK5Cm6hXhPfcwPnHh75L5AvqKhdCuiy7iZ9TJSV,20250383.309865,85745,sources/ronda2.send.ready.csv,PUMP holder pump_ui=20250383.309865; system_wallet
pump_person,chainlords_pump_holder,538,csdLNhN1TaQF4DyUKaa3kPrFBy679J6sBaBo9RCJnMP,20183932.182906,79754,sources/ronda2.send.ready.csv,PUMP holder pump_ui=20183932.182906; system_wallet
pump_person,chainlords_pump_holder,539,58PWvekDbHVPFB9FXGQrpumHD16NRajahkYLHiTvxvDL,20055032.173513,86793,sources/ronda2.send.ready.csv,PUMP holder pump_ui=20055032.173513; system_wallet
pump_person,chainlords_pump_holder,540,9aehx7t2KxZeHJ6USFCYbXpRfdoWwZoBqPXmQPS9aXtH,20053205.187666,74155,sources/ronda2.send.ready.csv,PUMP holder pump_ui=20053205.187666; system_wallet
pump_person,chainlords_pump_holder,541,6EYMctm5TaVqFCA5g4FYSgnHLhpW2eMBxRraaRpLknbo,20015565.176203,76062,sources/ronda2.send.ready.csv,PUMP holder pump_ui=20015565.176203; system_wallet
pump_person,chainlords_pump_holder,542,FjL6tYBGtWF5zSK5pYpHu8cJzVoo6igX2j8QwPXF2F1V,20008365.92251,79200,sources/ronda2.send.ready.csv,PUMP holder pump_ui=20008365.92251; system_wallet
pump_person,chainlords_pump_holder,543,A1thA8xSuCdnzedwKhQ4tCrYbQfuEcR7q6PTmXnHe65L,20000000.809312,73706,sources/ronda2.send.ready.csv,PUMP holder pump_ui=20000000.809312; system_wallet
pump_person,chainlords_pump_holder,544,6nkDko69GFV2qgzUmdydrodDk2Ga7phAqNrcJjao2SWK,20000000.0,83471,sources/ronda2.send.ready.csv,PUMP holder pump_ui=20000000; system_wallet
pump_person,chainlords_pump_holder,545,FLUHXy5pEgS7ZhxvYLpVuBJZ4Dh4T3hMiDwCybDH4wsm,20000000.0,82861,sources/ronda2.send.ready.csv,PUMP holder pump_ui=20000000; system_wallet
pump_person,chainlords_pump_holder,546,BkFiEfy2Xwwx2DfgvWy8yqyn4HAu39SpyP5JmEBfPWiE,20000000.0,73844,sources/ronda2.send.ready.csv,PUMP holder pump_ui=20000000; system_wallet
pump_person,chainlords_pump_holder,547,28RWPC6XPxSxUVjd27KiNRtcHVxKtd6cjms7eBcxiqdV,19931700.402107,84954,sources/ronda2.send.ready.csv,PUMP holder pump_ui=19931700.402107; system_wallet
pump_person,chainlords_pump_holder,548,5F4g2Q4LRE87jLQBNwVpSN9o1u6XG8FF5dar4HK2iBZt,19858121.60345,86535,sources/ronda2.send.ready.csv,PUMP holder pump_ui=19858121.60345; system_wallet
pump_person,chainlords_pump_holder,549,7kS2yjcAeamgg6671DtCoCEapTaYBKeK395HgXjpnt3A,19837742.815602,87612,sources/ronda2.send.ready.csv,PUMP holder pump_ui=19837742.815602; system_wallet
pump_person,chainlords_pump_holder,550,9Ua8pBGZoHuDnxJscsiLYTkDmzwZbKo7f4NcrC6k2cMa,19254910.876179,86999,sources/ronda2.send.ready.csv,PUMP holder pump_ui=19254910.876179; system_wallet
pump_person,chainlords_pump_holder,551,A9PzVmoBvTMLSh8VcaPQfYc3qwH63pmLuMxRmWraqGYk,19110902.278808,85444,sources/ronda2.send.ready.csv,PUMP holder pump_ui=19110902.278808; system_wallet
pump_person,chainlords_pump_holder,552,4ffg6YoTnsCwTHnfEGdpvpfAa7JekAfzEh82CjhRxSjY,19095689.121326,86865,sources/ronda2.send.ready.csv,PUMP holder pump_ui=19095689.121326; system_wallet
pump_person,chainlords_pump_holder,553,6yqoBnWh52Xpi2Kba9qqLzTTUrAw9F7pbXkwgtnTFqbN,18992317.376732,73914,sources/ronda2.send.ready.csv,PUMP holder pump_ui=18992317.376732; system_wallet
pump_person,chainlords_pump_holder,554,J6xfH2Kci5n2NmbroiFvSP4WfBq3fgyD6m8oF7sNVHDw,18815316.62,79823,sources/ronda2.send.ready.csv,PUMP holder pump_ui=18815316.62; system_wallet
pump_person,chainlords_pump_holder,555,BU5XnBNqcFvaiic3mi2EJD1JvLZKfuZDM2UEMsy8uQhc,18750010.0,76993,sources/ronda2.send.ready.csv,PUMP holder pump_ui=18750010; system_wallet
pump_person,chainlords_pump_holder,556,GdKZwjx8TF3xyLi9Jbm4FRwmc5RzRbWuX42nYm3LqzCk,18750000.0,73711,sources/ronda2.send.ready.csv,PUMP holder pump_ui=18750000; no_account_data
pump_person,chainlords_pump_holder,557,GJvewfRjqTUPtx6WsBSUnaFbdgXwgXnWfpDyLm65T4YA,18258888.350655,75933,sources/ronda2.send.ready.csv,PUMP holder pump_ui=18258888.350655; system_wallet
pump_person,chainlords_pump_holder,558,6wMU2MJUUKgrQjtNtApwCixi9qyyvxu9BVLFTVWVW9oE,18246946.570325,74911,sources/ronda2.send.ready.csv,PUMP holder pump_ui=18246946.570325; system_wallet
pump_person,chainlords_pump_holder,559,J7TH21EUSN1xcaMBGf3cDj3wUZeevVa2WubpPNMNt75m,18227730.7849,81203,sources/ronda2.send.ready.csv,PUMP holder pump_ui=18227730.7849; system_wallet
pump_person,chainlords_pump_holder,560,8dAwcLDNSBGVc15EKzEFWocjXSKpGRaEb8NULgS883Fu,18157711.391332,76634,sources/ronda2.send.ready.csv,PUMP holder pump_ui=18157711.391332; system_wallet
pump_person,chainlords_pump_holder,561,HNKjZAzgxEAvkFMBmgNMwhgBMtPsaLPmkY1n15cL7uAx,18151871.179868,76964,sources/ronda2.send.ready.csv,PUMP holder pump_ui=18151871.179868; system_wallet
pump_person,chainlords_pump_holder,562,61PX4YEoJXSqQQTJpJFeDaYiN3gBo2zc3F8cgsSq8f3Q,18018336.265459,74804,sources/ronda2.send.ready.csv,PUMP holder pump_ui=18018336.265459; system_wallet
pump_person,chainlords_pump_holder,563,DjXFBvBZsAZ8REu7Qu7ffGDBUvBAUupsbfGfxGuqtcG,17911468.002549,85645,sources/ronda2.send.ready.csv,PUMP holder pump_ui=17911468.002549; no_account_data
pump_person,chainlords_pump_holder,564,FZuTaU5fnWR7Qm2yMFmit3pTLLnLHQSkYufYvzRCvkHE,17854176.666666,80088,sources/ronda2.send.ready.csv,PUMP holder pump_ui=17854176.666666; no_account_data
pump_person,chainlords_pump_holder,565,7kmo8U6GjWtJoM93zrPLz6XAChTMZJ6VYFDQt8vCcJFU,17822135.968068,85493,sources/ronda2.send.ready.csv,PUMP holder pump_ui=17822135.968068; system_wallet
pump_person,chainlords_pump_holder,566,HMNXR6GPUQ5dDjE9bhkWc6uo4DNf3G2MATb6gVui9Hav,17766190.15,83134,sources/ronda2.send.ready.csv,PUMP holder pump_ui=17766190.15; system_wallet
pump_person,chainlords_pump_holder,567,Bdjw6Gn69h6HzahgKw9ShfnEbzB7MUFk3h4RfU5NapFr,17697725.63651,73980,sources/ronda2.send.ready.csv,PUMP holder pump_ui=17697725.63651; system_wallet
pump_person,chainlords_pump_holder,568,3XXwxrHywkjDs87vvtqeCcdnuAf7KMPYjE7M7obxhndD,17604176.666666,79317,sources/ronda2.send.ready.csv,PUMP holder pump_ui=17604176.666666; system_wallet
pump_person,chainlords_pump_holder,569,3WGPzS4JfrSc1RL9oxQByTBq43yXoSCWeSgg5xtSzSLi,17604176.666666,84293,sources/ronda2.send.ready.csv,PUMP holder pump_ui=17604176.666666; no_account_data
pump_person,chainlords_pump_holder,570,5PHYYLykv9kbpNgN6uLWb24nyrhW3g52GWSHvNCXU5Gk,17604176.666666,78772,sources/ronda2.send.ready.csv,PUMP holder pump_ui=17604176.666666; system_wallet
pump_person,chainlords_pump_holder,571,E6A625kVBeQpmh2Vi6U69c7BDebFngHhBEKWtt6Y9xMt,17603172.106666,74984,sources/ronda2.send.ready.csv,PUMP holder pump_ui=17603172.106666; system_wallet
pump_person,chainlords_pump_holder,572,6XNKDBqH6jSQiCGpjMFwFbsnr4W3NbfUKYfszZNgQ3gP,17574853.932729,83675,sources/ronda2.send.ready.csv,PUMP holder pump_ui=17574853.932729; system_wallet
pump_person,chainlords_pump_holder,573,42jqTT8noz2i7GCCrkhekC3yeWCVTehZdLakrK26pEx5,17521073.868462,80998,sources/ronda2.send.ready.csv,PUMP holder pump_ui=17521073.868462; system_wallet
pump_person,chainlords_pump_holder,574,5SFWP6nHtvvHzqGfGjrTeG96txigt9UdSbN7BJkEvFJt,17516228.030767,83525,sources/ronda2.send.ready.csv,PUMP holder pump_ui=17516228.030767; system_wallet
pump_person,chainlords_pump_holder,575,D9puZrnNpUW4bXY4pw7L33vSXhrdubvGrNTrjSTNhTs2,17515794.418662,78988,sources/ronda2.send.ready.csv,PUMP holder pump_ui=17515794.418662; system_wallet
pump_person,chainlords_pump_holder,576,AztCZGVnXE88UqrJ6WdJQJj8WjTzHP37PaHGnsArM3Gn,17502650.020651,77541,sources/ronda2.send.ready.csv,PUMP holder pump_ui=17502650.020651; system_wallet
pump_person,chainlords_pump_holder,577,646DEwcL1rHQ5YVkvDH2kTSYUnTFjJxGWXE1xj3AmRbk,17426847.196463,87969,sources/ronda2.send.ready.csv,PUMP holder pump_ui=17426847.196463; system_wallet
pump_person,chainlords_pump_holder,578,8ehGYfcsjD24MGSP9rnZsdYHDga3eS4Xw4phBdB5rdFw,17346181.844615,82675,sources/ronda2.send.ready.csv,PUMP holder pump_ui=17346181.844615; system_wallet
pump_person,chainlords_pump_holder,579,ErNijgd7ryJwK3RbxwV2na2ZTTUYsf8fR6ptKMuQpqbs,17313246.636828,83725,sources/ronda2.send.ready.csv,PUMP holder pump_ui=17313246.636828; system_wallet
pump_person,chainlords_pump_holder,580,BWM8oqnocB3ue8i6HHu3Z64MG8uH5zvngS3S56u1UgNT,17147665.885098,75623,sources/ronda2.send.ready.csv,PUMP holder pump_ui=17147665.885098; system_wallet
pump_person,chainlords_pump_holder,581,CJ9ipxEqn7zeN4nvJtQzvMpmxAP57JcRgVXokF23ZKER,17111493.0,87111,sources/ronda2.send.ready.csv,PUMP holder pump_ui=17111493; system_wallet
pump_person,chainlords_pump_holder,582,8vGr5zwJntcVpcwQy8DiSzWRCqhC2bQhjYiTXbNPs4Pk,16999902.843852,79650,sources/ronda2.send.ready.csv,PUMP holder pump_ui=16999902.843852; system_wallet
pump_person,chainlords_pump_holder,583,HptqceDZkTdBuErSag8pjmGb9ScozyT9nZiRWPniSDCi,16997746.880021,79899,sources/ronda2.send.ready.csv,PUMP holder pump_ui=16997746.880021; system_wallet
pump_person,chainlords_pump_holder,584,Lms6gBafi7ycpd8XCd5KcFmwxfAKaCpLBEnrwBdfDDs,16992940.036018,72570,sources/ronda2.send.ready.csv,PUMP holder pump_ui=16992940.036018; system_wallet
pump_person,chainlords_pump_holder,585,5ucU2477rbHwCaLJedUJbXwsisbvcwmPLeVoQcHXSzVa,16986612.303,79686,sources/ronda2.send.ready.csv,PUMP holder pump_ui=16986612.303; system_wallet
pump_person,chainlords_pump_holder,586,27urFezsp5cjV9dcqTjo41KdwwbH6Zhc87yS62jA1U5z,16986060.650706,75334,sources/ronda2.send.ready.csv,PUMP holder pump_ui=16986060.650706; system_wallet
pump_person,chainlords_pump_holder,587,3j2k71e17sERcJhckdj951MW6yaf3qsT3Rd4Wgt9zP1k,16960855.250432,72511,sources/ronda2.send.ready.csv,PUMP holder pump_ui=16960855.250432; system_wallet
pump_person,chainlords_pump_holder,588,G6KiZ1AD2pz14Pkuk7HqinJ1CWu3n1fS6KW1L7362Q1g,16941931.681891,87485,sources/ronda2.send.ready.csv,PUMP holder pump_ui=16941931.681891; system_wallet
pump_person,chainlords_pump_holder,589,2zDcom1R3iusNW1XXdaMiryA94Ynmo6YabQkSutQaqgn,16904781.785833,81253,sources/ronda2.send.ready.csv,PUMP holder pump_ui=16904781.785833; system_wallet
pump_person,chainlords_pump_holder,590,6smUpuHwDq4vZK2xeyt5uKFgTWkUPA4YjPvcMT4QpnLT,16793699.517474,72834,sources/ronda2.send.ready.csv,PUMP holder pump_ui=16793699.517474; system_wallet
pump_person,chainlords_pump_holder,591,8TWNcXvh9BXKdgNdRKGAfKzGUYsoVDMKUuAdbMYxCJEA,16768818.464206,82419,sources/ronda2.send.ready.csv,PUMP holder pump_ui=16768818.464206; system_wallet
pump_person,chainlords_pump_holder,592,HebrHEUung35Sq4PXZs7U4wV2RRZMuAX4SeWm4L3qdQx,16685173.826322,77999,sources/ronda2.send.ready.csv,PUMP holder pump_ui=16685173.826322; system_wallet
pump_person,chainlords_pump_holder,593,CtG4YoruMAXszFSqmjCXBNihSVsTLgyL1ZHRxDxbjnnM,16666677.0,81607,sources/ronda2.send.ready.csv,PUMP holder pump_ui=16666677; no_account_data
pump_person,chainlords_pump_holder,594,B2zXWEunSkBFjfgWm5hcZwRpsGW8ZG5BMk3wazGGuB8C,16665481.999503,83778,sources/ronda2.send.ready.csv,PUMP holder pump_ui=16665481.999503; system_wallet
pump_person,chainlords_pump_holder,595,4CrJyJ9VNtVcMcUbkV4Td2a1XC5yv3iMJJEMD2rdPbBd,16652078.702,72726,sources/ronda2.send.ready.csv,PUMP holder pump_ui=16652078.702; system_wallet
pump_person,chainlords_pump_holder,596,5aoNM44wdk35JmWmjR8EaTusJcjqAH6e4bBQCCwN6pHR,16635547.353017,80985,sources/ronda2.send.ready.csv,PUMP holder pump_ui=16635547.353017; system_wallet
pump_person,chainlords_pump_holder,597,7jeTLBwrHPgudLzqmpXDhcCbBkTauV8YFUHgJJwVxm3c,16615416.24,86604,sources/ronda2.send.ready.csv,PUMP holder pump_ui=16615416.24; system_wallet
pump_person,chainlords_pump_holder,598,CiGmyyDkizCuVXjrNexrqp4WNJahKij2Zh7Kr7Tw2EuC,16592045.461751,81156,sources/ronda2.send.ready.csv,PUMP holder pump_ui=16592045.461751; system_wallet
pump_person,chainlords_pump_holder,599,CewoyCsGNrJUBYMUBjycbnF11zKE4bhBMLt6eFcWcb23,16567043.629981,85372,sources/ronda2.send.ready.csv,PUMP holder pump_ui=16567043.629981; system_wallet
pump_person,chainlords_pump_holder,600,jZwsPFqCdnfPZxijp7VctiNc92fpb8mRb5bSQN9Ra7x,16565586.436506,79574,sources/ronda2.send.ready.csv,PUMP holder pump_ui=16565586.436506; system_wallet
pump_person,chainlords_pump_holder,601,BeBSUiNc2Cy1gng2NSTTAtg3db6isedpbjuRBBLarY6y,16521440.088768,81106,sources/ronda2.send.ready.csv,PUMP holder pump_ui=16521440.088768; no_account_data
pump_person,chainlords_pump_holder,602,w6wivSxbdCFoWJuD3DtqZu3sfCURhbrQ5qfoXDS6TEH,16397801.931662,74390,sources/ronda2.send.ready.csv,PUMP holder pump_ui=16397801.931662; system_wallet
pump_person,chainlords_pump_holder,603,5rhms6jZQaXnQc6wbicnrxDTkKqKi4iwfWW3612r5rHb,16389322.209947,74916,sources/ronda2.send.ready.csv,PUMP holder pump_ui=16389322.209947; system_wallet
pump_person,chainlords_pump_holder,604,9krzjGWBkALe6AtppFcFE5f9omtjUnn69eXSkd78dsu6,16289329.046182,80973,sources/ronda2.send.ready.csv,PUMP holder pump_ui=16289329.046182; system_wallet
pump_person,chainlords_pump_holder,605,azZWb4v6LF6ea7KMV8cQvYAGaS2n5AKF2B67s2g1Usy,16207259.639771,73510,sources/ronda2.send.ready.csv,PUMP holder pump_ui=16207259.639771; system_wallet
pump_person,chainlords_pump_holder,606,3BMdFT3dDJt2RqRq7PQHJ4cbpoBRKG8Tz5hnZL9W5rWE,16189032.762934,86088,sources/ronda2.send.ready.csv,PUMP holder pump_ui=16189032.762934; system_wallet
pump_person,chainlords_pump_holder,607,8e3TGTpHQZRMWZqdhxAqRxURMbCrr47HsFZoQAK3DCGk,16139482.841872,82327,sources/ronda2.send.ready.csv,PUMP holder pump_ui=16139482.841872; system_wallet
pump_person,chainlords_pump_holder,608,ErpLZZaxNEbPBGDrUn99Bg1p8Xd4WJ6zdbSyP27tZtsm,16064117.383188,79081,sources/ronda2.send.ready.csv,PUMP holder pump_ui=16064117.383188; system_wallet
pump_person,chainlords_pump_holder,609,3Dgk8ZaQ3TsD7KyGd7UQWqjnMAESqd1AicNxayEvTMzB,16034650.005766,73766,sources/ronda2.send.ready.csv,PUMP holder pump_ui=16034650.005766; system_wallet
pump_person,chainlords_pump_holder,610,7n57P1eU52BpRVwBUfekYvPyLyS6eJfadrPdGWZG7QyW,16000002.845501,82661,sources/ronda2.send.ready.csv,PUMP holder pump_ui=16000002.845501; system_wallet
pump_person,chainlords_pump_holder,611,B2nNt7fmf6vSvutCE7k3jf7ePUczM3Qaxo8u5M3n6sWF,15981195.709064,82755,sources/ronda2.send.ready.csv,PUMP holder pump_ui=15981195.709064; system_wallet
pump_person,chainlords_pump_holder,612,BNsEELT4uhM9abFGtMZNGsjQ4MK1zbQuQG2doey2ba8N,15943152.353402,83810,sources/ronda2.send.ready.csv,PUMP holder pump_ui=15943152.353402; system_wallet
pump_person,chainlords_pump_holder,613,DEdEW3SMPU2dCfXEcgj2YppmX9H3bnMDJaU4ctn2BQDQ,15927893.653247,73996,sources/ronda2.send.ready.csv,PUMP holder pump_ui=15927893.653247; system_wallet
pump_person,chainlords_pump_holder,614,Gk73RezntpEs1tjhL4hLzo7LpM7qo8oSxAhjxLVVcgyD,15901348.1,72897,sources/ronda2.send.ready.csv,PUMP holder pump_ui=15901348.1; system_wallet
pump_person,chainlords_pump_holder,615,5a3Szint9TupD8YNgmoaVcWgu3YwWhuZdF22PgtCp9ha,15895715.722647,84407,sources/ronda2.send.ready.csv,PUMP holder pump_ui=15895715.722647; system_wallet
pump_person,chainlords_pump_holder,616,3NHhDPrV8LVWpmQeEAxyMhgYr3u36TdmXipXYoVdzNTY,15877756.840202,73625,sources/ronda2.send.ready.csv,PUMP holder pump_ui=15877756.840202; system_wallet
pump_person,chainlords_pump_holder,617,DaxikodM1FAioHZ6QhXnvG5dArP3LGHaEhc94dC9kP8D,15844679.255748,87065,sources/ronda2.send.ready.csv,PUMP holder pump_ui=15844679.255748; system_wallet
pump_person,chainlords_pump_holder,618,EMLXZLAHuK6PmWE9HxX2czwscQjkWKY5HUsjeFL3eHbY,15833648.462995,73500,sources/ronda2.send.ready.csv,PUMP holder pump_ui=15833648.462995; system_wallet
pump_person,chainlords_pump_holder,619,9mhknuPaxKJf1YeFDS6TL4b9EDTPUWVAFPPhkPXUt4ak,15821221.054234,76947,sources/ronda2.send.ready.csv,PUMP holder pump_ui=15821221.054234; system_wallet
pump_person,chainlords_pump_holder,620,4vrHe5iQCG9Kde2Y5wx53bK18fmxJFXAe9ZfoqWq8MMF,15812396.956408,78473,sources/ronda2.send.ready.csv,PUMP holder pump_ui=15812396.956408; system_wallet
pump_person,chainlords_pump_holder,621,8jvhK9aVoTXTKeMsyZfkZzdbTiVWMDapGajbDuPZVwbF,15739038.647918,77803,sources/ronda2.send.ready.csv,PUMP holder pump_ui=15739038.647918; system_wallet
pump_person,chainlords_pump_holder,622,BEeLcfYHYUEHZxTq4NmJJ3fFiHjNcbxX9aNANuvuY896,15685555.856692,75379,sources/ronda2.send.ready.csv,PUMP holder pump_ui=15685555.856692; system_wallet
pump_person,chainlords_pump_holder,623,D2eLkR2GJNq3zXP8pv6Y38ZyqT4ATsALxSQTbWXFEpHi,15625258.789355,77878,sources/ronda2.send.ready.csv,PUMP holder pump_ui=15625258.789355; system_wallet
pump_person,chainlords_pump_holder,624,C9LUi66qSc946MASLWNbbM29rPEZpuqh1SKzQgY4pyy3,15625187.5085,86458,sources/ronda2.send.ready.csv,PUMP holder pump_ui=15625187.5085; no_account_data
pump_person,chainlords_pump_holder,625,DScZ4Ac5HuYRdgSqib7c3NbTESBXS4DYbSUuLiWkMkxi,15610419.590325,80204,sources/ronda2.send.ready.csv,PUMP holder pump_ui=15610419.590325; system_wallet
pump_person,chainlords_pump_holder,626,6fE6oFXAV3hXrjjKqvwpWbt22JhTrfCrGDX5fUoejSw6,15598771.035884,73756,sources/ronda2.send.ready.csv,PUMP holder pump_ui=15598771.035884; system_wallet
pump_person,chainlords_pump_holder,627,CB6qNv5C7G22wyDn5PSkGPGW1RNsRSMtnXmnqN9SMkTp,15539380.302379,74096,sources/ronda2.send.ready.csv,PUMP holder pump_ui=15539380.302379; system_wallet
pump_person,chainlords_pump_holder,628,3AqW1LL4CSHcbJZnFiqUiw4Gw4n58pLuEP5mnTkkcury,15517897.47146,72265,sources/ronda2.send.ready.csv,PUMP holder pump_ui=15517897.47146; system_wallet
pump_person,chainlords_pump_holder,629,9MzGVamWTAr1yUxSMTGEbiusM7XLWeEFE7Yp372QJk2r,15487296.49371,74633,sources/ronda2.send.ready.csv,PUMP holder pump_ui=15487296.49371; system_wallet
pump_person,chainlords_pump_holder,630,7Meix7KzDnGp8qEuRXuNKrTWqyg4WadKA6swQ7YPrCaQ,15484535.330822,77557,sources/ronda2.send.ready.csv,PUMP holder pump_ui=15484535.330822; system_wallet
pump_person,chainlords_pump_holder,631,4ZHXtYGRPd4tkPw4C24ix4ySb4HKBQonfAkkknCinyqH,15456862.43529,87110,sources/ronda2.send.ready.csv,PUMP holder pump_ui=15456862.43529; system_wallet
pump_person,chainlords_pump_holder,632,5vqisDnYdLvHxsY68uGmYuQk8dtfERvUfHrm365ZN3vG,15416138.930541,75368,sources/ronda2.send.ready.csv,PUMP holder pump_ui=15416138.930541; system_wallet
pump_person,chainlords_pump_holder,633,FfE4vvyPqDyJbdy7ze9L4GpjUgKogrJSfGcRQ5v6CDv,15382291.378212,76342,sources/ronda2.send.ready.csv,PUMP holder pump_ui=15382291.378212; system_wallet
pump_person,chainlords_pump_holder,634,Ea3uspBAXK32mEMuVizqVXRqL7k2731bRjsk3VSJXKkw,15243638.807454,82993,sources/ronda2.send.ready.csv,PUMP holder pump_ui=15243638.807454; system_wallet
pump_person,chainlords_pump_holder,635,5GZ5o5BwWMqXX5vmAP74Hx2JtB3Xicbvcnjd71JsGXSw,15225761.813018,77138,sources/ronda2.send.ready.csv,PUMP holder pump_ui=15225761.813018; system_wallet
pump_person,chainlords_pump_holder,636,EYUEJyH1UfHXaF8r8zv9ow7tt8dvYg1mdaUGtjJwSbHH,15187866.94995,84976,sources/ronda2.send.ready.csv,PUMP holder pump_ui=15187866.94995; system_wallet
pump_person,chainlords_pump_holder,637,5pcjuTTR5Fy44gJzmj236RLeTh5psh5SiZkASYt9TETC,15174485.131076,87342,sources/ronda2.send.ready.csv,PUMP holder pump_ui=15174485.131076; system_wallet
pump_person,chainlords_pump_holder,638,719EnhYFDmHe2LxJ5J5ZtJPSvW9H46b9cufwH8FgiaTi,15134339.655425,74365,sources/ronda2.send.ready.csv,PUMP holder pump_ui=15134339.655425; system_wallet
pump_person,chainlords_pump_holder,639,53rK7iMCgEz6F29hESP1wBEWESwMaiVVXHtdEQqX2Qox,15092219.35752,81234,sources/ronda2.send.ready.csv,PUMP holder pump_ui=15092219.35752; system_wallet
pump_person,chainlords_pump_holder,640,BnnYZ1MM65p4ufmy8E6UxBaDYRdCtAocQL5Fj9tmi5Zn,15087073.476721,74734,sources/ronda2.send.ready.csv,PUMP holder pump_ui=15087073.476721; system_wallet
pump_person,chainlords_pump_holder,641,HXuJ56vV4kKwea78gK7mrMQBmvKNAPK5ZbKHdj2K5GRs,15080620.470898,83095,sources/ronda2.send.ready.csv,PUMP holder pump_ui=15080620.470898; system_wallet
pump_person,chainlords_pump_holder,642,CeXrbTJqK9FLrxJK1c85wXhnri4W8aLKZ6wdos7zhqza,15043924.930736,75826,sources/ronda2.send.ready.csv,PUMP holder pump_ui=15043924.930736; system_wallet
pump_person,chainlords_pump_holder,643,DNJqG8mkrd79mNExaQfsx3qiZp2p1V1kQK9t1D9SSWEW,15000000.0,73392,sources/ronda2.send.ready.csv,PUMP holder pump_ui=15000000; system_wallet
pump_person,chainlords_pump_holder,644,EPYY4edDgLf4nc5Uo2NfeiW41ooz5Wc8Df21CHSfuuCW,15000000.0,75396,sources/ronda2.send.ready.csv,PUMP holder pump_ui=15000000; system_wallet
pump_person,chainlords_pump_holder,645,DiHtXvUQqxbUsTt8J4B7dyyMYnQaNeP6W5AP61ShYmwr,15000000.0,83692,sources/ronda2.send.ready.csv,PUMP holder pump_ui=15000000; system_wallet
pump_person,chainlords_pump_holder,646,5v5JJwhugdnucp8iEfSvh14mjQkBDvsfFuB3vc4zdJEZ,15000000.0,81943,sources/ronda2.send.ready.csv,PUMP holder pump_ui=15000000; system_wallet
pump_person,chainlords_pump_holder,647,AGkKQKPRcwR2WwDqk9CKf6hkxU7yAvYL8YgwLJQjAdQ2,15000000.0,81442,sources/ronda2.send.ready.csv,PUMP holder pump_ui=15000000; system_wallet
pump_person,chainlords_pump_holder,648,4em3HMpJCKLrKDTK3mpgKKoriRBSdwdSdkGKFym6Y6C5,14929324.60565,80164,sources/ronda2.send.ready.csv,PUMP holder pump_ui=14929324.60565; system_wallet
pump_person,chainlords_pump_holder,649,DPqsobysNf5iA9w7zrQM8HLzCKZEDMkZsWbiidsAt1xo,14906521.293066,79246,sources/ronda2.send.ready.csv,PUMP holder pump_ui=14906521.293066; system_wallet
pump_person,chainlords_pump_holder,650,b55ELgTsnMqqMo4WDatsx8H4CVqHHWWPBdHuRK6b26m,14862758.518614,87248,sources/ronda2.send.ready.csv,PUMP holder pump_ui=14862758.518614; system_wallet
pump_person,chainlords_pump_holder,651,4EU94MnZt7BqVBWQfQdWLkdfxuixr3qtMzTNSgECSVTG,14769349.141164,82568,sources/ronda2.send.ready.csv,PUMP holder pump_ui=14769349.141164; system_wallet
pump_person,chainlords_pump_holder,652,6myDMgUN3R8PGLcgsYcuUvizwQz5o5eBpAdK7tjZMuku,14705584.138566,87941,sources/ronda2.send.ready.csv,PUMP holder pump_ui=14705584.138566; system_wallet
pump_person,chainlords_pump_holder,653,ztqQ4TNC6Yju9zJaK9ZsPNMjxiUqjiT6rP76eeatgTy,14569611.480325,78595,sources/ronda2.send.ready.csv,PUMP holder pump_ui=14569611.480325; system_wallet
pump_person,chainlords_pump_holder,654,6RrkshRf7BkioftAUsKPHyv8GVp2zwHKowh9adnTNyNW,14500000.0,73476,sources/ronda2.send.ready.csv,PUMP holder pump_ui=14500000; system_wallet
pump_person,chainlords_pump_holder,655,JCyid98TXZpuzg9ii6phNZ9TPjEb2ifYUYnWCMKtNtzU,14499370.0,83787,sources/ronda2.send.ready.csv,PUMP holder pump_ui=14499370; system_wallet
pump_person,chainlords_pump_holder,656,k8hu9eqY6hDQdcdfkFuK9UDfvcfYWjDa2Z4rbb4TnDb,14497377.683149,82440,sources/ronda2.send.ready.csv,PUMP holder pump_ui=14497377.683149; system_wallet
pump_person,chainlords_pump_holder,657,JEDPfCZnNAGAb3SwvnpzA6wy3qXC96EgMY6JsE6PU4TL,14463660.468752,82085,sources/ronda2.send.ready.csv,PUMP holder pump_ui=14463660.468752; system_wallet
pump_person,chainlords_pump_holder,658,8gK8TtK2r2wp6JMokcvf6gwpDXFg6ipdfkunc9ebyUMK,14454195.205125,82073,sources/ronda2.send.ready.csv,PUMP holder pump_ui=14454195.205125; system_wallet
pump_person,chainlords_pump_holder,659,GkCr2miyeWdibpUAv9VycjG4qFTcSbwmwaUfDrvDQX9o,14350000.0,84317,sources/ronda2.send.ready.csv,PUMP holder pump_ui=14350000; system_wallet
pump_person,chainlords_pump_holder,660,GyUKD1AjP9ZX9RpGr5uHLytrQXnY8Wpwyr6rDKAYXVZb,14307791.206149,75878,sources/ronda2.send.ready.csv,PUMP holder pump_ui=14307791.206149; system_wallet
pump_person,chainlords_pump_holder,661,GZzouyghWbwPVJRB79g5XCVSo7HMNgt49Pi2u1yEwh3o,14301111.0,73148,sources/ronda2.send.ready.csv,PUMP holder pump_ui=14301111; system_wallet
pump_person,chainlords_pump_holder,662,65BhvQTprsdYo7wvfdthA8VxbujjU2jci5SHz8MaiC9p,14260732.354343,84492,sources/ronda2.send.ready.csv,PUMP holder pump_ui=14260732.354343; system_wallet
pump_person,chainlords_pump_holder,663,4ZDx6vjeW2BShyb1mQmFjMHopHndVw4VBC24JBUEsSnN,14242412.6669,82869,sources/ronda2.send.ready.csv,PUMP holder pump_ui=14242412.6669; system_wallet
pump_person,chainlords_pump_holder,664,FBMvJsx4bTJVLEza3Q1ESizRqshv6rQGyfZxyVvHTXK7,14135883.355743,85814,sources/ronda2.send.ready.csv,PUMP holder pump_ui=14135883.355743; system_wallet
pump_person,chainlords_pump_holder,665,4zfr6GJqqWBg5fpfdH3WftSx7YCdwSzrg8Ve8y96jyDw,14089482.2,75810,sources/ronda2.send.ready.csv,PUMP holder pump_ui=14089482.2; no_account_data
pump_person,chainlords_pump_holder,666,D8vFHNrhwoNghs1zcEUe9JTSYx4u4HgiEKugYi4UqMnt,14058394.700475,74054,sources/ronda2.send.ready.csv,PUMP holder pump_ui=14058394.700475; system_wallet
pump_person,chainlords_pump_holder,667,6FXXo5CZo6Pn3GobCLQ2ARM6K3UKjVgFDb7KkabhdzpD,14029881.195382,76817,sources/ronda2.send.ready.csv,PUMP holder pump_ui=14029881.195382; system_wallet
pump_person,chainlords_pump_holder,668,232exHXQQ1NybaMNtzoRLp4DPkMQhYQv7kxt9W51r7Qp,14022657.196594,77536,sources/ronda2.send.ready.csv,PUMP holder pump_ui=14022657.196594; system_wallet
pump_person,chainlords_pump_holder,669,HrQZGAxxGawPXUaLRE4s7GtTUTyMwVvoP8EFqi2syHuJ,14014413.069036,82695,sources/ronda2.send.ready.csv,PUMP holder pump_ui=14014413.069036; system_wallet
pump_person,chainlords_pump_holder,670,79L93Ht5rEA1A7goBNvJowPWkJLRNBHpK6R8NDfxR71b,14000000.006449,84781,sources/ronda2.send.ready.csv,PUMP holder pump_ui=14000000.006449; system_wallet
pump_person,chainlords_pump_holder,671,3vWGrBscFsdXB4itU1xYKsL6ysSScDkeCv86PBGiTpoZ,14000000.0,82313,sources/ronda2.send.ready.csv,PUMP holder pump_ui=14000000; system_wallet
pump_person,chainlords_pump_holder,672,E78eEUbaJCQeX2iwqA2Dxds795T97gMXgXW1JSHZLzy7,13975110.78,74579,sources/ronda2.send.ready.csv,PUMP holder pump_ui=13975110.78; system_wallet
pump_person,chainlords_pump_holder,673,CxHjTiEjqUrarkpDFkp1b8MqgwEDXhAQon2wi52ZJxU3,13958466.324427,83998,sources/ronda2.send.ready.csv,PUMP holder pump_ui=13958466.324427; system_wallet
pump_person,chainlords_pump_holder,674,Bx36pmU6QbXinPs3qxESjPevqJ4KgKi3SruSwfXkF1Cg,13952572.37,77895,sources/ronda2.send.ready.csv,PUMP holder pump_ui=13952572.37; system_wallet
pump_person,chainlords_pump_holder,675,G58oCZzgWCTLZnX12PRSjqHbKgvooXrSVG6cu6Tx6uuJ,13939035.34996,76716,sources/ronda2.send.ready.csv,PUMP holder pump_ui=13939035.34996; system_wallet
pump_person,chainlords_pump_holder,676,AtZqJ3GdL7QCYDELnUgCchJ1WY9R6mtoF1JRpT3CdSLM,13859366.831036,80709,sources/ronda2.send.ready.csv,PUMP holder pump_ui=13859366.831036; system_wallet
pump_person,chainlords_pump_holder,677,4BZ3rng1ZbKVcYMgyaByv4srqB364DcnRkNGNwXvHtgk,13771470.218818,85680,sources/ronda2.send.ready.csv,PUMP holder pump_ui=13771470.218818; system_wallet
pump_person,chainlords_pump_holder,678,HzupuiSjJpag5ghDFNt5zrUKWtftVDCX8nQqZYYTnU1g,13709362.991185,83284,sources/ronda2.send.ready.csv,PUMP holder pump_ui=13709362.991185; system_wallet
pump_person,chainlords_pump_holder,679,J21o598EJ5tC4QnNe9UU1U6nVhxuwRTmVcC1AEaMoVCb,13645461.457805,74151,sources/ronda2.send.ready.csv,PUMP holder pump_ui=13645461.457805; system_wallet
pump_person,chainlords_pump_holder,680,696969Y6orZEjp4gZtwcCZS7TNVuhMVE6G5mFvdJ4mYq,13599955.133361,79978,sources/ronda2.send.ready.csv,PUMP holder pump_ui=13599955.133361; system_wallet
pump_person,chainlords_pump_holder,681,4EWqcx3aNZmMetCnxwLYwyNjan6XLGp3Ca2W316vrSjv,13591164.403492,77813,sources/ronda2.send.ready.csv,PUMP holder pump_ui=13591164.403492; system_wallet
pump_person,chainlords_pump_holder,682,4aUKqsUmGUa7imRPEctnUzt1kt2eiFo9nUaCREAdxTVU,13523989.46104,82964,sources/ronda2.send.ready.csv,PUMP holder pump_ui=13523989.46104; system_wallet
pump_person,chainlords_pump_holder,683,48g6fSb5N7NwSZwNUjZVfCjRwiXnEzEQUVpYaNWxz1Vy,13480329.162917,81261,sources/ronda2.send.ready.csv,PUMP holder pump_ui=13480329.162917; system_wallet
pump_person,chainlords_pump_holder,684,CgB7kBwfzmximd36j317zM2EJqAK7RMBPgHzz5Th6zEh,13475435.285447,79879,sources/ronda2.send.ready.csv,PUMP holder pump_ui=13475435.285447; system_wallet
pump_person,chainlords_pump_holder,685,3KzERBKr5FyC8DGhdjye87ix6k7u6Dpf7fwRMUeiVhTD,13441164.887327,81265,sources/ronda2.send.ready.csv,PUMP holder pump_ui=13441164.887327; system_wallet
pump_person,chainlords_pump_holder,686,DBgdDW1kD8mJZ68qESDP528Q7xNnKfySLhRV6BQ7JDuS,13439183.925741,75999,sources/ronda2.send.ready.csv,PUMP holder pump_ui=13439183.925741; system_wallet
pump_person,chainlords_pump_holder,687,85Pj8YfVxHzxVBdQZHsciNB9oyFMr43bVDBSXoJQ6ngj,13436921.925932,73740,sources/ronda2.send.ready.csv,PUMP holder pump_ui=13436921.925932; system_wallet
pump_person,chainlords_pump_holder,688,4a8ASPRrKizrnMCJgw15WBNXh9XKupcD83vCKmYVhrjZ,13369181.279167,76071,sources/ronda2.send.ready.csv,PUMP holder pump_ui=13369181.279167; system_wallet
pump_person,chainlords_pump_holder,689,2Ljg7j2euqifW65M9nrngnV7aW2DSoJieMEprDSFXNM3,13343725.948094,84837,sources/ronda2.send.ready.csv,PUMP holder pump_ui=13343725.948094; no_account_data
pump_person,chainlords_pump_holder,690,2Yrkybr6WoKGhPZAGJtjd4uJfrpG8BGoYGWdmT6NcSKN,13271849.0,86929,sources/ronda2.send.ready.csv,PUMP holder pump_ui=13271849; system_wallet
pump_person,chainlords_pump_holder,691,CNKhiby6pMGXARkdYoZeShCZkB5gpHxPWwZA25DCtkc2,13232361.927636,83130,sources/ronda2.send.ready.csv,PUMP holder pump_ui=13232361.927636; system_wallet
pump_person,chainlords_pump_holder,692,6h2v54SHZ9LJqBG8NsZ4efqhYyGubDDzCsDFRNazvENe,13162184.678614,86546,sources/ronda2.send.ready.csv,PUMP holder pump_ui=13162184.678614; system_wallet
pump_person,chainlords_pump_holder,693,Fi5CsT4KKPjbD5DaAD3vUaWvMFWQ1FvdLEH2bC8ttiMh,13147317.086132,79940,sources/ronda2.send.ready.csv,PUMP holder pump_ui=13147317.086132; system_wallet
pump_person,chainlords_pump_holder,694,7JDAsCi8KD8wepdzn2C696jgFshfd7ovxVyU3WH8yLPZ,13143976.974402,76975,sources/ronda2.send.ready.csv,PUMP holder pump_ui=13143976.974402; system_wallet
pump_person,chainlords_pump_holder,695,6n8AzZdr2UqWVNLrJQjJR4Znkd4TGPqaqFu2BRVtwm1F,13130880.0,72738,sources/ronda2.send.ready.csv,PUMP holder pump_ui=13130880; system_wallet
pump_person,chainlords_pump_holder,696,9xYH2XXmha52vQeizHHiTpyqNag7UhMAJBEKSCd7g7eU,13076665.457538,87319,sources/ronda2.send.ready.csv,PUMP holder pump_ui=13076665.457538; system_wallet
pump_person,chainlords_pump_holder,697,ALoD8TEpqXE8u9MUkrKfvMF6Tt2XuyXdgAZLRYH1i6za,13000042.653494,80539,sources/ronda2.send.ready.csv,PUMP holder pump_ui=13000042.653494; system_wallet
pump_person,chainlords_pump_holder,698,35skaGzN6PbPfeNjLA87ECGXPmmgahTK2BvgUkKpqVQA,12999999.96,80293,sources/ronda2.send.ready.csv,PUMP holder pump_ui=12999999.96; system_wallet
pump_person,chainlords_pump_holder,699,7JHmxCuhGGUJeWWeKVrpBCSVSMWTGtVeVqmqd47HtEBk,12933520.375789,85985,sources/ronda2.send.ready.csv,PUMP holder pump_ui=12933520.375789; system_wallet
pump_person,chainlords_pump_holder,700,HxXxMAQ4B86YdwDMcPqFZ692ZyTUsxw96kpmaMAN8DHs,12917959.695769,73627,sources/ronda2.send.ready.csv,PUMP holder pump_ui=12917959.695769; system_wallet
pump_person,chainlords_pump_holder,701,BwpQ7Erv2vgdmHKuGNsC6m6satzt4yD4BEfXJPxGzuWW,12916336.308327,84052,sources/ronda2.send.ready.csv,PUMP holder pump_ui=12916336.308327; system_wallet
pump_person,chainlords_pump_holder,702,J4BwyeDNQCE99rwwWsf8SyHdPXSyhGoaX6RXYA18Htug,12824161.971947,80719,sources/ronda2.send.ready.csv,PUMP holder pump_ui=12824161.971947; system_wallet
pump_person,chainlords_pump_holder,703,BNnN2MqfWLvgThYBsv6v8JQaYZXYKYahC5YCy27Ct1cX,12762023.616228,78534,sources/ronda2.send.ready.csv,PUMP holder pump_ui=12762023.616228; system_wallet
pump_person,chainlords_pump_holder,704,56aoiABYypcAZitrwbSxPCbfB3SFNipTxqywdRpEgQvE,12750000.0,85583,sources/ronda2.send.ready.csv,PUMP holder pump_ui=12750000; system_wallet
pump_person,chainlords_pump_holder,705,CZs3dmeWZhCNgvXQzzTzyfEKv6utquWm3z8R5dJYBUgv,12739503.022861,73090,sources/ronda2.send.ready.csv,PUMP holder pump_ui=12739503.022861; system_wallet
pump_person,chainlords_pump_holder,706,GyAbZzvhRBADWfHggFTnAPxFhmPWSf27kx9fs4VNuHxz,12711707.121782,85342,sources/ronda2.send.ready.csv,PUMP holder pump_ui=12711707.121782; system_wallet
pump_person,chainlords_pump_holder,707,6xxRheYvoB4AZGMyuHe53rWbtEq55GRAkj7aDKtDBKoh,12698508.812404,85705,sources/ronda2.send.ready.csv,PUMP holder pump_ui=12698508.812404; system_wallet
pump_person,chainlords_pump_holder,708,5waA3HZemN1ZM7vLuxX2rcBAxzdcmuexWLn7JJ3fLQfL,12626960.575003,82781,sources/ronda2.send.ready.csv,PUMP holder pump_ui=12626960.575003; system_wallet
pump_person,chainlords_pump_holder,709,3WsZKessE1GHYLVgis27Y1ZZRnSEpgqJMfZBVASah8ew,12616953.353375,74904,sources/ronda2.send.ready.csv,PUMP holder pump_ui=12616953.353375; system_wallet
pump_person,chainlords_pump_holder,710,755tojy2DaptkxGoZUCSEizt7ViKiPBFeRNLkmcuqCFo,12596847.50201,76931,sources/ronda2.send.ready.csv,PUMP holder pump_ui=12596847.50201; system_wallet
pump_person,chainlords_pump_holder,711,5L8EWTQJ8rrxRbnP1XbxWS7QVVmd8BgbyoFyFSzyHbsC,12500000.0,86307,sources/ronda2.send.ready.csv,PUMP holder pump_ui=12500000; system_wallet
pump_person,chainlords_pump_holder,712,FSTEnkCsk3X7SWiETWNkA7DS8F7Y7JpPrCzN4F5Fb3GF,12500000.0,75498,sources/ronda2.send.ready.csv,PUMP holder pump_ui=12500000; system_wallet
pump_person,chainlords_pump_holder,713,9yXu4sPQUpY4nvDXD97pTjnMJX4YktMaAuPgbihx6kRY,12488616.843876,83524,sources/ronda2.send.ready.csv,PUMP holder pump_ui=12488616.843876; system_wallet
pump_person,chainlords_pump_holder,714,9vvsoLr5A2UnD8HaFExsQsnrRs6jCBWfvqLS66b4PnAv,12486515.321847,80310,sources/ronda2.send.ready.csv,PUMP holder pump_ui=12486515.321847; no_account_data
pump_person,chainlords_pump_holder,715,projjosVCPQH49d5em7VYS7fJZzaqKixqKtus7yk416,12480001.766148,84478,sources/ronda2.send.ready.csv,PUMP holder pump_ui=12480001.766148; system_wallet
pump_person,chainlords_pump_holder,716,6KkRvL6rWeH4yfWDzVtkRLtdTQFmASbTSW3wCW6TcvXr,12478220.743244,83891,sources/ronda2.send.ready.csv,PUMP holder pump_ui=12478220.743244; system_wallet
pump_person,chainlords_pump_holder,717,6GABbUrLNHcfPqZf21ah7nRLMo48J1prHyM5A1tLUNgx,12461701.7471,76658,sources/ronda2.send.ready.csv,PUMP holder pump_ui=12461701.7471; system_wallet
pump_person,chainlords_pump_holder,718,DZKQhMAakH81ALFSeXxmxmWThyN2rFQfxv7vpKV5Tfsa,12441000.13,86047,sources/ronda2.send.ready.csv,PUMP holder pump_ui=12441000.13; system_wallet
pump_person,chainlords_pump_holder,719,498bLZsjAy6vcrVpqteu5SoXa8S32hFW6NbVcYGJwVYB,12438840.100312,83054,sources/ronda2.send.ready.csv,PUMP holder pump_ui=12438840.100312; system_wallet
pump_person,chainlords_pump_holder,720,FSpL1gdZydJrQkngWe2S4tjBToRwpisRhChXYDQEnWPL,12433686.193733,77398,sources/ronda2.send.ready.csv,PUMP holder pump_ui=12433686.193733; system_wallet
pump_person,chainlords_pump_holder,721,9CXFCpaJSP8f9FKZsbL6YXHxoVDSzUXZ6AgoA8JzDYMe,12411048.912614,76119,sources/ronda2.send.ready.csv,PUMP holder pump_ui=12411048.912614; system_wallet
pump_person,chainlords_pump_holder,722,3Pn1u8soFndkUgL1NaxSFuEJYppZXjBdwQzQqh83jMoX,12377904.2,80866,sources/ronda2.send.ready.csv,PUMP holder pump_ui=12377904.2; system_wallet
pump_person,chainlords_pump_holder,723,63FPzBzZpNVvZZoX2MrbrVtdGTzU1JWXttBJmVyvqhqT,12362668.8,72245,sources/ronda2.send.ready.csv,PUMP holder pump_ui=12362668.8; no_account_data
pump_person,chainlords_pump_holder,724,Gba48dZjUJq6GCiHRVdH6oy9WaM6MsBz4vWXdduLf5Ao,12359023.130969,74796,sources/ronda2.send.ready.csv,PUMP holder pump_ui=12359023.130969; system_wallet
pump_person,chainlords_pump_holder,725,GhPUSazF3N4jodhn7n2gXDrTLc9cExNU8L5cqYDVMCK6,12352698.407208,77578,sources/ronda2.send.ready.csv,PUMP holder pump_ui=12352698.407208; system_wallet
pump_person,chainlords_pump_holder,726,EzZho7okYqTqhRM5GkC8niFwrTJ7ZQz4TDgjrFqvPvLD,12343991.110601,79737,sources/ronda2.send.ready.csv,PUMP holder pump_ui=12343991.110601; system_wallet
pump_person,chainlords_pump_holder,727,3Jo7oxzfez33WfBDePGdoxiri1KqSyy4WTRHtTbcHzuZ,12326026.921129,79221,sources/ronda2.send.ready.csv,PUMP holder pump_ui=12326026.921129; system_wallet
pump_person,chainlords_pump_holder,728,DKtu8ydp4MDbuWadnazLJo4etbbiH2A9i4juZozD1Ker,12322110.228097,80890,sources/ronda2.send.ready.csv,PUMP holder pump_ui=12322110.228097; system_wallet
pump_person,chainlords_pump_holder,729,3vDRacWNzTk3jKZpzbYvRmQWfEh9Bk6B5YgpeYk17BgD,12316699.694951,76063,sources/ronda2.send.ready.csv,PUMP holder pump_ui=12316699.694951; system_wallet
pump_person,chainlords_pump_holder,730,3Sq12G6ddsXwZFAGaovGhbM9TPWFdXwSyWa44rRtEhsd,12309480.753569,77189,sources/ronda2.send.ready.csv,PUMP holder pump_ui=12309480.753569; system_wallet
pump_person,chainlords_pump_holder,731,ARRWRw1rLsZkKeDvkBx4N6HNGJ9VB9mAoMAqgZsFuq7w,12306272.35394,83531,sources/ronda2.send.ready.csv,PUMP holder pump_ui=12306272.35394; system_wallet
pump_person,chainlords_pump_holder,732,3TUPFNBnFa3t6FsgBNDuYgEKoe93YU9WdNQZ5KBfSAXR,12287292.586455,74845,sources/ronda2.send.ready.csv,PUMP holder pump_ui=12287292.586455; system_wallet
pump_person,chainlords_pump_holder,733,GTqcdBivYg5tx7Xa7fB7vwjni2HunAc4GqvTscts3oGW,12275666.540757,84220,sources/ronda2.send.ready.csv,PUMP holder pump_ui=12275666.540757; system_wallet
pump_person,chainlords_pump_holder,734,GtycvYB18XrGxEpK99igvnMBXK7bK47x65oFGwKgCgwR,12270928.661134,78262,sources/ronda2.send.ready.csv,PUMP holder pump_ui=12270928.661134; system_wallet
pump_person,chainlords_pump_holder,735,FaBphbwEEHBhfj2hDXS3ng3sKme9P7Zwv9DPSpkJU1JM,12246866.63147,73258,sources/ronda2.send.ready.csv,PUMP holder pump_ui=12246866.63147; system_wallet
pump_person,chainlords_pump_holder,736,AR81MZU4xFBDZANMyAFS7VFuHKFpNYriqz2SMjcMNznA,12246071.700285,81869,sources/ronda2.send.ready.csv,PUMP holder pump_ui=12246071.700285; no_account_data
pump_person,chainlords_pump_holder,737,K3CMvayae3Vjsqg3zU11M9TuajCDtz3snxADSaRjJnn,12237640.609718,84968,sources/ronda2.send.ready.csv,PUMP holder pump_ui=12237640.609718; system_wallet
pump_person,chainlords_pump_holder,738,F4kFn7tExqWtKxTZDVqXK37JH6FNkwQVtwL3rG5qBzw8,12173101.628966,75621,sources/ronda2.send.ready.csv,PUMP holder pump_ui=12173101.628966; system_wallet
pump_person,chainlords_pump_holder,739,6gNs9Sic6s93jhsYwQtn9uBidhuYh7TSC3FM9GWHenp7,12159835.321744,83868,sources/ronda2.send.ready.csv,PUMP holder pump_ui=12159835.321744; system_wallet
pump_person,chainlords_pump_holder,740,8wk6dnA61HFHw3WaMfL7npymjpEhm1VoYh5zcfj9P4Kz,12151291.875187,85866,sources/ronda2.send.ready.csv,PUMP holder pump_ui=12151291.875187; system_wallet
pump_person,chainlords_pump_holder,741,E6puZMoKyroCkrR91TQwRs7eKYqLWYd64aSdnE3onqTj,12124972.386647,82405,sources/ronda2.send.ready.csv,PUMP holder pump_ui=12124972.386647; system_wallet
pump_person,chainlords_pump_holder,742,CgnRcZNoLNCpFzK2z3bt7tvvr8UYzsgkascdqfAG3THo,12122592.970947,75962,sources/ronda2.send.ready.csv,PUMP holder pump_ui=12122592.970947; system_wallet
pump_person,chainlords_pump_holder,743,3NbP3JnpkqdF57h994AvisytaSEZbLvsuhaG3mEvq1vu,12118431.293712,74398,sources/ronda2.send.ready.csv,PUMP holder pump_ui=12118431.293712; system_wallet
pump_person,chainlords_pump_holder,744,EbLcAgnMZVq9yCnBqNf3qus9vUNsfjaWAFXYTsasNTYi,12095878.364945,82454,sources/ronda2.send.ready.csv,PUMP holder pump_ui=12095878.364945; system_wallet
pump_person,chainlords_pump_holder,745,J8JkDep8hEbgvWSTv85smNoMfo6XUAMS9tYo5Qz9yrdi,12095225.01398,75518,sources/ronda2.send.ready.csv,PUMP holder pump_ui=12095225.01398; system_wallet
pump_person,chainlords_pump_holder,746,5r4bdBqJSVjSMKEhanmiz1sDjtwvwXMKsjc8i8KKyvhd,12073608.441931,77941,sources/ronda2.send.ready.csv,PUMP holder pump_ui=12073608.441931; system_wallet
pump_person,chainlords_pump_holder,747,6YwM8vgDdGQTCy6NHNzwG82WFN5Gei2DWg5W937dmASd,12034708.487464,86946,sources/ronda2.send.ready.csv,PUMP holder pump_ui=12034708.487464; system_wallet
pump_person,chainlords_pump_holder,748,EY8LYSvgjW6MGF7d9HoZY8rxNv7XdweDNuwQBwsmTTdG,12001092.159626,79041,sources/ronda2.send.ready.csv,PUMP holder pump_ui=12001092.159626; system_wallet
pump_person,chainlords_pump_holder,749,9kFFY6V7BwPh7rV7H1HpDm2hLvSSm5PauvpXge79vWR4,12000000.528164,73747,sources/ronda2.send.ready.csv,PUMP holder pump_ui=12000000.528164; system_wallet
pump_person,chainlords_pump_holder,750,2ZGivv1h4mepMSois8XCF77TLhtPCCgEciccvPC9oekx,12000000.0,79073,sources/ronda2.send.ready.csv,PUMP holder pump_ui=12000000; system_wallet
pump_person,chainlords_pump_holder,751,BxHxSsvBo6zPwxqJypkKMQfx45gUzMKnPEcCk1JH7s8D,11890419.686894,80932,sources/ronda2.send.ready.csv,PUMP holder pump_ui=11890419.686894; system_wallet
pump_person,chainlords_pump_holder,752,2Q6SJzSvVKhChwwvrgBkt3mKCqCeAi9TQjSNBbsoy1AR,11876325.7,83224,sources/ronda2.send.ready.csv,PUMP holder pump_ui=11876325.7; system_wallet
pump_person,chainlords_pump_holder,753,DGFW1Effv88XzXkgfgyoFfmefzEU5Pp9zWJACBmCSh8K,11844393.7387,77037,sources/ronda2.send.ready.csv,PUMP holder pump_ui=11844393.7387; system_wallet
pump_person,chainlords_pump_holder,754,CqA42zXaf5zXk7EW7jtCLfL2uH1efuB9GtTfjfJ2hzoq,11784214.063279,83723,sources/ronda2.send.ready.csv,PUMP holder pump_ui=11784214.063279; system_wallet
pump_person,chainlords_pump_holder,755,J7SNubsvLNF6BS9mFo6j8db9FaxmigyLRDYWAvFTubXM,11769751.724439,79731,sources/ronda2.send.ready.csv,PUMP holder pump_ui=11769751.724439; system_wallet
pump_person,chainlords_pump_holder,756,3DH8F2LwMUuat33gbCEPnaYrD2ermyowVi7zzVfV5pYB,11749994.792077,87404,sources/ronda2.send.ready.csv,PUMP holder pump_ui=11749994.792077; system_wallet
pump_person,chainlords_pump_holder,757,6snMdqcxzh1zcuGr4BeSTpmPf8uoqmLZ8Da1WwhRQRg4,11744661.054198,72781,sources/ronda2.send.ready.csv,PUMP holder pump_ui=11744661.054198; system_wallet
pump_person,chainlords_pump_holder,758,CLxo3rFprNuMdUKN53QzLD3jxGWfDgNGiCnWgfpr7AP,11693581.51,78386,sources/ronda2.send.ready.csv,PUMP holder pump_ui=11693581.51; system_wallet
pump_person,chainlords_pump_holder,759,Fu4W9uepFP3VzMZth3coKAccgrutNSbHxsezu323rPUD,11629396.846649,78951,sources/ronda2.send.ready.csv,PUMP holder pump_ui=11629396.846649; system_wallet
pump_person,chainlords_pump_holder,760,9SGxD8z2ck1t6bEcwPkXfWGSKBgRbrrwhNSEcWAWuv1Z,11622692.131234,72931,sources/ronda2.send.ready.csv,PUMP holder pump_ui=11622692.131234; system_wallet
pump_person,chainlords_pump_holder,761,AioXK5S5hPZ96FwK1zWZgRvZVwx5kLvqQtM9HGakChVW,11591014.57115,78655,sources/ronda2.send.ready.csv,PUMP holder pump_ui=11591014.57115; system_wallet
pump_person,chainlords_pump_holder,762,EsTdHYuZeAbfUJ6JYpovfy9Zoj4pyyNogrxAoebWaDJG,11500000.0,83799,sources/ronda2.send.ready.csv,PUMP holder pump_ui=11500000; system_wallet
pump_person,chainlords_pump_holder,763,2b6aLNsb1MiAFEWNowr7nCeDDeSGsttVYWEGJuo4sNSC,11489974.217347,77892,sources/ronda2.send.ready.csv,PUMP holder pump_ui=11489974.217347; system_wallet
pump_person,chainlords_pump_holder,764,H33CjXLDkERgJLpsnTHnL9z26DDq2WwWgrF3d2SYfsEL,11409750.627142,86836,sources/ronda2.send.ready.csv,PUMP holder pump_ui=11409750.627142; system_wallet
pump_person,chainlords_pump_holder,765,J7ME7NJ8uJ92JGsNLn627XyZaikmV21p4zszo2QmWe3A,11402757.0,79236,sources/ronda2.send.ready.csv,PUMP holder pump_ui=11402757; system_wallet
pump_person,chainlords_pump_holder,766,EMYwVqB1LaUnqUXDAX42T6W7zor51GgKAgJTcDED3wej,11392469.515564,72993,sources/ronda2.send.ready.csv,PUMP holder pump_ui=11392469.515564; system_wallet
pump_person,chainlords_pump_holder,767,CpZD24BhaxgV2FKRPdZaHj7Vpaddq5mz7VZwkHjTMT8Q,11362696.674209,78433,sources/ronda2.send.ready.csv,PUMP holder pump_ui=11362696.674209; system_wallet
pump_person,chainlords_pump_holder,768,7EudTYVE7JzkomvLwKwzGAfzchV5RKQGo9e4kZhn67hg,11333322.5,79994,sources/ronda2.send.ready.csv,PUMP holder pump_ui=11333322.5; system_wallet
pump_person,chainlords_pump_holder,769,FagDkqwCBoHwvEV4noiaWGfSMCjYnd8SW5kTCyCtDGz3,11302297.089047,73777,sources/ronda2.send.ready.csv,PUMP holder pump_ui=11302297.089047; system_wallet
pump_person,chainlords_pump_holder,770,FcmiyrjpbPXQA1nTo8ntGRYAsZR8pSmL5uVpmXLUt6Bs,11295539.965847,87937,sources/ronda2.send.ready.csv,PUMP holder pump_ui=11295539.965847; system_wallet
pump_person,chainlords_pump_holder,771,9gCfzPdGyjAMio1HvTCKMfRGtXBWymsNuXQqovz9Rw8C,11281657.014602,86767,sources/ronda2.send.ready.csv,PUMP holder pump_ui=11281657.014602; system_wallet
pump_person,chainlords_pump_holder,772,EBzi6spUSR49gXzY6T1G4Qd8XEbbH7vacgrPyhiXfF2S,11204724.18553,86168,sources/ronda2.send.ready.csv,PUMP holder pump_ui=11204724.18553; system_wallet
pump_person,chainlords_pump_holder,773,EFJT4SoZBDU4kVvRgVm11uiQGj6yjr5L47gHEPU5ef4w,11190214.197846,75436,sources/ronda2.send.ready.csv,PUMP holder pump_ui=11190214.197846; no_account_data
pump_person,chainlords_pump_holder,774,DErRQYPYsqZGb4tRtJH6tHXjkCKi6tjwcPJCuM4445Wr,11172659.704015,72434,sources/ronda2.send.ready.csv,PUMP holder pump_ui=11172659.704015; no_account_data
pump_person,chainlords_pump_holder,775,6afwBYBrVLupGLqbXBbtxMmpXWG1HZSbyL11oNwhg8AB,11151188.722085,84528,sources/ronda2.send.ready.csv,PUMP holder pump_ui=11151188.722085; system_wallet
pump_person,chainlords_pump_holder,776,2KNsuxQbmfKmC6yFdaiqSoF8uPw8HcEotpRG3BBoZyYY,11146086.466673,82540,sources/ronda2.send.ready.csv,PUMP holder pump_ui=11146086.466673; system_wallet
pump_person,chainlords_pump_holder,777,2RfyGbMqTsSX3g4ruZksKpfwCeeMiTLgB5eF6joVL1p6,11075248.444479,74095,sources/ronda2.send.ready.csv,PUMP holder pump_ui=11075248.444479; system_wallet
pump_person,chainlords_pump_holder,778,BM9CcyErJcu2mjrFvUsRRrD3snGeHDDVirJLvL6EjvMN,11067141.724282,81821,sources/ronda2.send.ready.csv,PUMP holder pump_ui=11067141.724282; system_wallet
pump_person,chainlords_pump_holder,779,7RmkMNQerKaVioRnmqZsHM5Gm8F3gngQG8umLNoK97q4,11059298.017754,85632,sources/ronda2.send.ready.csv,PUMP holder pump_ui=11059298.017754; system_wallet
pump_person,chainlords_pump_holder,780,3QhkcEEtFiXHfR85aGxeC8xes8scSriqwaRRQj2dFoyk,11055341.756522,83476,sources/ronda2.send.ready.csv,PUMP holder pump_ui=11055341.756522; system_wallet
pump_person,chainlords_pump_holder,781,GRiNi3s98j2w1LanP2kaXXgF9kno5zKmc2WkcH3q6mma,11033443.097964,85988,sources/ronda2.send.ready.csv,PUMP holder pump_ui=11033443.097964; system_wallet
pump_person,chainlords_pump_holder,782,4XKt41kD533ecHzZdJ3CNdMDCCWe7bCvSUaVeub6njk4,11012411.10924,79902,sources/ronda2.send.ready.csv,PUMP holder pump_ui=11012411.10924; system_wallet
pump_person,chainlords_pump_holder,783,9HdoLNLQsQRLik9n8RfHDknftpET4jaWjEKDsmRxrpSg,11000000.0,78568,sources/ronda2.send.ready.csv,PUMP holder pump_ui=11000000; no_account_data
pump_person,chainlords_pump_holder,784,91noEiT2vUzNjvWKmFDjdSnujfwM8hE7pQFqM1WiHXwq,10999999.448108,76180,sources/ronda2.send.ready.csv,PUMP holder pump_ui=10999999.448108; system_wallet
pump_person,chainlords_pump_holder,785,Gc72C51CeqBdqsoj9xCksQJzsMcz9VGCciWUMJ32E5C2,10882328.058695,86234,sources/ronda2.send.ready.csv,PUMP holder pump_ui=10882328.058695; system_wallet
pump_person,chainlords_pump_holder,786,GWWGgNcYtYPNW9iK8LdtwMKaU3QuXhZEh7d6WmDpr5zb,10809980.853989,75705,sources/ronda2.send.ready.csv,PUMP holder pump_ui=10809980.853989; system_wallet
pump_person,chainlords_pump_holder,787,5F9S59yMtCT7mpRSMFVTFBrJPLSmk1d2NSmcUHr1gMHt,10808981.261269,80423,sources/ronda2.send.ready.csv,PUMP holder pump_ui=10808981.261269; system_wallet
pump_person,chainlords_pump_holder,788,6p1wkFCrAcCVSN9pwot2Mh8j8PsmVkXuKZgmWKrWEucv,10754272.526209,87609,sources/ronda2.send.ready.csv,PUMP holder pump_ui=10754272.526209; system_wallet
pump_person,chainlords_pump_holder,789,FB83WKHcHpFsXr4N2bAVE9Fb2bxo66zirTPggG7Vn4sC,10718504.677512,78483,sources/ronda2.send.ready.csv,PUMP holder pump_ui=10718504.677512; system_wallet
pump_person,chainlords_pump_holder,790,ECEv1EZJvzJc8D7LAZeTvoUKAkhEbAQrE3J1cSN1NGmM,10691725.019961,74388,sources/ronda2.send.ready.csv,PUMP holder pump_ui=10691725.019961; system_wallet
pump_person,chainlords_pump_holder,791,3Y5psuoqHhc58ANgNLdH6P3mmmf3uBXWHrQcVv8gKF9J,10683738.937666,82718,sources/ronda2.send.ready.csv,PUMP holder pump_ui=10683738.937666; system_wallet
pump_person,chainlords_pump_holder,792,Aszwr7kQZNpSSiFzALxg8PRoP732TkRSFdNv5m8dLb6G,10669556.093298,82710,sources/ronda2.send.ready.csv,PUMP holder pump_ui=10669556.093298; system_wallet
pump_person,chainlords_pump_holder,793,GhpWmsWwK1rgKcNySZpbL1fNUm656cRuWDGM8Uf6Z1Lk,10636932.589033,79303,sources/ronda2.send.ready.csv,PUMP holder pump_ui=10636932.589033; system_wallet
pump_person,chainlords_pump_holder,794,FPRFLszBJFHCThF2yWvkGkfvtwyFPRGX9MFHnDGP6UYp,10625000.0,73190,sources/ronda2.send.ready.csv,PUMP holder pump_ui=10625000; system_wallet
pump_person,chainlords_pump_holder,795,QwCCkY6PUaRd94AFLwfWfKGtZQzJa5SNCHt7SWx9SQ3,10596309.08,78832,sources/ronda2.send.ready.csv,PUMP holder pump_ui=10596309.08; no_account_data
pump_person,chainlords_pump_holder,796,6KPk6QoDi3ge93yBY5zxSK2ou9eFtNum4xDbj3dAtpZj,10567226.366257,85329,sources/ronda2.send.ready.csv,PUMP holder pump_ui=10567226.366257; system_wallet
pump_person,chainlords_pump_holder,797,HjhEQAs3oe16zSPkUX3ZyZFBsKsBQA5bRRmXJjKgtzrX,10548286.197163,82696,sources/ronda2.send.ready.csv,PUMP holder pump_ui=10548286.197163; system_wallet
pump_person,chainlords_pump_holder,798,2sEjt4NBRG8mnZeySD2jZSKnD1FbMpfVmMjCgssQ5i4w,10545033.369246,76277,sources/ronda2.send.ready.csv,PUMP holder pump_ui=10545033.369246; system_wallet
pump_person,chainlords_pump_holder,799,7FLr64uLGN45K45UR9hzcCbAsKZ8jRshqRRy2w7rhh19,10537180.184,77998,sources/ronda2.send.ready.csv,PUMP holder pump_ui=10537180.184; system_wallet
pump_person,chainlords_pump_holder,800,GuJny4jNypukLwgUiGK4egJNaBMGhBMUftgeZTzJvudJ,10491020.0,78341,sources/ronda2.send.ready.csv,PUMP holder pump_ui=10491020; system_wallet
pump_person,chainlords_pump_holder,801,3vxheE5C46XzK4XftziRhwAf8QAfipD7HXXWj25mgkom,10463353.620739,75496,sources/ronda2.send.ready.csv,PUMP holder pump_ui=10463353.620739; system_wallet
pump_person,chainlords_pump_holder,802,3KiYcEgruMcv6uDyNBPEUSgXaNT3ascwcretMT8z6BVy,10439917.545117,73998,sources/ronda2.send.ready.csv,PUMP holder pump_ui=10439917.545117; system_wallet
pump_person,chainlords_pump_holder,803,oJm69z23sbK8TnRzm6xKCYNRNaD4FD7duiCCPTM4tiY,10402388.583943,85464,sources/ronda2.send.ready.csv,PUMP holder pump_ui=10402388.583943; system_wallet
pump_person,chainlords_pump_holder,804,FGgWM8gcrJQtJKQUSTSb1T4m1Vu2PsHN5nvhX7qnhYTS,10343867.95593,82535,sources/ronda2.send.ready.csv,PUMP holder pump_ui=10343867.95593; system_wallet
pump_person,chainlords_pump_holder,805,Dn518Zrb1tACvDYXPHsHKKLSokbqgGTxpFMWdeQ6K58w,10340257.077185,72057,sources/ronda2.send.ready.csv,PUMP holder pump_ui=10340257.077185; system_wallet
pump_person,chainlords_pump_holder,806,GpYAPi2aFE6QvLU5hEBbu2YjR7Tz9Wi4JSXb2GpjKK3w,10277302.512942,80071,sources/ronda2.send.ready.csv,PUMP holder pump_ui=10277302.512942; system_wallet
pump_person,chainlords_pump_holder,807,47LnMeuVwdmEjZeJnXX6SrTCinfQrT1f8Nw4puNfLcsU,10248470.264598,82858,sources/ronda2.send.ready.csv,PUMP holder pump_ui=10248470.264598; no_account_data
pump_person,chainlords_pump_holder,808,6EqzwKZb2m8kk4QhaHqdz2f43Ls2rVo2L8HjUNKfuAic,10234060.502559,80192,sources/ronda2.send.ready.csv,PUMP holder pump_ui=10234060.502559; system_wallet
pump_person,chainlords_pump_holder,809,8epNyKjWPPxcLsNSPaovwUGt2cpXzCAnhMad5YAnD7mP,10198289.370209,79816,sources/ronda2.send.ready.csv,PUMP holder pump_ui=10198289.370209; system_wallet
pump_person,chainlords_pump_holder,810,DEk9LmFo9YBy42TXUfeUco5eimYKq9Z4Bbw68n3pvZdX,10173124.225564,82204,sources/ronda2.send.ready.csv,PUMP holder pump_ui=10173124.225564; system_wallet
pump_person,chainlords_pump_holder,811,8P81zncb4E26nMv1dVuAQJ1gLDfgYYrmWyTimnAgEGDd,10158690.23229,74475,sources/ronda2.send.ready.csv,PUMP holder pump_ui=10158690.23229; system_wallet
pump_person,chainlords_pump_holder,812,H2RWnGchKp3s1RuLCZ19MMDeXPGFYWUcUj7CV2A7egU9,10050845.62817,74992,sources/ronda2.send.ready.csv,PUMP holder pump_ui=10050845.62817; system_wallet
pump_person,chainlords_pump_holder,813,6ixWrx57nvYcXbXvSVrNe7vYsPwRdbT25yk1tPVfodzH,10042938.748909,78824,sources/ronda2.send.ready.csv,PUMP holder pump_ui=10042938.748909; system_wallet
pump_person,chainlords_pump_holder,814,4qnndLkbpzxcTkHyz3qx7eP93ZGQKUXzZhZfpbJwpFC9,10004721.924242,74505,sources/ronda2.send.ready.csv,PUMP holder pump_ui=10004721.924242; system_wallet
pump_person,chainlords_pump_holder,815,3caD4ipBSB4EWFAmQ4Yu5MaZyCBvW99wJwo5ErzRdZPB,10003998.238243,80586,sources/ronda2.send.ready.csv,PUMP holder pump_ui=10003998.238243; system_wallet
pump_person,chainlords_pump_holder,816,FjtF5vMo3mr4tfy2UkSFoSZsp6BS351bgmLfiubjrnpB,10001711.76,73071,sources/ronda2.send.ready.csv,PUMP holder pump_ui=10001711.76; system_wallet
pump_person,chainlords_pump_holder,817,8aHwQXaES1KUYJjUJKmHmNHxQex7ocWN4Yh9nCG97G8R,10000265.518858,80572,sources/ronda2.send.ready.csv,PUMP holder pump_ui=10000265.518858; system_wallet
pump_person,chainlords_pump_holder,818,CQAdgbM1vi76PkWzzxGJudHdFi2sM4dNxUjnpaS4DSLg,10000044.287928,86925,sources/ronda2.send.ready.csv,PUMP holder pump_ui=10000044.287928; system_wallet
pump_person,chainlords_pump_holder,819,EzuFVV4goCWhPTVYqQD4HyRR5sV6Vx9WT1Vu4LxyiGjV,10000032.024703,85246,sources/ronda2.send.ready.csv,PUMP holder pump_ui=10000032.024703; system_wallet
pump_person,chainlords_pump_holder,820,AVeSttHqyxxQnWcfyW6rMvuB5cgXRhRsAkaBqi8AKuko,10000000.479383,79298,sources/ronda2.send.ready.csv,PUMP holder pump_ui=10000000.479383; system_wallet
pump_person,chainlords_pump_holder,821,J76NMWANWxFrCjhCFDz9dZxAtDoCcUb54sVnykeDbkMg,10000000.0,80129,sources/ronda2.send.ready.csv,PUMP holder pump_ui=10000000; system_wallet
pump_person,chainlords_pump_holder,822,8rMiwHGEmtJNWvjniLrTU5a94ujNaqZBfsSf5CXrKgF4,10000000.0,84151,sources/ronda2.send.ready.csv,PUMP holder pump_ui=10000000; system_wallet
pump_person,chainlords_pump_holder,823,8qWy6hKJxLwFH9j3en3kfLzN6SiRBhWzAbAdmDdFtdt3,10000000.0,77925,sources/ronda2.send.ready.csv,PUMP holder pump_ui=10000000; system_wallet
pump_person,chainlords_pump_holder,824,3DG1XrKZfKFTZz1iAAokd7yNXwJoyVFDHEd5q8jMunPb,10000000.0,86899,sources/ronda2.send.ready.csv,PUMP holder pump_ui=10000000; system_wallet
pump_person,chainlords_pump_holder,825,9BqRTfVcof3WueGfVGcfvd6TiaHydtcN5SnEzqiAf9YJ,10000000.0,73795,sources/ronda2.send.ready.csv,PUMP holder pump_ui=10000000; system_wallet
pump_person,chainlords_pump_holder,826,4JyPGsd1eudBgYjagnk5fQuQeu3bQnfhoVLKdz2gg4qG,10000000.0,82527,sources/ronda2.send.ready.csv,PUMP holder pump_ui=10000000; system_wallet
pump_person,chainlords_pump_holder,827,9Vy6LwtDondaZv3VCGDFYtedXHK7ZWK4RnhFheV3oLMf,10000000.0,72997,sources/ronda2.send.ready.csv,PUMP holder pump_ui=10000000; system_wallet
pump_person,chainlords_pump_holder,828,4ReUByJ7HuXSiSvKchekf55Nfv7Nj19nWM3aDyTHDvWc,9993734.799141,76287,sources/ronda2.send.ready.csv,PUMP holder pump_ui=9993734.799141; system_wallet
pump_person,chainlords_pump_holder,829,H2coft9MuAhyU59uF2G1Vm4bGL2v9BUsPXhbPnTpNnic,9973101.037722,77723,sources/ronda2.send.ready.csv,PUMP holder pump_ui=9973101.037722; system_wallet
pump_person,chainlords_pump_holder,830,G2rJAZ3bihgZbxqryibffWjRtNJvSyUiXtPFshDzzeU6,9964994.5,84710,sources/ronda2.send.ready.csv,PUMP holder pump_ui=9964994.5; system_wallet
pump_person,chainlords_pump_holder,831,HSzKBUeWy3Cv4LMf6FZFUUm1N1MZe1UJfkBqtWQGmFx4,9951577.610277,72775,sources/ronda2.send.ready.csv,PUMP holder pump_ui=9951577.610277; system_wallet
pump_person,chainlords_pump_holder,832,HcVDfBjLs3dgQjtdnPs8REF4d22Vt3iyTYSysDmxm4dC,9947728.615315,77499,sources/ronda2.send.ready.csv,PUMP holder pump_ui=9947728.615315; no_account_data
pump_person,chainlords_pump_holder,833,H6qpbuw5NUXskPJsVD5KeT3kpWuoKamQJeGKaUVK2oWx,9916528.379586,77655,sources/ronda2.send.ready.csv,PUMP holder pump_ui=9916528.379586; system_wallet
pump_person,chainlords_pump_holder,834,6P98UCVhNY8Yj2Bp8osHgUuXZGikFi4ZdWPK6o3Eaitv,9911051.512758,80870,sources/ronda2.send.ready.csv,PUMP holder pump_ui=9911051.512758; system_wallet
pump_person,chainlords_pump_holder,835,BQdVT77ka7TPXB3psfFUHTpjx6NLnTQupHuuHUJB1Rxj,9858880.684104,85714,sources/ronda2.send.ready.csv,PUMP holder pump_ui=9858880.684104; system_wallet
pump_person,chainlords_pump_holder,836,AibRodWnQxV3i39mws7kHoPda1ybyQ7kKQ81SxUpQKeY,9852435.754768,75102,sources/ronda2.send.ready.csv,PUMP holder pump_ui=9852435.754768; system_wallet
pump_person,chainlords_pump_holder,837,JCU9fQKKdM1VHZyb4t7DKnYxnikhKnyLzjk2C89rwQNk,9851127.762213,77680,sources/ronda2.send.ready.csv,PUMP holder pump_ui=9851127.762213; system_wallet
pump_person,chainlords_pump_holder,838,GK76PKZXR8DUV4w84WCKBS1PZoEmFDwboByFda4EbcXT,9844300.697596,74987,sources/ronda2.send.ready.csv,PUMP holder pump_ui=9844300.697596; system_wallet
pump_person,chainlords_pump_holder,839,GQkn3fPeCV4pH1MGZVHsWPpRdq5ENYnaB8GVwSubjkCZ,9836361.163884,75221,sources/ronda2.send.ready.csv,PUMP holder pump_ui=9836361.163884; system_wallet
pump_person,chainlords_pump_holder,840,B5R7GeCrkZs935xFQzSkm8dEppUWe3krisshm7n47ogw,9831842.988584,82433,sources/ronda2.send.ready.csv,PUMP holder pump_ui=9831842.988584; system_wallet
pump_person,chainlords_pump_holder,841,HUFrJb27wxy1eshAPHkZF2CGms5MC7Zjk4gYpDNcA2cW,9816892.33155,76402,sources/ronda2.send.ready.csv,PUMP holder pump_ui=9816892.33155; system_wallet
pump_person,chainlords_pump_holder,842,EVKNgtiyZ7Ko9hG7LMuNn2FJyBJVSPFcVq4bCJbVsaYU,9738138.088234,73036,sources/ronda2.send.ready.csv,PUMP holder pump_ui=9738138.088234; system_wallet
pump_person,chainlords_pump_holder,843,DmMtErUGmp1bEp5ipTWBH7i4R9uu1AHp47tTnqtstZLt,9733500.69974,81254,sources/ronda2.send.ready.csv,PUMP holder pump_ui=9733500.69974; no_account_data
pump_person,chainlords_pump_holder,844,4ScQ3kofuEQyNUVoLBSi3FHtfrqvre1gBdW6azsSxuTC,9707127.243621,75645,sources/ronda2.send.ready.csv,PUMP holder pump_ui=9707127.243621; system_wallet
pump_person,chainlords_pump_holder,845,7w2UAHpFGfuDysgyS6oVarevXMLy5mDPSQgmJ7oWZdaf,9650083.716166,82386,sources/ronda2.send.ready.csv,PUMP holder pump_ui=9650083.716166; system_wallet
pump_person,chainlords_pump_holder,846,9NoKkw6GL8LvyMtVQhCKERHej9ax2HXAisvonkMiYrKM,9633153.87,86274,sources/ronda2.send.ready.csv,PUMP holder pump_ui=9633153.87; no_account_data
pump_person,chainlords_pump_holder,847,HSaK6qJ8yAJsYowqPWEy2tm1eKFwXNnwNxiXX8RgdPVL,9600420.162966,79926,sources/ronda2.send.ready.csv,PUMP holder pump_ui=9600420.162966; no_account_data
pump_person,chainlords_pump_holder,848,B2p6ePM3uJ6KLLQcAGywFRMwzjfxVCt8g5zRzFdLWLNE,9564886.078589,86438,sources/ronda2.send.ready.csv,PUMP holder pump_ui=9564886.078589; system_wallet
pump_person,chainlords_pump_holder,849,3e5pwUqhzzR4C7Yd1BEkDxf4i8V3q6qtdAsWREUSV66t,9563901.896302,86710,sources/ronda2.send.ready.csv,PUMP holder pump_ui=9563901.896302; system_wallet
pump_person,chainlords_pump_holder,850,QJ48jt7oU5TrS1v1xvDmyCdS21p8gSYJBtn3NJSdmrz,9543667.0,73859,sources/ronda2.send.ready.csv,PUMP holder pump_ui=9543667; system_wallet
pump_person,chainlords_pump_holder,851,Ddbs1mcoJVe3VSoez3Hu2R2njrLfaAnyvUvzbh5vnaZG,9543596.34387,84413,sources/ronda2.send.ready.csv,PUMP holder pump_ui=9543596.34387; system_wallet
pump_person,chainlords_pump_holder,852,C5Ja8ze17TFuHUgz1rMUMMVqBt97q5fbd7BpdEitckM2,9542935.168242,77916,sources/ronda2.send.ready.csv,PUMP holder pump_ui=9542935.168242; system_wallet
pump_person,chainlords_pump_holder,853,8stqxjqCTWuyE1o7ayfrbGmQMMyvV5SnTroibVQAavxC,9540784.464759,86160,sources/ronda2.send.ready.csv,PUMP holder pump_ui=9540784.464759; system_wallet
pump_person,chainlords_pump_holder,854,GwtXsmP772pv2ctcyzvxMuR7pacTDCQywx9VwoirQNJa,9527464.228416,72406,sources/ronda2.send.ready.csv,PUMP holder pump_ui=9527464.228416; system_wallet
pump_person,chainlords_pump_holder,855,B7WkZ96td6fbZkndsrVFn3dUE1d6EyAgEotAwcDkjCe7,9512901.480176,80713,sources/ronda2.send.ready.csv,PUMP holder pump_ui=9512901.480176; system_wallet
pump_person,chainlords_pump_holder,856,4au7h1hNQ446vbDJiMi3ZVxyLdxKNqeB7mH89L5Nf7v6,9503095.979707,83938,sources/ronda2.send.ready.csv,PUMP holder pump_ui=9503095.979707; system_wallet
pump_person,chainlords_pump_holder,857,5tBVky21R1AkKsWrub3Z2iqfcPtzPMAhqpojwG3PqEqk,9476298.18629,78254,sources/ronda2.send.ready.csv,PUMP holder pump_ui=9476298.18629; system_wallet
pump_person,chainlords_pump_holder,858,9RXvErfadcT68njChE3mWBJWswXnbz1pFBW6ejqkFjN3,9469248.937208,75958,sources/ronda2.send.ready.csv,PUMP holder pump_ui=9469248.937208; system_wallet
pump_person,chainlords_pump_holder,859,Fd15tWQQbrAVJTy7y2eYVKadYuEurHEcEDHdu9XdzUpt,9446356.684876,83275,sources/ronda2.send.ready.csv,PUMP holder pump_ui=9446356.684876; system_wallet
pump_person,chainlords_pump_holder,860,8gomnBVPnGGTd4Z19aVdEJpUGwZtnyxacXuQabhxBsUu,9435756.752179,84731,sources/ronda2.send.ready.csv,PUMP holder pump_ui=9435756.752179; system_wallet
pump_person,chainlords_pump_holder,861,28Bm9T58MU4jFN3JGg1vHB3PJNRMvp9HecMhYpKrv22z,9382656.196633,84983,sources/ronda2.send.ready.csv,PUMP holder pump_ui=9382656.196633; system_wallet
pump_person,chainlords_pump_holder,862,GRuA3SNh4bjCa8J5BQaW7bm7fNYc54YMNQPWbeTNtD5F,9375134.948159,73191,sources/ronda2.send.ready.csv,PUMP holder pump_ui=9375134.948159; system_wallet
pump_person,chainlords_pump_holder,863,E9MXchDwu4rdm7MmNy4hPBmkyvXhyNeyungmSg7LNptx,9375000.0,75872,sources/ronda2.send.ready.csv,PUMP holder pump_ui=9375000; system_wallet
pump_person,chainlords_pump_holder,864,3gvXNMosMkVzzJCNhMtouHX23YLUgLT4RLdBQJMswrtB,9368716.290539,83138,sources/ronda2.send.ready.csv,PUMP holder pump_ui=9368716.290539; system_wallet
pump_person,chainlords_pump_holder,865,H7CWfh5Cq4adfcEUAbLitntYGnxGRSaQAhmc9VzT7cwx,9329795.449193,81696,sources/ronda2.send.ready.csv,PUMP holder pump_ui=9329795.449193; system_wallet
pump_person,chainlords_pump_holder,866,BpBRX8yfeY5C7UQtr9K7HvTbgew98tBAuPMYAXQ3eScy,9312856.035567,87739,sources/ronda2.send.ready.csv,PUMP holder pump_ui=9312856.035567; system_wallet
pump_person,chainlords_pump_holder,867,Gr9f7Co4cJYyitKVUzQZmsoMZ4DW4GsZtVX9KP19NrN8,9250000.0,83093,sources/ronda2.send.ready.csv,PUMP holder pump_ui=9250000; system_wallet
pump_person,chainlords_pump_holder,868,BKqtkpx5P6vxquoFoepaoutjqvxLKFUN8KWdjSXF2beX,9239057.801497,81323,sources/ronda2.send.ready.csv,PUMP holder pump_ui=9239057.801497; system_wallet
pump_person,chainlords_pump_holder,869,2CLGzQqBxKqdiGfDK2epjAUyU2Wx3TzoBU8pbreeKNP9,9218661.95584,78949,sources/ronda2.send.ready.csv,PUMP holder pump_ui=9218661.95584; system_wallet
pump_person,chainlords_pump_holder,870,FNf2gGbHpMz5Jw7rprHzMiQc6KXKe5j3ruzpuq4en3G2,9216657.126248,83853,sources/ronda2.send.ready.csv,PUMP holder pump_ui=9216657.126248; system_wallet
pump_person,chainlords_pump_holder,871,2Z7qVJAEDFgVWgnZWmFgyw7MJoUeuDJcuDXF6ssBAu9e,9206020.636095,75495,sources/ronda2.send.ready.csv,PUMP holder pump_ui=9206020.636095; system_wallet
pump_person,chainlords_pump_holder,872,A2QfbSNbQ23uJmYteRev89L1Jka1orTguRHLohuhYoxN,9160457.988613,79421,sources/ronda2.send.ready.csv,PUMP holder pump_ui=9160457.988613; system_wallet
pump_person,chainlords_pump_holder,873,A2NGHjbnpihGpWEfsmJjfac7hsw4JCJMoRqszyEMQ13z,9133022.697163,84893,sources/ronda2.send.ready.csv,PUMP holder pump_ui=9133022.697163; system_wallet
pump_person,chainlords_pump_holder,874,5UYDY7SL6NmaYGhVV88htPiMAgfMbH3W1fX6sVE3tBEj,9124192.97,80925,sources/ronda2.send.ready.csv,PUMP holder pump_ui=9124192.97; system_wallet
pump_person,chainlords_pump_holder,875,7v7afYtjU6xP49Yafs9cM3raGnYusRsdyc835SDM8bQK,9100027.317347,74737,sources/ronda2.send.ready.csv,PUMP holder pump_ui=9100027.317347; system_wallet
pump_person,chainlords_pump_holder,876,zvyqCvY4dUgXu1JTgAaNkfwyenVLe9rgpKuoXrv3gGy,9090227.890967,85773,sources/ronda2.send.ready.csv,PUMP holder pump_ui=9090227.890967; system_wallet
pump_person,chainlords_pump_holder,877,29mTDbGmyHsLmERxMtFy8aUFFD82HG419PciCDH3d5fm,9038447.368584,72978,sources/ronda2.send.ready.csv,PUMP holder pump_ui=9038447.368584; system_wallet
pump_person,chainlords_pump_holder,878,ADb3sqzoR4CCXe3eDfCi9mL4sb2ijDV4SCzLBz2TeGNg,9025633.327649,86490,sources/ronda2.send.ready.csv,PUMP holder pump_ui=9025633.327649; system_wallet
pump_person,chainlords_pump_holder,879,9fpHG9gc6s8mHUBc48GmhSAMgpvYc9eiimeiFFBGhHeM,9003272.7745,77994,sources/ronda2.send.ready.csv,PUMP holder pump_ui=9003272.7745; system_wallet
pump_person,chainlords_pump_holder,880,2R6EKe2Gmy92ow5iBgMZVn3PxroJbH11YNrC4szXG4xU,8999150.926586,85942,sources/ronda2.send.ready.csv,PUMP holder pump_ui=8999150.926586; system_wallet
pump_person,chainlords_pump_holder,881,ENUrrqMyRk4Nbgdtqe2ouoPTnjtqnFLLerwLmUZ8mBrV,8992479.487181,72091,sources/ronda2.send.ready.csv,PUMP holder pump_ui=8992479.487181; system_wallet
pump_person,chainlords_pump_holder,882,AwFngv1APK8buWGegcoh9fCRSpZX8uvkwc9rF5x1pBAm,8975186.441145,82183,sources/ronda2.send.ready.csv,PUMP holder pump_ui=8975186.441145; system_wallet
pump_person,chainlords_pump_holder,883,GEhXG4ZfkSbCiySz9Mg18Jer8jP67Ca8qsWStTpXdJj1,8967270.723043,84518,sources/ronda2.send.ready.csv,PUMP holder pump_ui=8967270.723043; system_wallet
pump_person,chainlords_pump_holder,884,6HYudVTXC3iJUpxmHZy67F8jcMarj571q2pQj4FDwHC,8964812.184232,80696,sources/ronda2.send.ready.csv,PUMP holder pump_ui=8964812.184232; system_wallet
pump_person,chainlords_pump_holder,885,8y63zUiBSzT2Af3bKzuz6WLUXcHgv5USsZnwRFzRunzX,8954011.101199,74882,sources/ronda2.send.ready.csv,PUMP holder pump_ui=8954011.101199; system_wallet
pump_person,chainlords_pump_holder,886,4SAHa4gQ9AZs66uWWNaJtJqZetpotHcaKnrryP2vc8kp,8953308.30016,85199,sources/ronda2.send.ready.csv,PUMP holder pump_ui=8953308.30016; system_wallet
pump_person,chainlords_pump_holder,887,xQezpTK6rov7xnRF1wmoRgzBzfWuKBASwLCPXaCpa45,8950851.036251,77780,sources/ronda2.send.ready.csv,PUMP holder pump_ui=8950851.036251; system_wallet
pump_person,chainlords_pump_holder,888,F88y8sGrHspQtFrCVdmQCKeDJ1VLueJJrfU5kJKT4NqQ,8941575.328057,77871,sources/ronda2.send.ready.csv,PUMP holder pump_ui=8941575.328057; system_wallet
pump_person,chainlords_pump_holder,889,CbqyiASsGW2FirbWYRB18cXcJzer8mH76doceSv3KyW5,8924779.881312,85535,sources/ronda2.send.ready.csv,PUMP holder pump_ui=8924779.881312; system_wallet
pump_person,chainlords_pump_holder,890,AArRh9VJMYnc4Ve54Eu96yCi8PZNYw2KkQEHSFLzqdU3,8890999.287846,84738,sources/ronda2.send.ready.csv,PUMP holder pump_ui=8890999.287846; system_wallet
pump_person,chainlords_pump_holder,891,BfCZBJJsqi54HjEdLXuQG1tRzHc6nbe2UKhCSDXCfGet,8876221.76955,79119,sources/ronda2.send.ready.csv,PUMP holder pump_ui=8876221.76955; system_wallet
pump_person,chainlords_pump_holder,892,5SU8uEHULxyGqsWnzquBgaMajhU5tsa2GppN4U4WjHTn,8872036.309621,77896,sources/ronda2.send.ready.csv,PUMP holder pump_ui=8872036.309621; system_wallet
pump_person,chainlords_pump_holder,893,6jAzM5QTGn5xFDjWhJDnrmJBryCa6UDrYKskKyGJkF4s,8871008.079032,85594,sources/ronda2.send.ready.csv,PUMP holder pump_ui=8871008.079032; system_wallet
pump_person,chainlords_pump_holder,894,ChSwLhCGwPevuvbZ1VCmmKcM37BMEseSwWkEtJMEYSkk,8870482.378089,82093,sources/ronda2.send.ready.csv,PUMP holder pump_ui=8870482.378089; system_wallet
pump_person,chainlords_pump_holder,895,3tZHK3qPnrAKjujNrjB3ZqBbwUQQfkGubAfYateChJZB,8865777.523609,87557,sources/ronda2.send.ready.csv,PUMP holder pump_ui=8865777.523609; system_wallet
pump_person,chainlords_pump_holder,896,Breyn6gsbCLNbD8pgDagGAWs6WLrcRLeDD5hz4Qqo7co,8861099.16894,75602,sources/ronda2.send.ready.csv,PUMP holder pump_ui=8861099.16894; system_wallet
pump_person,chainlords_pump_holder,897,13yFzFtSHoSS1chwZhDQgAVz5J8CkkkN8n5XCLoGFP4d,8860756.499,84744,sources/ronda2.send.ready.csv,PUMP holder pump_ui=8860756.499; no_account_data
pump_person,chainlords_pump_holder,898,4r1dVboNecWGCh82BWgtw34QaZrs43gCcK2ws8oj9hun,8856769.966969,73149,sources/ronda2.send.ready.csv,PUMP holder pump_ui=8856769.966969; system_wallet
pump_person,chainlords_pump_holder,899,CPQUEFRYbehTTjUxD5ZqEK7feqKXBF8rhvMHrLuqUsan,8840275.98,79534,sources/ronda2.send.ready.csv,PUMP holder pump_ui=8840275.98; system_wallet
pump_person,chainlords_pump_holder,900,CNTdj4DqdLkGwzqZwst5rCELuyAnW7uY3VPabEvmKt6N,8831824.209331,74148,sources/ronda2.send.ready.csv,PUMP holder pump_ui=8831824.209331; system_wallet
pump_person,chainlords_pump_holder,901,6UcanEPgy9t6aJxpvaU62CmmXpnAp5ny5e8XeoFr1q9b,8828780.78845,75033,sources/ronda2.send.ready.csv,PUMP holder pump_ui=8828780.78845; system_wallet
pump_person,chainlords_pump_holder,902,Ckqhq21RRM1UYeBnXZKgZiyQbogsoUTFEi4ikBJ92jDy,8800000.0,77129,sources/ronda2.send.ready.csv,PUMP holder pump_ui=8800000; system_wallet
pump_person,chainlords_pump_holder,903,FWYL8BnhudvJtvyTmehbVcLVZLxw435qRV9HVKc7jF8B,8790352.823892,80962,sources/ronda2.send.ready.csv,PUMP holder pump_ui=8790352.823892; system_wallet
pump_person,chainlords_pump_holder,904,E9SeHqVhQVD2UthKNSxptbL3vY3Vzrkx26SKt6kNQH3h,8788893.249826,85211,sources/ronda2.send.ready.csv,PUMP holder pump_ui=8788893.249826; system_wallet
pump_person,chainlords_pump_holder,905,9teBK8dFriVxEnCtjqEWMVbTmcMPt5DW17Rm2LTTg1Zs,8778000.0,83547,sources/ronda2.send.ready.csv,PUMP holder pump_ui=8778000; no_account_data
pump_person,chainlords_pump_holder,906,2p6hkXkAhjYPda4nVt83aStqnRdtPqrBfB512zuktzTH,8766946.723692,82554,sources/ronda2.send.ready.csv,PUMP holder pump_ui=8766946.723692; system_wallet
pump_person,chainlords_pump_holder,907,DHoeVfAp8VXjD7nth8SVpcPM2d1aFiHnA1SsJhD8AD9n,8711848.0,75998,sources/ronda2.send.ready.csv,PUMP holder pump_ui=8711848; no_account_data
pump_person,chainlords_pump_holder,908,G8v36jApKARSUFqpkL1hh2ZmZkaah8aGYLto7BLxyqtb,8703546.551458,86497,sources/ronda2.send.ready.csv,PUMP holder pump_ui=8703546.551458; system_wallet
pump_person,chainlords_pump_holder,909,GDYwgH4h64o6oXJENUc52qpcbWQivbGPwJtmDG78Lwr3,8701516.950789,75591,sources/ronda2.send.ready.csv,PUMP holder pump_ui=8701516.950789; system_wallet
pump_person,chainlords_pump_holder,910,2XDwf3vhjpjamu4vaPsYSWSmuhcFi5P59zoHmyzw8Tep,8691391.094781,81677,sources/ronda2.send.ready.csv,PUMP holder pump_ui=8691391.094781; system_wallet
pump_person,chainlords_pump_holder,911,7C8z8d383GqPRUSmn5615NqCWzX8rrP8zygkJf6MBq9G,8619582.493633,77464,sources/ronda2.send.ready.csv,PUMP holder pump_ui=8619582.493633; system_wallet
pump_person,chainlords_pump_holder,912,DPF23jabmNTVbv9JDZdhyHSA6SCB3m7Jyt3BXyD3E8rW,8612162.768531,81649,sources/ronda2.send.ready.csv,PUMP holder pump_ui=8612162.768531; system_wallet
pump_person,chainlords_pump_holder,913,EWZXAUvdAHUy7bMedowwUYVnL66tB2d4ZMNnbkVraqCF,8590426.322186,84616,sources/ronda2.send.ready.csv,PUMP holder pump_ui=8590426.322186; system_wallet
pump_person,chainlords_pump_holder,914,D8aw9iSgk9cpgs4ragC5obUZhsY97JeXpri83qMwQ8iP,8548951.393725,75865,sources/ronda2.send.ready.csv,PUMP holder pump_ui=8548951.393725; no_account_data
pump_person,chainlords_pump_holder,915,GDUVwpkTCmqte3xVLBXJMVu8zgfiwNqhj7wQKLAUQWbv,8538795.905269,75620,sources/ronda2.send.ready.csv,PUMP holder pump_ui=8538795.905269; system_wallet
pump_person,chainlords_pump_holder,916,jAru2HUrxpRsd654byKc9tqF3Ycq5TPbnoDYzhTQ5SD,8528437.0,83121,sources/ronda2.send.ready.csv,PUMP holder pump_ui=8528437; system_wallet
pump_person,chainlords_pump_holder,917,E4MNRP6zqgKQuoFmJEudtxwJN9f9y7gyQqi18TxmSSNK,8509505.933422,80568,sources/ronda2.send.ready.csv,PUMP holder pump_ui=8509505.933422; system_wallet
pump_person,chainlords_pump_holder,918,8yYieKYrrxysGfD83snnWP5ebKpwjRPHyTKrDcRRCBna,8503990.541687,82955,sources/ronda2.send.ready.csv,PUMP holder pump_ui=8503990.541687; system_wallet
pump_person,chainlords_pump_holder,919,HUkjkbpkThjNirSLMozmgjsC39hfxdabBRxvWzrZmQFi,8498084.733066,74520,sources/ronda2.send.ready.csv,PUMP holder pump_ui=8498084.733066; system_wallet
pump_person,chainlords_pump_holder,920,GEyBWhdqLRc5zMfYikfvzKmBeVF3Lj392WY9Vptn9qSj,8494928.417336,87873,sources/ronda2.send.ready.csv,PUMP holder pump_ui=8494928.417336; system_wallet
pump_person,chainlords_pump_holder,921,GVLxReic9tujm38mvvcfxAfBb9ELKd1a1H6NhfqvTyX8,8467353.263329,74704,sources/ronda2.send.ready.csv,PUMP holder pump_ui=8467353.263329; system_wallet
pump_person,chainlords_pump_holder,922,7zXdqhi4B6coG5mcGfpxdMXkobvYMG9QD9LUzPB38F9c,8463519.62997,74588,sources/ronda2.send.ready.csv,PUMP holder pump_ui=8463519.62997; system_wallet
pump_person,chainlords_pump_holder,923,iaTMcAGABrnBpDg3ebttaJmVCtGGRdB1Pix9SsihPGF,8459210.605367,72973,sources/ronda2.send.ready.csv,PUMP holder pump_ui=8459210.605367; system_wallet
pump_person,chainlords_pump_holder,924,2KW72W1CWLqtYc1Y6bgeBYi8pEebDru6hVWeyB66W3et,8442235.442937,81820,sources/ronda2.send.ready.csv,PUMP holder pump_ui=8442235.442937; system_wallet
pump_person,chainlords_pump_holder,925,3b488E5TGShztgdafefbrPD7pys2SMd3U8mRBJqP6ecc,8420967.547086,79661,sources/ronda2.send.ready.csv,PUMP holder pump_ui=8420967.547086; system_wallet
pump_person,chainlords_pump_holder,926,9vFK5Qdj1Zk9y4EXVQDtrm8iRxjrdeiHfHfKGyopb9Ai,8407619.169255,86507,sources/ronda2.send.ready.csv,PUMP holder pump_ui=8407619.169255; system_wallet
pump_person,chainlords_pump_holder,927,DFCsk3eC8c4VLMSqzzBNBwPsb3jHh562GnnMwY3jRsck,8381527.898402,74843,sources/ronda2.send.ready.csv,PUMP holder pump_ui=8381527.898402; system_wallet
pump_person,chainlords_pump_holder,928,5ToskQgJkyTSf2rZVK5ZLjfqbfDba3bgc373o5jmee7L,8342615.225295,82094,sources/ronda2.send.ready.csv,PUMP holder pump_ui=8342615.225295; system_wallet
pump_person,chainlords_pump_holder,929,9rexUBEaVi4F8kmgAj7wAb4bSfqRX86pzFYTJhdM725m,8341945.079088,78725,sources/ronda2.send.ready.csv,PUMP holder pump_ui=8341945.079088; system_wallet
pump_person,chainlords_pump_holder,930,77DXFZnMebramt4dXfdwem1AjnfNnVnG8FkcVWpSwdjB,8317375.0,79095,sources/ronda2.send.ready.csv,PUMP holder pump_ui=8317375; system_wallet
pump_person,chainlords_pump_holder,931,BTbBdXeDq2rEHQmNFjNQXBcaWgfM6CNEa3ptFr2WNhMo,8301401.842393,78264,sources/ronda2.send.ready.csv,PUMP holder pump_ui=8301401.842393; system_wallet
pump_person,chainlords_pump_holder,932,3aajgaC6ZggZV7CVGPdv8JEEC6iq8dFwbkuBSUYZEjbs,8267592.134944,82654,sources/ronda2.send.ready.csv,PUMP holder pump_ui=8267592.134944; system_wallet
pump_person,chainlords_pump_holder,933,GCymMCdrcxffEnUdUwzaxjAYXHduvrnoPg4o4XBzkqur,8236298.65936,74067,sources/ronda2.send.ready.csv,PUMP holder pump_ui=8236298.65936; system_wallet
pump_person,chainlords_pump_holder,934,Hk4FVVrrkebugc2z59NqtXZxQoCz8bnS9s13GaPRBg8R,8212085.221316,77550,sources/ronda2.send.ready.csv,PUMP holder pump_ui=8212085.221316; system_wallet
pump_person,chainlords_pump_holder,935,7yt1AaMYPpTjTURN7PPkj1qYtdoKFhqKwAHkwjxm8P64,8200184.218556,85410,sources/ronda2.send.ready.csv,PUMP holder pump_ui=8200184.218556; system_wallet
pump_person,chainlords_pump_holder,936,3j74UB3dH9U5uocu5twgixCpYSXf3LzXFw5yB34XjWSa,8199277.033911,73905,sources/ronda2.send.ready.csv,PUMP holder pump_ui=8199277.033911; system_wallet
pump_person,chainlords_pump_holder,937,7KiGSvM4rV8hLJxrQ8mi2Xp4yzRy7PnCWyHkepGCQJiJ,8190143.502881,79626,sources/ronda2.send.ready.csv,PUMP holder pump_ui=8190143.502881; system_wallet
pump_person,chainlords_pump_holder,938,4p75dC1waNaWsRostE6sxFPVNDXgSANY2sBKxQHXcg4j,8186365.716561,84521,sources/ronda2.send.ready.csv,PUMP holder pump_ui=8186365.716561; system_wallet
pump_person,chainlords_pump_holder,939,A6PznyAbJtSqXPEYBwNFwtEpop1RHsB7rhzkcVcXpMTz,8185085.369136,80623,sources/ronda2.send.ready.csv,PUMP holder pump_ui=8185085.369136; system_wallet
pump_person,chainlords_pump_holder,940,AjHrVtRn6jaGiSZT6zDbxYMFoqXT9Fp3g1PXQBXHgbKG,8182344.412782,79100,sources/ronda2.send.ready.csv,PUMP holder pump_ui=8182344.412782; system_wallet
pump_person,chainlords_pump_holder,941,6j18zcM4NbF2AxocEtw5mCjfxUMyD2PZEKyeerhqhNVh,8180998.927518,81690,sources/ronda2.send.ready.csv,PUMP holder pump_ui=8180998.927518; system_wallet
pump_person,chainlords_pump_holder,942,BcSSxeEJwV4CT3jSmpgj283tbpvk2gQWoFLYe9WxBko7,8176148.97417,80150,sources/ronda2.send.ready.csv,PUMP holder pump_ui=8176148.97417; system_wallet
pump_person,chainlords_pump_holder,943,8rxJzwfy6HamfgBb6p7fzVMy4Tx6NuDrCKgGsQt6j9JJ,8173064.128079,86728,sources/ronda2.send.ready.csv,PUMP holder pump_ui=8173064.128079; system_wallet
pump_person,chainlords_pump_holder,944,GFRWyub8ZvLfjzS49Uh6jCa6amH39Kx8WFobttx1EAHg,8169002.738191,80760,sources/ronda2.send.ready.csv,PUMP holder pump_ui=8169002.738191; system_wallet
pump_person,chainlords_pump_holder,945,57djWHtmPVfbAqvjtq7Ciyi7aLamQFi6juTr6BY8UG8C,8138388.617125,77287,sources/ronda2.send.ready.csv,PUMP holder pump_ui=8138388.617125; system_wallet
pump_person,chainlords_pump_holder,946,F6MmiLD7azY87uijwqNWN8DeG53eDuAXHZLupudExbCP,8131390.651124,80820,sources/ronda2.send.ready.csv,PUMP holder pump_ui=8131390.651124; system_wallet
pump_person,chainlords_pump_holder,947,61H2ytprKxxw7VNyYL7A2WtXJWtmiJ6ToWFvkDKbmCTP,8113678.490465,86407,sources/ronda2.send.ready.csv,PUMP holder pump_ui=8113678.490465; system_wallet
pump_person,chainlords_pump_holder,948,AJGPQsMQt3hmV5xdM6ouz4vBRoyiqQpRrmoVzGRsBbn7,8113300.384836,72672,sources/ronda2.send.ready.csv,PUMP holder pump_ui=8113300.384836; system_wallet
pump_person,chainlords_pump_holder,949,4BKBwYZb5hnUKkvqPfefP7PWotHNUdWA9s22w7nV6xWw,8085653.305276,72209,sources/ronda2.send.ready.csv,PUMP holder pump_ui=8085653.305276; system_wallet
pump_person,chainlords_pump_holder,950,EzkrS25bbzcAVAhRfL6dZyH2NTe1NzazdiBH5vqxJdtm,8081509.151637,83602,sources/ronda2.send.ready.csv,PUMP holder pump_ui=8081509.151637; system_wallet
pump_person,chainlords_pump_holder,951,85rHUi19QeYUCm73FsLvTu2LydtnVy5FNB4Qat95GRa7,8066442.354983,78041,sources/ronda2.send.ready.csv,PUMP holder pump_ui=8066442.354983; system_wallet
pump_person,chainlords_pump_holder,952,9jJBCyrEpofVmmVMMMdTAJoLyip2NiPYybRiiAV2EcbF,8040555.26539,77069,sources/ronda2.send.ready.csv,PUMP holder pump_ui=8040555.26539; system_wallet
pump_person,chainlords_pump_holder,953,8hH2SVbSDTrvqExVNLxQCp32VasEkqYAoaprWCioGZA1,8001810.834382,81059,sources/ronda2.send.ready.csv,PUMP holder pump_ui=8001810.834382; system_wallet
pump_person,chainlords_pump_holder,954,6KcVSTAouKJb2Zswn5bGgyL271xassowv5A3k1ox9UKB,8000726.75103,85104,sources/ronda2.send.ready.csv,PUMP holder pump_ui=8000726.75103; system_wallet
pump_person,chainlords_pump_holder,955,93cY4LWasfNcTBEN7Nr3ESf6xKABCxaNNM8U5TETkFHd,8000104.761709,76701,sources/ronda2.send.ready.csv,PUMP holder pump_ui=8000104.761709; system_wallet
pump_person,chainlords_pump_holder,956,GWbxs37WT2RfNhpdbj5CyJFJU6Jx3iQcg8Qkw48jT2e3,8000000.51173,73268,sources/ronda2.send.ready.csv,PUMP holder pump_ui=8000000.51173; system_wallet
pump_person,chainlords_pump_holder,957,BUeUL3CBuc9tDSUXpv83taAW1f5kSJC9rHf8o6V4Metd,8000000.0,81833,sources/ronda2.send.ready.csv,PUMP holder pump_ui=8000000; system_wallet
pump_person,chainlords_pump_holder,958,9CHkXzKA8s86yY9zdcZe6jotTxGKWd1hQJw3pBW9vKPY,7999952.84305,80808,sources/ronda2.send.ready.csv,PUMP holder pump_ui=7999952.84305; system_wallet
pump_person,chainlords_pump_holder,959,GBFJRhknZQKNB4PscTWWCKh7PBQCTtJ82KnUp41g1r9g,7999153.541624,74338,sources/ronda2.send.ready.csv,PUMP holder pump_ui=7999153.541624; system_wallet
pump_person,chainlords_pump_holder,960,CtDz2aoYyBygXizkSXEUDPkXQDfc4XgtzgbsBVzXep5C,7825031.995,79851,sources/ronda2.send.ready.csv,PUMP holder pump_ui=7825031.995; system_wallet
pump_person,chainlords_pump_holder,961,BnHRcHqCei1PkMwNcc7qHe5XV6h9EkV1dTRSqxw6mqMz,7813850.345006,72525,sources/ronda2.send.ready.csv,PUMP holder pump_ui=7813850.345006; system_wallet
pump_person,chainlords_pump_holder,962,3n2L9fGSHGdyZrirXrPNyGSyMdnuSiZg7MRw8FiSAHKn,7746015.286969,80823,sources/ronda2.send.ready.csv,PUMP holder pump_ui=7746015.286969; system_wallet
