source_platform,source_tag,rank,wallet,pnl_usd,source_url,note
pumpfun,pumpfun_pnl_leaderboard,1,3jWTgYPG5s7WfaRvppPBXio4hHQxg18fLUkV2z5covSQ,1785946.9039469212,https://frontend-api-v3.pump.fun/pnl-leaderboard?period=monthly,pump.fun public PnL leaderboard 30d (on-site rank 4 is by net pnlUsd=1789700.3100670828; stored value is realizedPnlUsd). username=Weeshark
pumpfun,pumpfun_pnl_leaderboard,2,21rgbFW6sujQovCw3qt6R2EdE97Yzzvk8sSc37Bb72Cm,1283587.4580841095,https://frontend-api-v3.pump.fun/pnl-leaderboard?period=monthly,pump.fun public PnL leaderboard 30d (on-site rank 7 is by net pnlUsd=1120448.6537521628; stored value is realizedPnlUsd). username=hexiecs
pumpfun,pumpfun_pnl_leaderboard,3,8deJ9xeUvXSJwicYptA9mHsU2rN2pDx37KWzkDkEXhU6,1132819.1427924484,https://frontend-api-v3.pump.fun/pnl-leaderboard?period=monthly,pump.fun public PnL leaderboard 30d (on-site rank 58 is by net pnlUsd=179976.73304394973; stored value is realizedPnlUsd). username=cooker
pumpfun,pumpfun_pnl_leaderboard,4,BQ4KBzzXXk6ZMxVQb4mePuUbJfe85MerzYj53eatzUWd,1112610.7505770207,https://frontend-api-v3.pump.fun/pnl-leaderboard?period=monthly,pump.fun public PnL leaderboard 30d (on-site rank 19 is by net pnlUsd=512298.24906199006; stored value is realizedPnlUsd). username=brc20niubi
pumpfun,pumpfun_pnl_leaderboard,5,Bmi9zf27MNN5pjCtyv2Y15TDQoYgcbcmPTxvEoQ6UwWs,702321.0583803878,https://frontend-api-v3.pump.fun/pnl-leaderboard?period=monthly,pump.fun public PnL leaderboard 30d (on-site rank 3 is by net pnlUsd=2353783.519842278; stored value is realizedPnlUsd). username=Crypto_Keys
pumpfun,pumpfun_pnl_leaderboard,6,2jgmHtkCkJXm3Xq4dp9DgippkQjXLK3rhaREAz7oG7s7,667019.8527024244,https://frontend-api-v3.pump.fun/pnl-leaderboard?period=monthly,pump.fun public PnL leaderboard 30d (on-site rank 12 is by net pnlUsd=671123.1813539764; stored value is realizedPnlUsd). username=six666888eight
pumpfun,pumpfun_pnl_leaderboard,7,J23qr98GjGJJqKq9CBEnyRhHbmkaVxtTJNNxKu597wsA,660297.0922748062,https://frontend-api-v3.pump.fun/pnl-leaderboard?period=monthly,pump.fun public PnL leaderboard 30d (on-site rank 5 is by net pnlUsd=1782744.2723071575; stored value is realizedPnlUsd). username=gr3gor14n
pumpfun,pumpfun_pnl_leaderboard,8,EeiWEJNqoGosFA7oWPEZJbm9ntf6umdTV7cWHxYDeDHb,546432.0413982257,https://frontend-api-v3.pump.fun/pnl-leaderboard?period=monthly,pump.fun public PnL leaderboard 30d (on-site rank 15 is by net pnlUsd=547747.1368233655; stored value is realizedPnlUsd). username=remp
pumpfun,pumpfun_pnl_leaderboard,9,HXpJhVrbdGvnaPh2zpex7boUGX1qiRTL5ZNhmV76pBpC,493050.6606670201,https://frontend-api-v3.pump.fun/pnl-leaderboard?period=monthly,pump.fun public PnL leaderboard 30d (on-site rank 21 is by net pnlUsd=490703.1845609218; stored value is realizedPnlUsd). username=LaserDandyWing
pumpfun,pumpfun_pnl_leaderboard,10,q1x4ZBM4suUaMB8BjsHpVH5dwyUtEnRY8QB8kzvCQ9z,457176.27064823784,https://frontend-api-v3.pump.fun/pnl-leaderboard?period=monthly,pump.fun public PnL leaderboard 30d (on-site rank 29 is by net pnlUsd=391647.63785735687; stored value is realizedPnlUsd). username=deroller
pumpfun,pumpfun_pnl_leaderboard,11,CP8EA1BnR2bnHa7BJps9c53zZwxaubrBtQCbREaZVibe,442250.3424333485,https://frontend-api-v3.pump.fun/pnl-leaderboard?period=monthly,pump.fun public PnL leaderboard 30d (on-site rank 23 is by net pnlUsd=440843.3403781867; stored value is realizedPnlUsd). username=lvvpumpy
pumpfun,pumpfun_pnl_leaderboard,12,GijFWw4oNyh9ko3FaZforNsi3jk6wDovARpkKahPD4o5,420596.74220301467,https://frontend-api-v3.pump.fun/pnl-leaderboard?period=monthly,pump.fun public PnL leaderboard 30d (on-site rank 32 is by net pnlUsd=358990.9256375834; stored value is realizedPnlUsd). username=lunarfang
pumpfun,pumpfun_pnl_leaderboard,13,4vw54BmAogeRV3vPKWyFet5yf8DTLcREzdSzx4rw9Ud9,420286.69739841705,https://frontend-api-v3.pump.fun/pnl-leaderboard?period=monthly,pump.fun public PnL leaderboard 30d (on-site rank 25 is by net pnlUsd=420016.8802502416; stored value is realizedPnlUsd). username=notdecu
pumpfun,pumpfun_pnl_leaderboard,14,4YMaKs8Xx1U1NyP1PTQe5J3kxZvE3bSCoVUEPgrkNXpb,420003.3202767308,https://frontend-api-v3.pump.fun/pnl-leaderboard?period=monthly,pump.fun public PnL leaderboard 30d (on-site rank 26 is by net pnlUsd=403679.9116126343; stored value is realizedPnlUsd). username=munji
pumpfun,pumpfun_pnl_leaderboard,15,ardinRsN1mNYVeoJWTBsWeYeXvuR9UUDGMsCDKpb6AT,393150.52697989374,https://frontend-api-v3.pump.fun/pnl-leaderboard?period=monthly,pump.fun public PnL leaderboard 30d (on-site rank 27 is by net pnlUsd=395493.03572432365; stored value is realizedPnlUsd). username=trunoest
pumpfun,pumpfun_pnl_leaderboard,16,29yFzeBZgxf5zqrAkKXwgZtQehRf4pL8WbV2nRJikbw8,392939.84895731846,https://frontend-api-v3.pump.fun/pnl-leaderboard?period=monthly,pump.fun public PnL leaderboard 30d (on-site rank 28 is by net pnlUsd=393579.645558489; stored value is realizedPnlUsd). username=throatycrab1008
pumpfun,gmgn_launchpad_smart,17,7VHRg4Wi55NtnK68VRjWwhy4x1XYF846DHWnPBXwRmnv,386094.5869202918,https://github.com/nirholas/kol-quest/blob/main/site/data/solwallets.json,GMGN Solana launchpad_smart snapshot captured 2026-03-09 (kol-quest interceptor); realized_profit_30d USD; txs_30d=2014
pumpfun,pumpfun_pnl_leaderboard,18,HizZ5US8st5MHKXjeboHwGmbDa85KeM8GG1a7XJNMUrc,362654.19506417116,https://frontend-api-v3.pump.fun/pnl-leaderboard?period=monthly,pump.fun public PnL leaderboard 30d (on-site rank 50 is by net pnlUsd=243230.20356388306; stored value is realizedPnlUsd). username=GemAnon
pumpfun,pumpfun_pnl_leaderboard,19,CyaE1VxvBrahnPWkqm5VsdCvyS2QmNht2UFrKJHga54o,325061.02015478734,https://frontend-api-v3.pump.fun/pnl-leaderboard?period=monthly,pump.fun public PnL leaderboard 30d (on-site rank 38 is by net pnlUsd=328886.1796846289; stored value is realizedPnlUsd). username=cented69420
pumpfun,pumpfun_pnl_leaderboard,20,9H7nQxF1vmrr9fjcE55Y9RoTb1uhKtE7934y8Ww8oijr,317465.0882029849,https://frontend-api-v3.pump.fun/pnl-leaderboard?period=monthly,pump.fun public PnL leaderboard 30d (on-site rank 37 is by net pnlUsd=332741.50191298546; stored value is realizedPnlUsd). username=yuge69
pumpfun,gmgn_launchpad_smart,21,8oEdL8WBRpE3C63FeqZ7hwSH8fjh715ZvkgmMLhDneGm,309082.5654902086,https://github.com/nirholas/kol-quest/blob/main/site/data/solwallets.json,GMGN Solana launchpad_smart snapshot captured 2026-03-09 (kol-quest interceptor); realized_profit_30d USD; txs_30d=2104
pumpfun,pumpfun_pnl_leaderboard,22,AusMtCwzrPnPoJUSHYUH9iogVwpWh2ESHC6xWU75tBDo,288852.3186969536,https://frontend-api-v3.pump.fun/pnl-leaderboard?period=monthly,pump.fun public PnL leaderboard 30d (on-site rank 36 is by net pnlUsd=334526.5021824387; stored value is realizedPnlUsd). username=Uniswapvillain
pumpfun,pumpfun_pnl_leaderboard,23,FtDwzAxJuMmLa3MDVxcGjKRwHmpNnMyCzmEwGQYX5q9J,283564.2318599227,https://frontend-api-v3.pump.fun/pnl-leaderboard?period=monthly,pump.fun public PnL leaderboard 30d (on-site rank 39 is by net pnlUsd=299628.6260980083; stored value is realizedPnlUsd). username=360ng
pumpfun,pumpfun_pnl_leaderboard,24,5CYEcx88NhdRaFw3pc5YNBXoiKa3EseD8BM7Bvs8NkaU,279684.27899004414,https://frontend-api-v3.pump.fun/pnl-leaderboard?period=monthly,pump.fun public PnL leaderboard 30d (on-site rank 40 is by net pnlUsd=284705.8855646547; stored value is realizedPnlUsd). username=Loshmi
pumpfun,pumpfun_pnl_leaderboard,25,24L6uekgvsQRgT41DZRhahEAAVnkseTT7x4qyigC3HvH,277539.6664742298,https://frontend-api-v3.pump.fun/pnl-leaderboard?period=monthly,pump.fun public PnL leaderboard 30d (on-site rank 9 is by net pnlUsd=1000904.4144428198; stored value is realizedPnlUsd). username=Nexybtw
pumpfun,gmgn_launchpad_smart,26,HJanh4pRroez2icDzkNdnF889wMUYDMvKPaR8FmFsnSk,274121.15325069876,https://github.com/nirholas/kol-quest/blob/main/site/data/solwallets.json,GMGN Solana launchpad_smart snapshot captured 2026-03-09 (kol-quest interceptor); realized_profit_30d USD; txs_30d=1749
pumpfun,gmgn_launchpad_smart,27,BBogREAjjhZ4URMRDXw4kcUVahXzfJiHTxL6LUsPhe4F,270400.5047830142,https://github.com/nirholas/kol-quest/blob/main/site/data/solwallets.json,GMGN Solana launchpad_smart snapshot captured 2026-03-09 (kol-quest interceptor); realized_profit_30d USD; txs_30d=1827
pumpfun,gmgn_launchpad_smart,28,5jtT1P4WQVL7xRRJGtijHxkApa3fk6N5un2BJoBYj5R,265832.7600626732,https://github.com/nirholas/kol-quest/blob/main/site/data/solwallets.json,GMGN Solana launchpad_smart snapshot captured 2026-03-09 (kol-quest interceptor); realized_profit_30d USD; txs_30d=2202
pumpfun,pumpfun_pnl_leaderboard,29,215nhcAHjQQGgwpQSJQ7zR26etbjjtVdW74NLzwEgQjP,264641.0555722929,https://frontend-api-v3.pump.fun/pnl-leaderboard?period=monthly,pump.fun public PnL leaderboard 30d (on-site rank 43 is by net pnlUsd=271302.4776202614; stored value is realizedPnlUsd). username=ogantd
pumpfun,gmgn_launchpad_smart,30,JBV41vYBL2b8HuBmNcCnpRoBfrLDJrUFViQFPJ2vZrWd,261567.6206707262,https://github.com/nirholas/kol-quest/blob/main/site/data/solwallets.json,GMGN Solana launchpad_smart snapshot captured 2026-03-09 (kol-quest interceptor); realized_profit_30d USD; txs_30d=1769
pumpfun,gmgn_launchpad_smart,31,8ZN71XTdVo8yRovnGLmNgW3Tgniw6A4J3JGLvPD686FP,259198.07830813012,https://github.com/nirholas/kol-quest/blob/main/site/data/solwallets.json,GMGN Solana launchpad_smart snapshot captured 2026-03-09 (kol-quest interceptor); realized_profit_30d USD; txs_30d=4398
pumpfun,pumpfun_pnl_leaderboard,32,33Mduffr6xQBvERJaJBRSAG6pAcQtGq1qDdKt6MF4vBn,257171.93269265714,https://frontend-api-v3.pump.fun/pnl-leaderboard?period=monthly,pump.fun public PnL leaderboard 30d (on-site rank 22 is by net pnlUsd=482879.9392796338; stored value is realizedPnlUsd). username=Contra
pumpfun,pumpfun_pnl_leaderboard,33,E7pskdV9xCCMXtsu747tjjFEMq9Fwwnvwo6fApQWBwxP,255438.18103215814,https://frontend-api-v3.pump.fun/pnl-leaderboard?period=monthly,pump.fun public PnL leaderboard 30d (on-site rank 49 is by net pnlUsd=251035.51228167862; stored value is realizedPnlUsd). username=Thepennyflippe
pumpfun,gmgn_launchpad_smart,34,5ATd36Tdq6zrtHBokC5moRs9Y5EFSNaZQ12fzRmTeNWd,252705.39099071026,https://github.com/nirholas/kol-quest/blob/main/site/data/solwallets.json,GMGN Solana launchpad_smart snapshot captured 2026-03-09 (kol-quest interceptor); realized_profit_30d USD; txs_30d=2109
pumpfun,gmgn_launchpad_smart,35,AKeyAhJzwy2bfLqTDR4dJ5CR2XjFpawUpZvvFRdCX4wB,249032.37786482,https://github.com/nirholas/kol-quest/blob/main/site/data/solwallets.json,GMGN Solana launchpad_smart snapshot captured 2026-03-09 (kol-quest interceptor); realized_profit_30d USD; txs_30d=1978
pumpfun,pumpfun_pnl_leaderboard,36,B5TrL7PsRUwCTL5bVcueieht5QchTw4TWLQDKqEaxEzi,248218.22605635825,https://frontend-api-v3.pump.fun/pnl-leaderboard?period=monthly,pump.fun public PnL leaderboard 30d (on-site rank 60 is by net pnlUsd=177046.58574416648; stored value is realizedPnlUsd). username=sapphy
pumpfun,gmgn_launchpad_smart,37,9gxgKRGJGEtYeHKRSp3yjFRNvn8SdfTifMSPQ257SVLn,244233.71914275526,https://github.com/nirholas/kol-quest/blob/main/site/data/solwallets.json,GMGN Solana launchpad_smart snapshot captured 2026-03-09 (kol-quest interceptor); realized_profit_30d USD; txs_30d=2067
pumpfun,pumpfun_pnl_leaderboard,38,GRWXXWeQhKQYHR3BCpkCHtDAXmTej5Cwb2tYPM6uV5WP,237957.1017838805,https://frontend-api-v3.pump.fun/pnl-leaderboard?period=monthly,pump.fun public PnL leaderboard 30d (on-site rank 52 is by net pnlUsd=242351.89141339008; stored value is realizedPnlUsd). username=TheSurveillor
pumpfun,gmgn_launchpad_smart,39,22vL22PcYcoAVCwYN8iDW9VrFEYq93TCtr7a6avNVyjL,232654.72448019288,https://github.com/nirholas/kol-quest/blob/main/site/data/solwallets.json,GMGN Solana launchpad_smart snapshot captured 2026-03-09 (kol-quest interceptor); realized_profit_30d USD; txs_30d=2250
pumpfun,pumpfun_pnl_leaderboard,40,64w4qRu9VGio7U1Asc6B68QDpS8L1McmSn2yyExC6Fii,232130.88543770564,https://frontend-api-v3.pump.fun/pnl-leaderboard?period=monthly,pump.fun public PnL leaderboard 30d (on-site rank 48 is by net pnlUsd=254638.50155643444; stored value is realizedPnlUsd). username=lbexplorer
pumpfun,pumpfun_pnl_leaderboard,41,9E9xEwxxmfBy4edHySzy5kyaUjrafiWa9mKsYnA8Yaq1,232129.15968126198,https://frontend-api-v3.pump.fun/pnl-leaderboard?period=monthly,pump.fun public PnL leaderboard 30d (on-site rank 51 is by net pnlUsd=242685.00704524622; stored value is realizedPnlUsd). username=tradeslop
pumpfun,gmgn_launchpad_smart,42,GUgMNi2tJcjYpDSFs2VZQpjryeWRG4Xgmi1JPDEoe1TH,230569.90892457383,https://github.com/nirholas/kol-quest/blob/main/site/data/solwallets.json,GMGN Solana launchpad_smart snapshot captured 2026-03-09 (kol-quest interceptor); realized_profit_30d USD; txs_30d=2066
pumpfun,pumpfun_pnl_leaderboard,43,uDYvqwgSxNDMKGPaMJ7JqyadEg1EhxkuCx9hbLSanHA,229182.6222558862,https://frontend-api-v3.pump.fun/pnl-leaderboard?period=monthly,pump.fun public PnL leaderboard 30d (on-site rank 34 is by net pnlUsd=345931.51516398; stored value is realizedPnlUsd). username=passthedutcher
pumpfun,pumpfun_pnl_leaderboard,44,74YxQkkVCAPk4njqfwJSE6MFKcVECgZv3S4wuynnDGrD,201800.13716787312,https://frontend-api-v3.pump.fun/pnl-leaderboard?period=monthly,pump.fun public PnL leaderboard 30d (on-site rank 35 is by net pnlUsd=334708.456396032; stored value is realizedPnlUsd). username=Dawnnite
pumpfun,pumpfun_pnl_leaderboard,45,4DdrfiDHpmx55i4SPssxVzS9ZaKLb8qr45NKY9Er9nNh,199217.66781511158,https://frontend-api-v3.pump.fun/pnl-leaderboard?period=monthly,pump.fun public PnL leaderboard 30d (on-site rank 56 is by net pnlUsd=198395.00295487212; stored value is realizedPnlUsd). username=TheMisterTurtle
pumpfun,gmgn_launchpad_smart,46,9yxmCNwZcHe63NucU9yvCt7b1ja3jwP9v4T3yFMkQ1Z9,195857.29096707696,https://github.com/nirholas/kol-quest/blob/main/site/data/solwallets.json,GMGN Solana launchpad_smart snapshot captured 2026-03-09 (kol-quest interceptor); realized_profit_30d USD; txs_30d=2109
pumpfun,gmgn_launchpad_smart,47,2wHHnAmdhFaAAsayWAeqKe3snK3KkbRQkRgLwTtz7iCi,190338.0717355136,https://github.com/nirholas/kol-quest/blob/main/site/data/solwallets.json,GMGN Solana launchpad_smart snapshot captured 2026-03-09 (kol-quest interceptor); realized_profit_30d USD; txs_30d=2009
pumpfun,gmgn_launchpad_smart,48,8ghYW6ftL5kUemfsoA9X37rz3ZnvyMSZRAx1kt1CxpoS,188130.35273108535,https://github.com/nirholas/kol-quest/blob/main/site/data/solwallets.json,GMGN Solana launchpad_smart snapshot captured 2026-03-09 (kol-quest interceptor); realized_profit_30d USD; txs_30d=3735
pumpfun,pumpfun_pnl_leaderboard,49,BNahnx13rLru9zxuWNGBD7vVv1pGQXB11Q7qeTyupdWf,185356.60610071206,https://frontend-api-v3.pump.fun/pnl-leaderboard?period=monthly,pump.fun public PnL leaderboard 30d (on-site rank 69 is by net pnlUsd=161731.5031995738; stored value is realizedPnlUsd). username=rayan
pumpfun,gmgn_launchpad_smart,50,2AqFJzcgSMQ9v7Vwh4yE7Vux8brcrjus1eg4K1zM2zUd,183335.42153010302,https://github.com/nirholas/kol-quest/blob/main/site/data/solwallets.json,GMGN Solana launchpad_smart snapshot captured 2026-03-09 (kol-quest interceptor); realized_profit_30d USD; txs_30d=2065
pumpfun,pumpfun_pnl_leaderboard,51,5FnE3q4tcDkEjRGuHgcxoBLXoZjWXDE5xEpJyneHDc9g,182867.55439905648,https://frontend-api-v3.pump.fun/pnl-leaderboard?period=monthly,pump.fun public PnL leaderboard 30d (on-site rank 57 is by net pnlUsd=180727.6478961568; stored value is realizedPnlUsd). username=megz0101
pumpfun,pumpfun_pnl_leaderboard,52,CkZqyugfNYUpCEfRTeERprSTwLPc6rcrtUNcdDZEig53,178980.98477609863,https://frontend-api-v3.pump.fun/pnl-leaderboard?period=monthly,pump.fun public PnL leaderboard 30d (on-site rank 30 is by net pnlUsd=387733.8389816657; stored value is realizedPnlUsd). username=swansonbenson0
pumpfun,pumpfun_pnl_leaderboard,53,FFdBLYqL9rs5fUT38ArE8GV2L3BziEgG5LJUu6sshfkF,178556.3700162008,https://frontend-api-v3.pump.fun/pnl-leaderboard?period=monthly,pump.fun public PnL leaderboard 30d (on-site rank 59 is by net pnlUsd=179444.2642373422; stored value is realizedPnlUsd). username=alphaprophet
pumpfun,gmgn_launchpad_smart,54,FqmXjEGnLx38pd9ZxDJcEuNNZNngrvXYNPsFw8XvgTeb,177332.61841755433,https://github.com/nirholas/kol-quest/blob/main/site/data/solwallets.json,GMGN Solana launchpad_smart snapshot captured 2026-03-09 (kol-quest interceptor); realized_profit_30d USD; txs_30d=940
pumpfun,pumpfun_pnl_leaderboard,55,AMAoBmUM6LzYkRBa7GmKy6apZg5LGDakMDMPrAFsbGRo,170478.0280361542,https://frontend-api-v3.pump.fun/pnl-leaderboard?period=monthly,pump.fun public PnL leaderboard 30d (on-site rank 65 is by net pnlUsd=168141.12585156213; stored value is realizedPnlUsd). username=amapump
pumpfun,pumpfun_pnl_leaderboard,56,9djgawmgpGrzt7DQoJ6tA2YW4gQyt3yH19uVZ3e2T3JJ,164541.19785747607,https://frontend-api-v3.pump.fun/pnl-leaderboard?period=monthly,pump.fun public PnL leaderboard 30d (on-site rank 14 is by net pnlUsd=601575.3847794731; stored value is realizedPnlUsd). username=retardedgains
pumpfun,gmgn_launchpad_smart,57,9Tee3dgA4agNnvVATUhakWzngwYrGzQWrxyafGGKpYi7,162520.3454112351,https://github.com/nirholas/kol-quest/blob/main/site/data/solwallets.json,GMGN Solana launchpad_smart snapshot captured 2026-03-09 (kol-quest interceptor); realized_profit_30d USD; txs_30d=1315
pumpfun,pumpfun_pnl_leaderboard,58,GeUnv1jmtviRbR7Gu1JnXSGkUMUgFVBHuEVQVpTaUX1W,161333.13539960523,https://frontend-api-v3.pump.fun/pnl-leaderboard?period=monthly,pump.fun public PnL leaderboard 30d (on-site rank 70 is by net pnlUsd=161331.66837982842; stored value is realizedPnlUsd). username=Gladey
pumpfun,pumpfun_pnl_leaderboard,59,2QrfK8gf3vBcFfuaCJbFxGk3w1JxwjamGE9aGwdQHFas,159077.62916424376,https://frontend-api-v3.pump.fun/pnl-leaderboard?period=monthly,pump.fun public PnL leaderboard 30d (on-site rank 55 is by net pnlUsd=224980.44991349438; stored value is realizedPnlUsd). username=Thokani
pumpfun,pumpfun_pnl_leaderboard,60,2fg5QD1eD7rzNNCsvnhmXFm5hqNgwTTG8p7kQ6f3rx6f,158977.02919269368,https://frontend-api-v3.pump.fun/pnl-leaderboard?period=monthly,pump.fun public PnL leaderboard 30d (on-site rank 72 is by net pnlUsd=158916.31671283644; stored value is realizedPnlUsd). username=cupseyyyyy
pumpfun,pumpfun_pnl_leaderboard,61,Fh9mFXura9qKSQppPvkTMjBeRwR6ETxfdXS79T98RwzR,158096.67229755336,https://frontend-api-v3.pump.fun/pnl-leaderboard?period=monthly,pump.fun public PnL leaderboard 30d (on-site rank 67 is by net pnlUsd=163466.83066346738; stored value is realizedPnlUsd). username=ansemsdad
pumpfun,pumpfun_pnl_leaderboard,62,BSzpGGB3AMwtW126RT3Z27STSBrVjKV5A96H4BsUKdtD,155939.90072356377,https://frontend-api-v3.pump.fun/pnl-leaderboard?period=monthly,pump.fun public PnL leaderboard 30d (on-site rank 73 is by net pnlUsd=155174.5593564263; stored value is realizedPnlUsd). username=ferre
pumpfun,pumpfun_pnl_leaderboard,63,3j5c4aD1aznxQXJ3DWw1b7UD8kKuaqXVbpaVeWPR83TG,149356.94085400642,https://frontend-api-v3.pump.fun/pnl-leaderboard?period=monthly,pump.fun public PnL leaderboard 30d (on-site rank 75 is by net pnlUsd=153487.82285178712; stored value is realizedPnlUsd). username=Kaaox
pumpfun,gmgn_launchpad_smart,64,7naFFwuEJWeWwWYQUkgAWHsxYKg3KctEuUj42JdAMidP,148936.7741286086,https://github.com/nirholas/kol-quest/blob/main/site/data/solwallets.json,GMGN Solana launchpad_smart snapshot captured 2026-03-09 (kol-quest interceptor); realized_profit_30d USD; txs_30d=7794
pumpfun,pumpfun_pnl_leaderboard,65,49MHZz9c1mE1ePTcLxBWPjf7KKzt3Ntd25JnspKvV8vL,142153.9057327341,https://frontend-api-v3.pump.fun/pnl-leaderboard?period=monthly,pump.fun public PnL leaderboard 30d (on-site rank 6 is by net pnlUsd=1680527.9051290837; stored value is realizedPnlUsd). username=OldManPervert
pumpfun,pumpfun_pnl_leaderboard,66,Bi4rd5FH5bYEN8scZ7wevxNZyNmKHdaBcvewdPFxYdLt,141015.81605936404,https://frontend-api-v3.pump.fun/pnl-leaderboard?period=monthly,pump.fun public PnL leaderboard 30d (on-site rank 79 is by net pnlUsd=141567.39695857905; stored value is realizedPnlUsd). username=theonomics
pumpfun,pumpfun_pnl_leaderboard,67,Fv7ubG15npHzRTKqg8AkAwNNMLaaTgecGWt3yoTmfUWT,140559.53246383593,https://frontend-api-v3.pump.fun/pnl-leaderboard?period=monthly,pump.fun public PnL leaderboard 30d (on-site rank 66 is by net pnlUsd=167406.68464767744; stored value is realizedPnlUsd). username=realgainzy
pumpfun,pumpfun_pnl_leaderboard,68,3VUNtVtjjx5ckUojT7UocJ5fbuAJRsNUXNfTBnPte9vC,140487.7160266253,https://frontend-api-v3.pump.fun/pnl-leaderboard?period=monthly,pump.fun public PnL leaderboard 30d (on-site rank 80 is by net pnlUsd=140778.27053841276; stored value is realizedPnlUsd). username=buddhaaaaa
pumpfun,pumpfun_pnl_leaderboard,69,22ZeReo2tiCFnSX4oMb7aReRQtuGhfPbJ95sKBuf2L9c,139648.45437611995,https://frontend-api-v3.pump.fun/pnl-leaderboard?period=monthly,pump.fun public PnL leaderboard 30d (on-site rank 68 is by net pnlUsd=161945.26858926954; stored value is realizedPnlUsd). username=richtardio
pumpfun,pumpfun_pnl_leaderboard,70,AuPp4YTMTyqxYXQnHc5KUc6pUuCSsHQpBJhgnD45yqrf,138485.5160043597,https://frontend-api-v3.pump.fun/pnl-leaderboard?period=monthly,pump.fun public PnL leaderboard 30d (on-site rank 76 is by net pnlUsd=147957.33402969068; stored value is realizedPnlUsd). username=daniworldwidee
pumpfun,gmgn_launchpad_smart,71,5ZuV8eqkvzYFVEKbLvGBdexL2tFv7E5BCd2HZpjqbdg,138084.5055082237,https://github.com/nirholas/kol-quest/blob/main/site/data/solwallets.json,GMGN Solana launchpad_smart snapshot captured 2026-03-09 (kol-quest interceptor); realized_profit_30d USD; txs_30d=4307
pumpfun,pumpfun_pnl_leaderboard,72,CAvvAFNRfXDWTTDqwgxb9qSyYT8fTuTXWSFwL7Jsz8vT,135307.68130637988,https://frontend-api-v3.pump.fun/pnl-leaderboard?period=monthly,pump.fun public PnL leaderboard 30d (on-site rank 83 is by net pnlUsd=135292.2487031671; stored value is realizedPnlUsd). username=binaryshark2861
pumpfun,pumpfun_pnl_leaderboard,73,EFpQWGxuoS9nxB1sX9x6LTJAvsnKxcnpZpMmz3QDGnfJ,133264.38149950837,https://frontend-api-v3.pump.fun/pnl-leaderboard?period=monthly,pump.fun public PnL leaderboard 30d (on-site rank 42 is by net pnlUsd=274413.1575650682; stored value is realizedPnlUsd). username=hotdogenj0yer
pumpfun,gmgn_launchpad_smart,74,7DqJaVbnqiDjbGb3kr3kT7YXaWqDSukPC9pmVz5TdiKM,131181.63698879528,https://github.com/nirholas/kol-quest/blob/main/site/data/solwallets.json,GMGN Solana launchpad_smart snapshot captured 2026-03-09 (kol-quest interceptor); realized_profit_30d USD; txs_30d=1072
pumpfun,pumpfun_pnl_leaderboard,75,H31vEBxSJk1nQdUN11qZgZyhScyShhscKhvhZZU3dQoU,130311.51018405666,https://frontend-api-v3.pump.fun/pnl-leaderboard?period=monthly,pump.fun public PnL leaderboard 30d (on-site rank 86 is by net pnlUsd=130329.37302660289; stored value is realizedPnlUsd). username=megga
pumpfun,pumpfun_pnl_leaderboard,76,23LAQiqYP77uDchq5k4W2SPUuZ7f1du9rt7KGUkXa36V,129588.9527055375,https://frontend-api-v3.pump.fun/pnl-leaderboard?period=monthly,pump.fun public PnL leaderboard 30d (on-site rank 53 is by net pnlUsd=242163.9948949409; stored value is realizedPnlUsd). username=TylerD
pumpfun,pumpfun_pnl_leaderboard,77,9LXWa7V3AE15VfBupcx5gDts2ix3Y9NzbcKZKjkkq6hV,129346.18602185832,https://frontend-api-v3.pump.fun/pnl-leaderboard?period=monthly,pump.fun public PnL leaderboard 30d (on-site rank 87 is by net pnlUsd=129582.63199766062; stored value is realizedPnlUsd). username=rikz_
pumpfun,pumpfun_pnl_leaderboard,78,2jYJwvXCHPgRPo7MRfAgZz4VoEqCNGyCMUgwWW6aKfBB,126452.76848708492,https://frontend-api-v3.pump.fun/pnl-leaderboard?period=monthly,pump.fun public PnL leaderboard 30d (on-site rank 82 is by net pnlUsd=137353.0081839393; stored value is realizedPnlUsd). username=swooshi
pumpfun,pumpfun_pnl_leaderboard,79,FX7zZiSJTtHSwxwRN3zNEGynNYPtZG2971ApxagSqNtP,125106.79497800341,https://frontend-api-v3.pump.fun/pnl-leaderboard?period=monthly,pump.fun public PnL leaderboard 30d (on-site rank 93 is by net pnlUsd=125095.67013306395; stored value is realizedPnlUsd). username=PointyChef
pumpfun,pumpfun_pnl_leaderboard,80,95CwNd3p9TtUmNesnri1Tf5KzS58SzgDZJCDHmTiwgE2,124919.44807467253,https://frontend-api-v3.pump.fun/pnl-leaderboard?period=monthly,pump.fun public PnL leaderboard 30d (on-site rank 89 is by net pnlUsd=129163.19518705326; stored value is realizedPnlUsd). username=DecentralizeDie
pumpfun,pumpfun_pnl_leaderboard,81,BHREKFkPQgAtDs8Vb1UfLkUpjG6ScidTjHaCWFuG2AtX,124021.15644612254,https://frontend-api-v3.pump.fun/pnl-leaderboard?period=monthly,pump.fun public PnL leaderboard 30d (on-site rank 85 is by net pnlUsd=130811.3983550834; stored value is realizedPnlUsd). username=Risk100x
pumpfun,pumpfun_pnl_leaderboard,82,4EsYuWFZAt1PfNJq8Jr7monip43gNqrQ7k2Kne1npqJx,121508.82014867818,https://frontend-api-v3.pump.fun/pnl-leaderboard?period=monthly,pump.fun public PnL leaderboard 30d (on-site rank 77 is by net pnlUsd=144901.60941316988; stored value is realizedPnlUsd). username=Guywhobuys
pumpfun,pumpfun_pnl_leaderboard,83,DNsh1UfJdxmze6T6GV9QK5SoFm7HsM5TRNxVuwVgo8Zj,119236.21970043954,https://frontend-api-v3.pump.fun/pnl-leaderboard?period=monthly,pump.fun public PnL leaderboard 30d (on-site rank 92 is by net pnlUsd=126580.62120670905; stored value is realizedPnlUsd). username=hashbergers
pumpfun,pumpfun_pnl_leaderboard,84,A2XqEiR18CMSk5CQwt6gsKwCnw1Xduyn4BDLnRmWZ18s,116161.16705525131,https://frontend-api-v3.pump.fun/pnl-leaderboard?period=monthly,pump.fun public PnL leaderboard 30d (on-site rank 95 is by net pnlUsd=124746.38692299211; stored value is realizedPnlUsd). username=goingmanta59770
pumpfun,pumpfun_pnl_leaderboard,85,G29kbPokFzmVeYuZB1ihA7AmGzLjyDaECEyRMKhHiR4J,113670.70550446396,https://frontend-api-v3.pump.fun/pnl-leaderboard?period=monthly,pump.fun public PnL leaderboard 30d (on-site rank 11 is by net pnlUsd=717660.2454170971; stored value is realizedPnlUsd). username=Mannerssx
pumpfun,gmgn_launchpad_smart,86,FaBGrHWjcJ8vKnbgUtsdpZjvF7YAAajtQTWmmEHiKtQr,103809.23029663057,https://github.com/nirholas/kol-quest/blob/main/site/data/solwallets.json,GMGN Solana launchpad_smart snapshot captured 2026-03-09 (kol-quest interceptor); realized_profit_30d USD; txs_30d=1593
pumpfun,pumpfun_pnl_leaderboard,87,ASv4ktNwZ8uBbUj94ACnr7Nj1sTtcYnEUZgWxkMsakA7,98270.5564852071,https://frontend-api-v3.pump.fun/pnl-leaderboard?period=monthly,pump.fun public PnL leaderboard 30d (on-site rank 100 is by net pnlUsd=115763.47761833522; stored value is realizedPnlUsd). username=retardmode
pumpfun,gmgn_launchpad_smart,88,A8Z1ejQGk45EJibBPJviWnM3UvwKSuYun53nSCkWKM52,96755.60053186542,https://github.com/nirholas/kol-quest/blob/main/site/data/solwallets.json,GMGN Solana launchpad_smart snapshot captured 2026-03-09 (kol-quest interceptor); realized_profit_30d USD; txs_30d=6195
pumpfun,gmgn_launchpad_smart,89,9wRuFPJZFviuHv9q4hsaxUUADDphX6oSjcMA3RuxTFRG,95389.31797181156,https://github.com/nirholas/kol-quest/blob/main/site/data/solwallets.json,GMGN Solana launchpad_smart snapshot captured 2026-03-09 (kol-quest interceptor); realized_profit_30d USD; txs_30d=4016
pumpfun,gmgn_launchpad_smart,90,HEDmgZUdaGSSfmS8V8Ze7YrYtHgL7Cu9JkPUxRuB3dSE,95113.0712466354,https://github.com/nirholas/kol-quest/blob/main/site/data/solwallets.json,GMGN Solana launchpad_smart snapshot captured 2026-03-09 (kol-quest interceptor); realized_profit_30d USD; txs_30d=7111
pumpfun,pumpfun_pnl_leaderboard,91,4xWwgcjfnK4CspxSTdiXszd5JcorWFj95v2y6QtkPurB,89816.46950508057,https://frontend-api-v3.pump.fun/pnl-leaderboard?period=monthly,pump.fun public PnL leaderboard 30d (on-site rank 78 is by net pnlUsd=141805.14706895628; stored value is realizedPnlUsd). username=Mptrading
pumpfun,gmgn_launchpad_smart,92,FAicXNV5FVqtfbpn4Zccs71XcfGeyxBSGbqLDyDJZjke,87673.82220245563,https://github.com/nirholas/kol-quest/blob/main/site/data/solwallets.json,GMGN Solana launchpad_smart snapshot captured 2026-03-09 (kol-quest interceptor); realized_profit_30d USD; txs_30d=3264
pumpfun,gmgn_launchpad_smart,93,7kGAXsa7n1qN2FuNoJAGmzebmN9KqqLAHcwj7gvoekKk,84501.34110152123,https://github.com/nirholas/kol-quest/blob/main/site/data/solwallets.json,GMGN Solana launchpad_smart snapshot captured 2026-03-09 (kol-quest interceptor); realized_profit_30d USD; txs_30d=2472
pumpfun,gmgn_launchpad_smart,94,F2uihSGitvVZ92c4R1yfvbMunBGRCDJLWiyN7VfXFtu5,83378.76746965558,https://github.com/nirholas/kol-quest/blob/main/site/data/solwallets.json,GMGN Solana launchpad_smart snapshot captured 2026-03-09 (kol-quest interceptor); realized_profit_30d USD; txs_30d=5279
pumpfun,pumpfun_pnl_leaderboard,95,AH39BneW9UeWxQysUcwogQrYFdPvJuRVZ5w4ccq9SKfL,80740.81777929736,https://frontend-api-v3.pump.fun/pnl-leaderboard?period=monthly,pump.fun public PnL leaderboard 30d (on-site rank 24 is by net pnlUsd=439182.6056859387; stored value is realizedPnlUsd). username=_logjam
pumpfun,pumpfun_pnl_leaderboard,96,8k1BPp8pCxq7RJxxBz3BUxvBjsfjhkHKnhr2WSQABGM9,78529.91345053868,https://frontend-api-v3.pump.fun/pnl-leaderboard?period=weekly,pump.fun public PnL leaderboard 7d (on-site rank 4 is by net pnlUsd=230764.261617138; stored value is realizedPnlUsd). username=panic
pumpfun,gmgn_launchpad_smart,97,9g7QpJvPvMULB3n6tQMjbzbNoDDhMKpVoJJDvoECXViG,77307.48538292172,https://github.com/nirholas/kol-quest/blob/main/site/data/solwallets.json,GMGN Solana launchpad_smart snapshot captured 2026-03-09 (kol-quest interceptor); realized_profit_30d USD; txs_30d=767
pumpfun,pumpfun_pnl_leaderboard,98,CXhZnEbWmaiK8GE8uYqDyQmcGS9SANqsuLJMYSYnLmGR,75083.86892479224,https://frontend-api-v3.pump.fun/pnl-leaderboard?period=monthly,pump.fun public PnL leaderboard 30d (on-site rank 94 is by net pnlUsd=124945.0432671764; stored value is realizedPnlUsd). username=CoinSmuggler
pumpfun,pumpfun_pnl_leaderboard,99,4UwK5AE6Djdf3MfwtPGE8pFYD47MhU9fiStDVmSHJVMB,74435.91012113942,https://frontend-api-v3.pump.fun/pnl-leaderboard?period=monthly,pump.fun public PnL leaderboard 30d (on-site rank 96 is by net pnlUsd=120773.07892404713; stored value is realizedPnlUsd). username=CottagePvP
pumpfun,gmgn_launchpad_smart,100,DC99qH3jXiq5pPWQd6PjjJcCxTV593s58CLPxWGpEywt,73149.71510526317,https://github.com/nirholas/kol-quest/blob/main/site/data/solwallets.json,GMGN Solana launchpad_smart snapshot captured 2026-03-09 (kol-quest interceptor); realized_profit_30d USD; txs_30d=2579
pumpfun,pumpfun_pnl_leaderboard,101,3neNZ7NxWhp5R92doeKkhoau8p7zVBtLQJzVrPXqsWEc,72975.94535965004,https://frontend-api-v3.pump.fun/pnl-leaderboard?period=monthly,pump.fun public PnL leaderboard 30d (on-site rank 16 is by net pnlUsd=533758.5720938176; stored value is realizedPnlUsd). username=xSickFish
pumpfun,gmgn_launchpad_smart,102,B32QbbdDAyhvUQzjcaM5j6ZVKwjCxAwGH5Xgvb9SJqnC,72437.12277771631,https://github.com/nirholas/kol-quest/blob/main/site/data/solwallets.json,GMGN Solana launchpad_smart snapshot captured 2026-03-09 (kol-quest interceptor); realized_profit_30d USD; txs_30d=3561
pumpfun,gmgn_launchpad_smart,103,8hS4RZETeCXyG4UtD6UeoZ1uzjUZmfEHJ4mq5So8zmtL,70189.78996149704,https://github.com/nirholas/kol-quest/blob/main/site/data/solwallets.json,GMGN Solana launchpad_smart snapshot captured 2026-03-09 (kol-quest interceptor); realized_profit_30d USD; txs_30d=1199
pumpfun,pumpfun_pnl_leaderboard,104,5hAgYC8TJCcEZV7LTXAzkTrm7YL29YXyQQJPCNrG84zM,69630.37317386731,https://frontend-api-v3.pump.fun/pnl-leaderboard?period=weekly,pump.fun public PnL leaderboard 7d (on-site rank 17 is by net pnlUsd=102200.47068115065; stored value is realizedPnlUsd). username=schoen
pumpfun,gmgn_launchpad_smart,105,9RGjjbRdxyErozMgTzgtF2Y3fdduHNQSHT5ZbmW1jLAK,69122.73032492508,https://github.com/nirholas/kol-quest/blob/main/site/data/solwallets.json,GMGN Solana launchpad_smart snapshot captured 2026-03-09 (kol-quest interceptor); realized_profit_30d USD; txs_30d=1497
pumpfun,pumpfun_pnl_leaderboard,106,2KQKDA9RtgB8wfGMcnGsKMfFY2BkktG2ETMtRPSAzB8C,68909.08385022456,https://frontend-api-v3.pump.fun/pnl-leaderboard?period=weekly,pump.fun public PnL leaderboard 7d (on-site rank 31 is by net pnlUsd=72056.448838023; stored value is realizedPnlUsd). username=abil
pumpfun,gmgn_launchpad_smart,107,9be8w7td3fXqJfgH5K8uvyeGTd3tWFZqF11u8kJCGQ4p,68554.30021988538,https://github.com/nirholas/kol-quest/blob/main/site/data/solwallets.json,GMGN Solana launchpad_smart snapshot captured 2026-03-09 (kol-quest interceptor); realized_profit_30d USD; txs_30d=1315
pumpfun,gmgn_launchpad_smart,108,211XxEq6Y3d5n5KwvszAoipnydfGKn8Hj9NpLHtxN8Vz,67334.9470884643,https://github.com/nirholas/kol-quest/blob/main/site/data/solwallets.json,GMGN Solana launchpad_smart snapshot captured 2026-03-09 (kol-quest interceptor); realized_profit_30d USD; txs_30d=11247
pumpfun,gmgn_launchpad_smart,109,CN8GfmA2tyr3Pxmy5sMNhaGEFhAvy8AjnWMevXSZNxFq,65771.05005860732,https://github.com/nirholas/kol-quest/blob/main/site/data/solwallets.json,GMGN Solana launchpad_smart snapshot captured 2026-03-09 (kol-quest interceptor); realized_profit_30d USD; txs_30d=12996
pumpfun,gmgn_launchpad_smart,110,J1eguri6RpXj7H9hXNrt3TcTdJxenUrwzouAaKpiPQvC,63887.57208660848,https://github.com/nirholas/kol-quest/blob/main/site/data/solwallets.json,GMGN Solana launchpad_smart snapshot captured 2026-03-09 (kol-quest interceptor); realized_profit_30d USD; txs_30d=5221
pumpfun,gmgn_launchpad_smart,111,AxiomJrKFZZfPTJRrVq9KSN5vSqFKBtdRNmBE6QdCLLY,63883.367037320895,https://github.com/nirholas/kol-quest/blob/main/site/data/solwallets.json,GMGN Solana launchpad_smart snapshot captured 2026-03-09 (kol-quest interceptor); realized_profit_30d USD; txs_30d=11860
pumpfun,gmgn_launchpad_smart,112,DPNPVvoGdwNBY849ryx2JZzakWuWbDTfSUYr8aNfKLwA,63458.098954223526,https://github.com/nirholas/kol-quest/blob/main/site/data/solwallets.json,GMGN Solana launchpad_smart snapshot captured 2026-03-09 (kol-quest interceptor); realized_profit_30d USD; txs_30d=5635
pumpfun,gmgn_launchpad_smart,113,BxQeFMpp4yfA5rNTKwq65ck18VHxUaQ83ohvX5VfCqDx,61676.12550751779,https://github.com/nirholas/kol-quest/blob/main/site/data/solwallets.json,GMGN Solana launchpad_smart snapshot captured 2026-03-09 (kol-quest interceptor); realized_profit_30d USD; txs_30d=1048
pumpfun,gmgn_launchpad_smart,114,4H1NVREBvjzbyzqTUrbSgfQbvJm2Cx7mVNXBeBfDz2D7,61075.81794992808,https://github.com/nirholas/kol-quest/blob/main/site/data/solwallets.json,GMGN Solana launchpad_smart snapshot captured 2026-03-09 (kol-quest interceptor); realized_profit_30d USD; txs_30d=1579
pumpfun,gmgn_launchpad_smart,115,DqnJdvEyv6feAC1v1RQVzepNVoA8HSdHETWC3H7YxtgG,60748.637864572534,https://github.com/nirholas/kol-quest/blob/main/site/data/solwallets.json,GMGN Solana launchpad_smart snapshot captured 2026-03-09 (kol-quest interceptor); realized_profit_30d USD; txs_30d=5211
pumpfun,pumpfun_pnl_leaderboard,116,4qMpTuriauYx2KMDGN3uNGcd4REjm8m1fjnwVf8aTVUH,60618.694750892224,https://frontend-api-v3.pump.fun/pnl-leaderboard?period=monthly,pump.fun public PnL leaderboard 30d (on-site rank 97 is by net pnlUsd=120694.35461379381; stored value is realizedPnlUsd). username=ShooterG
pumpfun,gmgn_launchpad_smart,117,6grHaBNmf2WFuaK32PYnqddWMpbonm7dhdV1wacUpo7V,60260.557179909665,https://github.com/nirholas/kol-quest/blob/main/site/data/solwallets.json,GMGN Solana launchpad_smart snapshot captured 2026-03-09 (kol-quest interceptor); realized_profit_30d USD; txs_30d=945
pumpfun,pumpfun_pnl_leaderboard,118,HsQnUgdVVUJNTTEe5mzpQFFi55oXq4UwcjByEFb3Rd52,60032.03102918841,https://frontend-api-v3.pump.fun/pnl-leaderboard?period=monthly,pump.fun public PnL leaderboard 30d (on-site rank 74 is by net pnlUsd=154742.13658817654; stored value is realizedPnlUsd). username=counter17
pumpfun,pumpfun_pnl_leaderboard,119,F5D6ieWYaUqEanvaksvELCXFsWCZw6G2AcF5hcJ9dvyE,59490.561365149464,https://frontend-api-v3.pump.fun/pnl-leaderboard?period=monthly,pump.fun public PnL leaderboard 30d (on-site rank 98 is by net pnlUsd=118319.12106024567; stored value is realizedPnlUsd). username=outdoororca8179
pumpfun,pumpfun_pnl_leaderboard,120,B1ZMARC6qhJYJrvBJywUYdtf6hq2WBkTgvbbnGuQsQnX,58466.92639356473,https://frontend-api-v3.pump.fun/pnl-leaderboard?period=weekly,pump.fun public PnL leaderboard 7d (on-site rank 41 is by net pnlUsd=58647.57431192763; stored value is realizedPnlUsd). username=lastunknown
pumpfun,pumpfun_pnl_leaderboard,121,5RmywfYqdCuFHCM7vFfoKaobD6MZharunTMT1qQHiy93,57727.19172787035,https://frontend-api-v3.pump.fun/pnl-leaderboard?period=monthly,pump.fun public PnL leaderboard 30d (on-site rank 90 is by net pnlUsd=128104.52509940814; stored value is realizedPnlUsd). username=LadyboyDestroyr
pumpfun,gmgn_launchpad_smart,122,6TbDFs2dkHETrRWVbheiC11bwg7EWLDgszsCADF1ML1b,57142.484869371845,https://github.com/nirholas/kol-quest/blob/main/site/data/solwallets.json,GMGN Solana launchpad_smart snapshot captured 2026-03-09 (kol-quest interceptor); realized_profit_30d USD; txs_30d=3908
pumpfun,gmgn_launchpad_smart,123,FDWJ7wQWKHWRCBv4172uihXiYte5McEE4izGoEcwSocT,56700.64622859298,https://github.com/nirholas/kol-quest/blob/main/site/data/solwallets.json,GMGN Solana launchpad_smart snapshot captured 2026-03-09 (kol-quest interceptor); realized_profit_30d USD; txs_30d=1612
pumpfun,pumpfun_pnl_leaderboard,124,EnPjBjzy6zaufzpZ2m3Q8nPS3KpyiRxNLKtcSiMYwWCa,56281.11339463259,https://frontend-api-v3.pump.fun/pnl-leaderboard?period=monthly,pump.fun public PnL leaderboard 30d (on-site rank 20 is by net pnlUsd=497669.48944864044; stored value is realizedPnlUsd). username=collectible
pumpfun,pumpfun_pnl_leaderboard,125,DFqdZtjk7p6k88HihENe3VfwFRC7MuEm9sWgQo7tz586,55194.74674794004,https://frontend-api-v3.pump.fun/pnl-leaderboard?period=monthly,pump.fun public PnL leaderboard 30d (on-site rank 62 is by net pnlUsd=173900.97727471133; stored value is realizedPnlUsd). username=zachvierr
pumpfun,gmgn_launchpad_smart,126,BCDUS718HJyVqnWH8kiCGymNNVzLAv6bSK88wx21eLRg,52099.633742019425,https://github.com/nirholas/kol-quest/blob/main/site/data/solwallets.json,GMGN Solana launchpad_smart snapshot captured 2026-03-09 (kol-quest interceptor); realized_profit_30d USD; txs_30d=1543
pumpfun,gmgn_launchpad_smart,127,4BNMaUdBjUB54SKCTjBEoiEjcF3nGP5pqj3KXV4VEnCu,51941.450645782395,https://github.com/nirholas/kol-quest/blob/main/site/data/solwallets.json,GMGN Solana launchpad_smart snapshot captured 2026-03-09 (kol-quest interceptor); realized_profit_30d USD; txs_30d=1711
pumpfun,gmgn_launchpad_smart,128,AXgzGEvbgaFeb1xhdXkQc5D5CehZUa89ci2F9ugQPLaA,51148.7420387713,https://github.com/nirholas/kol-quest/blob/main/site/data/solwallets.json,GMGN Solana launchpad_smart snapshot captured 2026-03-09 (kol-quest interceptor); realized_profit_30d USD; txs_30d=19753
pumpfun,pumpfun_pnl_leaderboard,129,9BKsW5UtV4dPzzdeC9M2MmGdHrA8jH1EZo5jzXkXciPP,50853.68929484759,https://frontend-api-v3.pump.fun/pnl-leaderboard?period=weekly,pump.fun public PnL leaderboard 7d (on-site rank 37 is by net pnlUsd=64793.93125224835; stored value is realizedPnlUsd). username=travisbickle
pumpfun,pumpfun_pnl_leaderboard,130,DSQeAaPEdWsqAYBG6wmQE3oxoCGTUVb8Xu2ouRmzixa6,50228.056095899505,https://frontend-api-v3.pump.fun/pnl-leaderboard?period=weekly,pump.fun public PnL leaderboard 7d (on-site rank 26 is by net pnlUsd=78296.29692907502; stored value is realizedPnlUsd). username=four3two1
pumpfun,pumpfun_pnl_leaderboard,131,HWaKJXeHTBRn9r1tQFcGSf1Z7o4iExYyrvyMTwYgseXF,48239.63041182971,https://frontend-api-v3.pump.fun/pnl-leaderboard?period=weekly,pump.fun public PnL leaderboard 7d (on-site rank 40 is by net pnlUsd=60277.22965943537; stored value is realizedPnlUsd). username=s0rry
pumpfun,gmgn_launchpad_smart,132,gangJEP5geDHjPVRhDS5dTF5e6GtRvtNogMEEVs91RV,47773.35935216181,https://github.com/nirholas/kol-quest/blob/main/site/data/solwallets.json,GMGN Solana launchpad_smart snapshot captured 2026-03-09 (kol-quest interceptor); realized_profit_30d USD; txs_30d=10115
pumpfun,pumpfun_pnl_leaderboard,133,sAdNbe1cKNMDqDsa4npB3TfL62T14uAo2MsUQfLvzLT,47466.86133179523,https://frontend-api-v3.pump.fun/pnl-leaderboard?period=weekly,pump.fun public PnL leaderboard 7d (on-site rank 60 is by net pnlUsd=47475.3209741278; stored value is realizedPnlUsd). username=prospering
pumpfun,gmgn_launchpad_smart,134,7EmUSAXbyXoGpqLPpurkQ97S4ovMdkbjyYPrKtJHtkqa,47433.27875565216,https://github.com/nirholas/kol-quest/blob/main/site/data/solwallets.json,GMGN Solana launchpad_smart snapshot captured 2026-03-09 (kol-quest interceptor); realized_profit_30d USD; txs_30d=5400
pumpfun,gmgn_launchpad_smart,135,EBx24uAPtaS1SvHwRhKEktSgzaXdiVEyHuSVpAMVwrcD,47225.11633245556,https://github.com/nirholas/kol-quest/blob/main/site/data/solwallets.json,GMGN Solana launchpad_smart snapshot captured 2026-03-09 (kol-quest interceptor); realized_profit_30d USD; txs_30d=2654
pumpfun,gmgn_launchpad_smart,136,GmmVt4Xac82u2hbhFacQpZEG2prjiVbgLSshdKS9p5Ye,44871.30651751952,https://github.com/nirholas/kol-quest/blob/main/site/data/solwallets.json,GMGN Solana launchpad_smart snapshot captured 2026-03-09 (kol-quest interceptor); realized_profit_30d USD; txs_30d=5179
pumpfun,pumpfun_pnl_leaderboard,137,pXGQ6J2ziRCvmYSLTT55FASf2jSHeCD6gju5xka31yV,43799.97615151851,https://frontend-api-v3.pump.fun/pnl-leaderboard?period=weekly,pump.fun public PnL leaderboard 7d (on-site rank 66 is by net pnlUsd=43635.66514511737; stored value is realizedPnlUsd). username=daddychilllll
pumpfun,pumpfun_pnl_leaderboard,138,5hh7UE6i2BtyCvaMMadS71wFwK88JRmtRTfXkjZ3CHvF,43698.7878376332,https://frontend-api-v3.pump.fun/pnl-leaderboard?period=monthly,pump.fun public PnL leaderboard 30d (on-site rank 31 is by net pnlUsd=363660.41581524286; stored value is realizedPnlUsd). username=curb1
pumpfun,pumpfun_pnl_leaderboard,139,5pUgxQGgX36GyV5BdsBNRAw9JxJ6Br4UVddJmJ3sumhc,43027.676389253225,https://frontend-api-v3.pump.fun/pnl-leaderboard?period=weekly,pump.fun public PnL leaderboard 7d (on-site rank 67 is by net pnlUsd=42320.12646277542; stored value is realizedPnlUsd). username=jamal
pumpfun,pumpfun_pnl_leaderboard,140,EGB6v3y5oS7Whv4KHYp8ksL2wRfqdfAF5Dbqq8kHXsZH,42006.98640133699,https://frontend-api-v3.pump.fun/pnl-leaderboard?period=monthly,pump.fun public PnL leaderboard 30d (on-site rank 71 is by net pnlUsd=159152.1621053628; stored value is realizedPnlUsd). username=CyrusAbrahim
pumpfun,gmgn_launchpad_smart,141,2HcFC8Ny4nPC4jn4uBRsZTKkxQrKFh7QbgRb4QbKUbY6,41619.85460463932,https://github.com/nirholas/kol-quest/blob/main/site/data/solwallets.json,GMGN Solana launchpad_smart snapshot captured 2026-03-09 (kol-quest interceptor); realized_profit_30d USD; txs_30d=5567
pumpfun,pumpfun_pnl_leaderboard,142,CKB1XYgbEmfEE3FJev7gFwEVtoqEvmsX6GhnbuFvuN5d,41019.6949063322,https://frontend-api-v3.pump.fun/pnl-leaderboard?period=weekly,pump.fun public PnL leaderboard 7d (on-site rank 69 is by net pnlUsd=41019.07439704032; stored value is realizedPnlUsd). username=Dolo
pumpfun,gmgn_launchpad_smart,143,AKy8XbgxizDq9AaAYzvwBkeo2pkU8h8NsFWoUx9kjguh,40903.08736838094,https://github.com/nirholas/kol-quest/blob/main/site/data/solwallets.json,GMGN Solana launchpad_smart snapshot captured 2026-03-09 (kol-quest interceptor); realized_profit_30d USD; txs_30d=8315
pumpfun,gmgn_launchpad_smart,144,ARhYRRRsMRxcyzg1DNDkUjkpkGWUU9SCPGaZbPQJTUBo,40252.40554272081,https://github.com/nirholas/kol-quest/blob/main/site/data/solwallets.json,GMGN Solana launchpad_smart snapshot captured 2026-03-09 (kol-quest interceptor); realized_profit_30d USD; txs_30d=9299
pumpfun,gmgn_launchpad_smart,145,DMy6J8XXnqg4ZnMfAAc5DNgtVmcbjtXSQidANynigkkD,39390.21379567133,https://github.com/nirholas/kol-quest/blob/main/site/data/solwallets.json,GMGN Solana launchpad_smart snapshot captured 2026-03-09 (kol-quest interceptor); realized_profit_30d USD; txs_30d=8335
pumpfun,pumpfun_pnl_leaderboard,146,2CFywHXDPjDK2iRQsb95vnjgncDUZeQKJ6MceJ4ALpdc,39313.725565985544,https://frontend-api-v3.pump.fun/pnl-leaderboard?period=weekly,pump.fun public PnL leaderboard 7d (on-site rank 71 is by net pnlUsd=39379.278194318846; stored value is realizedPnlUsd). username=otsu
pumpfun,pumpfun_pnl_leaderboard,147,49fAsUF3Nk8qbfpSrQND2sULKXanemwibYLGk5Jpn9bY,38845.78433945674,https://frontend-api-v3.pump.fun/pnl-leaderboard?period=weekly,pump.fun public PnL leaderboard 7d (on-site rank 74 is by net pnlUsd=38844.0987594015; stored value is realizedPnlUsd). username=Agent69420
pumpfun,pumpfun_pnl_leaderboard,148,41xvyT53tY5RWGw5yM1Wb8fs3YkD6chusmXprMvKs2P2,38698.66442937235,https://frontend-api-v3.pump.fun/pnl-leaderboard?period=weekly,pump.fun public PnL leaderboard 7d (on-site rank 87 is by net pnlUsd=34750.23653830631; stored value is realizedPnlUsd). username=croccapital
pumpfun,gmgn_launchpad_smart,149,3JD7zrZVXfGozgaSrnn3GzAcGsHCM5ATazX8EqwJqZWY,38409.832515915805,https://github.com/nirholas/kol-quest/blob/main/site/data/solwallets.json,GMGN Solana launchpad_smart snapshot captured 2026-03-09 (kol-quest interceptor); realized_profit_30d USD; txs_30d=6507
pumpfun,gmgn_launchpad_smart,150,CvhUR9GTbMFKFR6Cx24NiDgNcCncyTUGauhq9SWkBYuU,38197.74360486848,https://github.com/nirholas/kol-quest/blob/main/site/data/solwallets.json,GMGN Solana launchpad_smart snapshot captured 2026-03-09 (kol-quest interceptor); realized_profit_30d USD; txs_30d=5469
pumpfun,gmgn_launchpad_smart,151,8NVkytV1CtoNBXGFtwXwh4KQdbgVcA6hFmym1gMuRHru,37750.7180693348,https://github.com/nirholas/kol-quest/blob/main/site/data/solwallets.json,GMGN Solana launchpad_smart snapshot captured 2026-03-09 (kol-quest interceptor); realized_profit_30d USD; txs_30d=8007
pumpfun,gmgn_launchpad_smart,152,BBvCUAvUJgpdPub1PqGzeXSBxuj99zgGnfoEJq9k6bsM,37674.491590896934,https://github.com/nirholas/kol-quest/blob/main/site/data/solwallets.json,GMGN Solana launchpad_smart snapshot captured 2026-03-09 (kol-quest interceptor); realized_profit_30d USD; txs_30d=6020
pumpfun,pumpfun_pnl_leaderboard,153,FqamE7xrahg7FEWoByrx1o8SeyHt44rpmE6ZQfT7zrve,37658.20828027246,https://frontend-api-v3.pump.fun/pnl-leaderboard?period=weekly,pump.fun public PnL leaderboard 7d (on-site rank 78 is by net pnlUsd=38068.273454887094; stored value is realizedPnlUsd). username=EustazZ
pumpfun,pumpfun_pnl_leaderboard,154,FtJ4yajd6fPcvFdtEsAoUukcUn6nD1qhEFevSQDcauHz,36184.551253728605,https://frontend-api-v3.pump.fun/pnl-leaderboard?period=weekly,pump.fun public PnL leaderboard 7d (on-site rank 30 is by net pnlUsd=73767.1318284176; stored value is realizedPnlUsd). username=cashmaxing
pumpfun,gmgn_launchpad_smart,155,BCnqsPEtA1TkgednYEebRpkmwFRJDCjMQcKZMMtEdArc,35855.27406631249,https://github.com/nirholas/kol-quest/blob/main/site/data/solwallets.json,GMGN Solana launchpad_smart snapshot captured 2026-03-09 (kol-quest interceptor); realized_profit_30d USD; txs_30d=3993
pumpfun,pumpfun_pnl_leaderboard,156,EgYa22bNrcQGRJny4rGJz8eJe5CSFKtXEqB9qPQQGN9p,35815.21857468565,https://frontend-api-v3.pump.fun/pnl-leaderboard?period=weekly,pump.fun public PnL leaderboard 7d (on-site rank 81 is by net pnlUsd=35815.21867966347; stored value is realizedPnlUsd). username=Uncquant
pumpfun,pumpfun_pnl_leaderboard,157,FdSShBiR1nBtxQzhwNMszyRdcvMVLiAeVraJLvERERZL,35584.249124061025,https://frontend-api-v3.pump.fun/pnl-leaderboard?period=weekly,pump.fun public PnL leaderboard 7d (on-site rank 82 is by net pnlUsd=35651.46096640064; stored value is realizedPnlUsd). username=element69420
pumpfun,pumpfun_pnl_leaderboard,158,8R8q7Hp4T6mjypuFRGwc1mPaiEEbBq1Ri4nmskoHq2XA,35575.27437966965,https://frontend-api-v3.pump.fun/pnl-leaderboard?period=weekly,pump.fun public PnL leaderboard 7d (on-site rank 49 is by net pnlUsd=54222.310139793444; stored value is realizedPnlUsd). username=turbosealdiagon
pumpfun,gmgn_launchpad_smart,159,9iaawVBEsFG35PSwd4PahwT8fYNQe9XYuRdWm872dUqY,35342.9043026963,https://github.com/nirholas/kol-quest/blob/main/site/data/solwallets.json,GMGN Solana launchpad_smart snapshot captured 2026-03-09 (kol-quest interceptor); realized_profit_30d USD; txs_30d=2110
pumpfun,gmgn_launchpad_smart,160,4GH1YzJPTX5ggpL8smF1kjbYdfUBHULvj6y5zFLahcqV,34654.202133422164,https://github.com/nirholas/kol-quest/blob/main/site/data/solwallets.json,GMGN Solana launchpad_smart snapshot captured 2026-03-09 (kol-quest interceptor); realized_profit_30d USD; txs_30d=8324
pumpfun,pumpfun_pnl_leaderboard,161,HNHYoSBUakcJog6rXRXGRBEcs4L2YvwyYJZTKqVonBtM,34366.71848711253,https://frontend-api-v3.pump.fun/pnl-leaderboard?period=monthly,pump.fun public PnL leaderboard 30d (on-site rank 54 is by net pnlUsd=240009.68051937202; stored value is realizedPnlUsd). username=Painkillerbill
pumpfun,gmgn_launchpad_smart,162,DsqdUPgAtH94nYEeqmCd6DKCUEAZAc5tCtjEQQEoc8Gk,34301.90859444599,https://github.com/nirholas/kol-quest/blob/main/site/data/solwallets.json,GMGN Solana launchpad_smart snapshot captured 2026-03-09 (kol-quest interceptor); realized_profit_30d USD; txs_30d=9433
pumpfun,pumpfun_pnl_leaderboard,163,68XiYbqQedUbV1EboBhtZDtTTzX4vwUBzKB6rbUGPvHj,34270.419192544,https://frontend-api-v3.pump.fun/pnl-leaderboard?period=daily,pump.fun public PnL leaderboard 24h (on-site rank 8 is by net pnlUsd=119700.5629725506; stored value is realizedPnlUsd). username=fakejoji
pumpfun,pumpfun_pnl_leaderboard,164,6qudAN2kV8mtCcYJxb5QQ6Vr15itdHHdeVbYm99NKMhy,33963.35828390392,https://frontend-api-v3.pump.fun/pnl-leaderboard?period=weekly,pump.fun public PnL leaderboard 7d (on-site rank 77 is by net pnlUsd=38659.631824558295; stored value is realizedPnlUsd). username=thedetective
pumpfun,pumpfun_pnl_leaderboard,165,CuDe51GPh5qGsmYBJDxSsufhQQhA618uDbkaXFZ4pztL,33739.1505413275,https://frontend-api-v3.pump.fun/pnl-leaderboard?period=weekly,pump.fun public PnL leaderboard 7d (on-site rank 92 is by net pnlUsd=32600.983547212192; stored value is realizedPnlUsd). username=Henrys0x
pumpfun,gmgn_launchpad_smart,166,456xjxMrRKcp5odo8B1McWiTbvTUffFi5iCV1Ky9Sft7,33548.15191918519,https://github.com/nirholas/kol-quest/blob/main/site/data/solwallets.json,GMGN Solana launchpad_smart snapshot captured 2026-03-09 (kol-quest interceptor); realized_profit_30d USD; txs_30d=9221
pumpfun,gmgn_launchpad_smart,167,6EDaVsS6enYgJ81tmhEkiKFcb4HuzPUVFZeom6PHUqN3,33302.439815039,https://github.com/nirholas/kol-quest/blob/main/site/data/solwallets.json,GMGN Solana launchpad_smart snapshot captured 2026-03-09 (kol-quest interceptor); realized_profit_30d USD; txs_30d=1374
pumpfun,pumpfun_pnl_leaderboard,168,FhwFLN5EtYtuUHmetiVxNCBd1tEitFvWwQq1XyizaYMA,33234.985618283456,https://frontend-api-v3.pump.fun/pnl-leaderboard?period=weekly,pump.fun public PnL leaderboard 7d (on-site rank 100 is by net pnlUsd=30986.589115576295; stored value is realizedPnlUsd). username=FaZeBlaze
pumpfun,gmgn_launchpad_smart,169,6TAXiK1fT87LrYNWd4Likpe9hkXHreLyCNvUCBVR1uVK,33211.53803893534,https://github.com/nirholas/kol-quest/blob/main/site/data/solwallets.json,GMGN Solana launchpad_smart snapshot captured 2026-03-09 (kol-quest interceptor); realized_profit_30d USD; txs_30d=3510
pumpfun,gmgn_launchpad_smart,170,ASVzakePP6GNg9r95d4LPZHJDMXun6L6E4um4pu5ybJk,33006.411746814665,https://github.com/nirholas/kol-quest/blob/main/site/data/solwallets.json,GMGN Solana launchpad_smart snapshot captured 2026-03-09 (kol-quest interceptor); realized_profit_30d USD; txs_30d=1747
pumpfun,gmgn_launchpad_smart,171,7p4AkPb9AQHhzmUHF2kUaHdXp2xizrUnmn7vQw9D4GXD,32444.939704620512,https://github.com/nirholas/kol-quest/blob/main/site/data/solwallets.json,GMGN Solana launchpad_smart snapshot captured 2026-03-09 (kol-quest interceptor); realized_profit_30d USD; txs_30d=3062
pumpfun,gmgn_launchpad_smart,172,2uok62s66Est64acAN1go4Bstkq6tAiKd2dY2gaedoC7,32305.39781490774,https://github.com/nirholas/kol-quest/blob/main/site/data/solwallets.json,GMGN Solana launchpad_smart snapshot captured 2026-03-09 (kol-quest interceptor); realized_profit_30d USD; txs_30d=1364
pumpfun,pumpfun_pnl_leaderboard,173,2Nbr48AgAEB2t15w7shmEhcQXsfnMC8LwJftvnuXUh5U,31697.48581602623,https://frontend-api-v3.pump.fun/pnl-leaderboard?period=daily,pump.fun public PnL leaderboard 24h (on-site rank 32 is by net pnlUsd=36640.19618211953; stored value is realizedPnlUsd). username=CryptoNite__
pumpfun,pumpfun_pnl_leaderboard,174,2ce9tZ9h6oeuMpgNbGejRTCP7J7xGPkoRY3rLPvHPb9b,31607.073077885914,https://frontend-api-v3.pump.fun/pnl-leaderboard?period=weekly,pump.fun public PnL leaderboard 7d (on-site rank 93 is by net pnlUsd=32340.04827028096; stored value is realizedPnlUsd). username=gibblerish
pumpfun,pumpfun_pnl_leaderboard,175,7g5CJ754NboeY6D44MDdGwQmVX4Fvu59Q47c9ZKLPMkE,31546.046741066384,https://frontend-api-v3.pump.fun/pnl-leaderboard?period=weekly,pump.fun public PnL leaderboard 7d (on-site rank 95 is by net pnlUsd=31568.370639490542; stored value is realizedPnlUsd). username=bestcook
pumpfun,gmgn_launchpad_smart,176,9fXtvqrA8CUhyhmxSK2K8HbPE3y1V5xqXRB3AXkCG66H,31518.59634310834,https://github.com/nirholas/kol-quest/blob/main/site/data/solwallets.json,GMGN Solana launchpad_smart snapshot captured 2026-03-09 (kol-quest interceptor); realized_profit_30d USD; txs_30d=3457
pumpfun,gmgn_launchpad_smart,177,Hw5UKBU5k3YudnGwaykj5E8cYUidNMPuEewRRar5Xoc7,31506.359841930247,https://github.com/nirholas/kol-quest/blob/main/site/data/solwallets.json,GMGN Solana launchpad_smart snapshot captured 2026-03-09 (kol-quest interceptor); realized_profit_30d USD; txs_30d=3636
pumpfun,pumpfun_pnl_leaderboard,178,H9TMtTxBL84rqpX8uqC3TpTgM9BmE3bJDPzStFk8U1Th,31331.03872485004,https://frontend-api-v3.pump.fun/pnl-leaderboard?period=daily,pump.fun public PnL leaderboard 24h (on-site rank 38 is by net pnlUsd=31440.688182638693; stored value is realizedPnlUsd). username=mrblankface
pumpfun,gmgn_launchpad_smart,179,43C9gHfJ7YgqKv5ft3hodFgumydv1nEiNHD1PuANufk5,31312.70521463908,https://github.com/nirholas/kol-quest/blob/main/site/data/solwallets.json,GMGN Solana launchpad_smart snapshot captured 2026-03-09 (kol-quest interceptor); realized_profit_30d USD; txs_30d=608
pumpfun,gmgn_launchpad_smart,180,2b2N2p7xCS9ibDqxwYgXpDSTniJwwye7n93WYuzmr74s,31117.025012217404,https://github.com/nirholas/kol-quest/blob/main/site/data/solwallets.json,GMGN Solana launchpad_smart snapshot captured 2026-03-09 (kol-quest interceptor); realized_profit_30d USD; txs_30d=3960
pumpfun,gmgn_launchpad_smart,181,Dwo2kj88YYhwcFJiybTjXezR9a6QjkMASz5xXD7kujXC,30556.13943623561,https://github.com/nirholas/kol-quest/blob/main/site/data/solwallets.json,GMGN Solana launchpad_smart snapshot captured 2026-03-09 (kol-quest interceptor); realized_profit_30d USD; txs_30d=10282
pumpfun,gmgn_launchpad_smart,182,5LHeuffAzuCnUGtKrujYzz3SiX6SBCzSvhjLemWExniV,30296.71265630641,https://github.com/nirholas/kol-quest/blob/main/site/data/solwallets.json,GMGN Solana launchpad_smart snapshot captured 2026-03-09 (kol-quest interceptor); realized_profit_30d USD; txs_30d=2738
pumpfun,gmgn_launchpad_smart,183,ALJ4P5QNyHeLEjpKGmA1eUfJHSEGQMjY8HLnDkSgjczb,29823.19193542307,https://github.com/nirholas/kol-quest/blob/main/site/data/solwallets.json,GMGN Solana launchpad_smart snapshot captured 2026-03-09 (kol-quest interceptor); realized_profit_30d USD; txs_30d=936
pumpfun,pumpfun_pnl_leaderboard,184,HWJVT35ZfpHUJV9bbX3FkUPZLugGQLTj9bSa38YxWE5P,28779.437181247085,https://frontend-api-v3.pump.fun/pnl-leaderboard?period=weekly,pump.fun public PnL leaderboard 7d (on-site rank 44 is by net pnlUsd=57396.626394657826; stored value is realizedPnlUsd). username=phatnspecs
pumpfun,gmgn_launchpad_smart,185,HtbpbQuhYVUm6GhfkV2ToPQyw1LPMoYV1Se8BegsTEJb,28361.884636073617,https://github.com/nirholas/kol-quest/blob/main/site/data/solwallets.json,GMGN Solana launchpad_smart snapshot captured 2026-03-09 (kol-quest interceptor); realized_profit_30d USD; txs_30d=501
pumpfun,gmgn_launchpad_smart,186,MobS6L5HhVJtxpeafDgREsweWFh53xFoUeP9pgbaDSf,28181.55167466491,https://github.com/nirholas/kol-quest/blob/main/site/data/solwallets.json,GMGN Solana launchpad_smart snapshot captured 2026-03-09 (kol-quest interceptor); realized_profit_30d USD; txs_30d=3716
pumpfun,gmgn_launchpad_smart,187,CLiXvfYSJtG5SJTCWyLvXKtDag9pJiA4vSWZGgSKP19X,28043.99954297728,https://github.com/nirholas/kol-quest/blob/main/site/data/solwallets.json,GMGN Solana launchpad_smart snapshot captured 2026-03-09 (kol-quest interceptor); realized_profit_30d USD; txs_30d=838
pumpfun,pumpfun_mayhem,188,34Kq3jEpUxjr41CCE9ot6nSgdANgvqA44hLpYwuPHTB6,26932.198261778536,https://frontend-api-v3.pump.fun/mayhem/top-traders?window=7d,pump.fun Mayhem top traders 7d by realisedPnlUsd; winRate=0.2692 volumeUsd=531889.782101217
pumpfun,gmgn_launchpad_smart,189,12PPVhB8jC9pq5bfcbf9VZcptmXuvsAFyeH8VK7L93zq,26285.265197597502,https://github.com/nirholas/kol-quest/blob/main/site/data/solwallets.json,GMGN Solana launchpad_smart snapshot captured 2026-03-09 (kol-quest interceptor); realized_profit_30d USD; txs_30d=3661
pumpfun,gmgn_launchpad_smart,190,FaPByELH1kQ4Ku5ApPLaq666c2xTpjazkMVDkWXxaT8e,26242.70661065228,https://github.com/nirholas/kol-quest/blob/main/site/data/solwallets.json,GMGN Solana launchpad_smart snapshot captured 2026-03-09 (kol-quest interceptor); realized_profit_30d USD; txs_30d=2073
pumpfun,gmgn_launchpad_smart,191,6xX7LudE5AqnTUc8dJJfzuarkSc6WMw7qRHgQXUdWauJ,25852.784076093343,https://github.com/nirholas/kol-quest/blob/main/site/data/solwallets.json,GMGN Solana launchpad_smart snapshot captured 2026-03-09 (kol-quest interceptor); realized_profit_30d USD; txs_30d=2637
pumpfun,gmgn_launchpad_smart,192,EFadfqMJRxpHF7KAU5qy5Bsukf1yyQKMg5iEJxAKaQic,25843.17863022117,https://github.com/nirholas/kol-quest/blob/main/site/data/solwallets.json,GMGN Solana launchpad_smart snapshot captured 2026-03-09 (kol-quest interceptor); realized_profit_30d USD; txs_30d=464
pumpfun,gmgn_launchpad_smart,193,CXoUJHtBGnuNR6zJ3zm8nTnNzCwXxFViXh29d1kTJQmK,25760.33260900064,https://github.com/nirholas/kol-quest/blob/main/site/data/solwallets.json,GMGN Solana launchpad_smart snapshot captured 2026-03-09 (kol-quest interceptor); realized_profit_30d USD; txs_30d=1420
pumpfun,gmgn_launchpad_smart,194,CDkVHiRu363Atxe9Hv1a8zgWEtZn4G1xNyuqWb9iJ5Xt,25618.19331534841,https://github.com/nirholas/kol-quest/blob/main/site/data/solwallets.json,GMGN Solana launchpad_smart snapshot captured 2026-03-09 (kol-quest interceptor); realized_profit_30d USD; txs_30d=2820
pumpfun,pumpfun_pnl_leaderboard,195,2omVC16AduiQQZn36yF5pwZtRJ7UQrtmuiriEpD5YTir,25427.064755823434,https://frontend-api-v3.pump.fun/pnl-leaderboard?period=weekly,pump.fun public PnL leaderboard 7d (on-site rank 76 is by net pnlUsd=38671.48727067496; stored value is realizedPnlUsd). username=itsmigglsol
pumpfun,gmgn_launchpad_smart,196,Nsgx8SAf9jSmwqewSttpXbEKAHSPZPae2gFLfj6Yu44,25300.682474948702,https://github.com/nirholas/kol-quest/blob/main/site/data/solwallets.json,GMGN Solana launchpad_smart snapshot captured 2026-03-09 (kol-quest interceptor); realized_profit_30d USD; txs_30d=3634
pumpfun,gmgn_launchpad_smart,197,8DGbkGgQewL9mx4aXzZCUChr7hBVXvPK9fYqSqc7Ajpn,25107.178099146684,https://github.com/nirholas/kol-quest/blob/main/site/data/solwallets.json,GMGN Solana launchpad_smart snapshot captured 2026-03-09 (kol-quest interceptor); realized_profit_30d USD; txs_30d=4737
pumpfun,gmgn_launchpad_smart,198,5JKuCasyk9JbMrf6mRynr5XQXX9CVQQ3yv6MGDCsRJvJ,25070.056211439456,https://github.com/nirholas/kol-quest/blob/main/site/data/solwallets.json,GMGN Solana launchpad_smart snapshot captured 2026-03-09 (kol-quest interceptor); realized_profit_30d USD; txs_30d=3895
pumpfun,gmgn_launchpad_smart,199,75GMVrr2xfgAeybuNg1VMHqFE3GTFJLzEHo6xC4MwUzF,25011.61022251387,https://github.com/nirholas/kol-quest/blob/main/site/data/solwallets.json,GMGN Solana launchpad_smart snapshot captured 2026-03-09 (kol-quest interceptor); realized_profit_30d USD; txs_30d=1753
pumpfun,gmgn_launchpad_smart,200,GgbCFRHHAPv5i1fqt1D1buf8FPNA31oKrkZvXDyZymsT,24984.188023164777,https://github.com/nirholas/kol-quest/blob/main/site/data/solwallets.json,GMGN Solana launchpad_smart snapshot captured 2026-03-09 (kol-quest interceptor); realized_profit_30d USD; txs_30d=10097
pumpfun,gmgn_launchpad_smart,201,CUq1PMDoQdiQo3j2HTkzg89yn1tPPxYEMZVKKKZhDTp5,24827.32854400862,https://github.com/nirholas/kol-quest/blob/main/site/data/solwallets.json,GMGN Solana launchpad_smart snapshot captured 2026-03-09 (kol-quest interceptor); realized_profit_30d USD; txs_30d=1264
pumpfun,gmgn_launchpad_smart,202,AT6BxULgoH8Koo9PhNNLTKkhJMU8ErJ1qFVjzaX94ZnN,24794.89888145554,https://github.com/nirholas/kol-quest/blob/main/site/data/solwallets.json,GMGN Solana launchpad_smart snapshot captured 2026-03-09 (kol-quest interceptor); realized_profit_30d USD; txs_30d=1601
pumpfun,gmgn_launchpad_smart,203,catK9v3gp2dd32bkUxDEst4BarwDoCL3pkFfVoVjcgi,24701.497713819765,https://github.com/nirholas/kol-quest/blob/main/site/data/solwallets.json,GMGN Solana launchpad_smart snapshot captured 2026-03-09 (kol-quest interceptor); realized_profit_30d USD; txs_30d=2865
pumpfun,gmgn_launchpad_smart,204,J485YzQjuJPLYoFEYjrjxd7NAoLHTiyUU63JwK7kLxRr,24529.85869413708,https://github.com/nirholas/kol-quest/blob/main/site/data/solwallets.json,GMGN Solana launchpad_smart snapshot captured 2026-03-09 (kol-quest interceptor); realized_profit_30d USD; txs_30d=3713
pumpfun,gmgn_launchpad_smart,205,FjkwfPK91zbRKNZVRBEhz99EdjF46ytW8E95djHdG4RX,24340.93483534931,https://github.com/nirholas/kol-quest/blob/main/site/data/solwallets.json,GMGN Solana launchpad_smart snapshot captured 2026-03-09 (kol-quest interceptor); realized_profit_30d USD; txs_30d=1726
pumpfun,pumpfun_pnl_leaderboard,206,69L2WTNnoERpAajxRsMudiMRSQf49GQA9JsDncdVBG6M,24105.571227411987,https://frontend-api-v3.pump.fun/pnl-leaderboard?period=weekly,pump.fun public PnL leaderboard 7d (on-site rank 61 is by net pnlUsd=47363.21295250417; stored value is realizedPnlUsd). username=MojoDojoBros
pumpfun,gmgn_launchpad_smart,207,5zwN9NQei4fctQ8AfEk67PVoH1jSCSYCpfYkeamkpznj,23301.520824690288,https://github.com/nirholas/kol-quest/blob/main/site/data/solwallets.json,GMGN Solana launchpad_smart snapshot captured 2026-03-09 (kol-quest interceptor); realized_profit_30d USD; txs_30d=1192
pumpfun,gmgn_launchpad_smart,208,q4fQ3ajnoZjCu2rx15zZvbt8BK3FfnCHTeFJUGPLmt1,23269.37508966291,https://github.com/nirholas/kol-quest/blob/main/site/data/solwallets.json,GMGN Solana launchpad_smart snapshot captured 2026-03-09 (kol-quest interceptor); realized_profit_30d USD; txs_30d=11292
pumpfun,gmgn_launchpad_smart,209,EGoc9pvePyRBTZPpK8Er2od9UTUv6TkUW5QdBm4jccyB,23167.808455419028,https://github.com/nirholas/kol-quest/blob/main/site/data/solwallets.json,GMGN Solana launchpad_smart snapshot captured 2026-03-09 (kol-quest interceptor); realized_profit_30d USD; txs_30d=511
pumpfun,gmgn_launchpad_smart,210,DNio5ketGczp2dsB3jJCm3XNsRETaAM87q3YVMPA5F9z,23167.109276747065,https://github.com/nirholas/kol-quest/blob/main/site/data/solwallets.json,GMGN Solana launchpad_smart snapshot captured 2026-03-09 (kol-quest interceptor); realized_profit_30d USD; txs_30d=8399
pumpfun,gmgn_launchpad_smart,211,BSRfpjG5ei1aAWG3X92ZYE1AsGZDzuXDMdZbxXX6z4Wv,22824.602171526938,https://github.com/nirholas/kol-quest/blob/main/site/data/solwallets.json,GMGN Solana launchpad_smart snapshot captured 2026-03-09 (kol-quest interceptor); realized_profit_30d USD; txs_30d=11368
pumpfun,pumpfun_pnl_leaderboard,212,DE9pkgHPrhqk7fLybvK5nVoQFJ24LhhmjEp9o7Azdx4V,22771.199355992092,https://frontend-api-v3.pump.fun/pnl-leaderboard?period=weekly,pump.fun public PnL leaderboard 7d (on-site rank 80 is by net pnlUsd=36569.004158849064; stored value is realizedPnlUsd). username=y4su0
pumpfun,gmgn_launchpad_smart,213,7RHyeNJDks7BgRV1mSvdtcqVKYow8NZTUqvjCmZA1AjS,22431.660853485897,https://github.com/nirholas/kol-quest/blob/main/site/data/solwallets.json,GMGN Solana launchpad_smart snapshot captured 2026-03-09 (kol-quest interceptor); realized_profit_30d USD; txs_30d=1332
pumpfun,gmgn_launchpad_smart,214,HtQcCSsdLCK3dzEADTck3sDGhtJRk9pTd9yz6wAfTGTc,22221.38081817045,https://github.com/nirholas/kol-quest/blob/main/site/data/solwallets.json,GMGN Solana launchpad_smart snapshot captured 2026-03-09 (kol-quest interceptor); realized_profit_30d USD; txs_30d=1287
pumpfun,pumpfun_pnl_leaderboard,215,72Ynf335QktDvdFEwNHJqoYmzGQpTzmj6wfZuB4puBGT,21850.024163472845,https://frontend-api-v3.pump.fun/pnl-leaderboard?period=weekly,pump.fun public PnL leaderboard 7d (on-site rank 22 is by net pnlUsd=86171.16831281499; stored value is realizedPnlUsd). username=serpintaxt
pumpfun,gmgn_launchpad_smart,216,3cvqcYniFgLv5xG1Dftb5zdYQyyenjcrfjCRG9jqf1T1,19920.946896966627,https://github.com/nirholas/kol-quest/blob/main/site/data/solwallets.json,GMGN Solana launchpad_smart snapshot captured 2026-03-09 (kol-quest interceptor); realized_profit_30d USD; txs_30d=1933
pumpfun,pumpfun_pnl_leaderboard,217,EsWPRA4dhxJ7eQmmt3Ti7J2sNk9E6y3KibCVw7DpYEpz,19731.261132632924,https://frontend-api-v3.pump.fun/pnl-leaderboard?period=weekly,pump.fun public PnL leaderboard 7d (on-site rank 90 is by net pnlUsd=33528.87557327639; stored value is realizedPnlUsd). username=Wolfie_On_Sol
pumpfun,pumpfun_mayhem,218,9YdtQaDhsNwxSJaZ39HLCCMCVjgMNQscbd9f3UbqmFfB,19716.863485105783,https://frontend-api-v3.pump.fun/mayhem/top-traders?window=7d,pump.fun Mayhem top traders 7d by realisedPnlUsd; winRate=0.2297 volumeUsd=204360.12403911413
pumpfun,gmgn_launchpad_smart,219,6P7CnmFbHB2Bs2ze6r7Jdakte4VT9TW1kDcmpwArjw7i,19536.16365232663,https://github.com/nirholas/kol-quest/blob/main/site/data/solwallets.json,GMGN Solana launchpad_smart snapshot captured 2026-03-09 (kol-quest interceptor); realized_profit_30d USD; txs_30d=677
pumpfun,gmgn_launchpad_smart,220,FSAmbD6jm6SZZQadSJeC1paX3oTtAiY9hTx1UYzVoXqj,19339.120908456727,https://github.com/nirholas/kol-quest/blob/main/site/data/solwallets.json,GMGN Solana launchpad_smart snapshot captured 2026-03-09 (kol-quest interceptor); realized_profit_30d USD; txs_30d=628
pumpfun,gmgn_launchpad_smart,221,6eZ5nZpgyYgjRPcJvormHFVgp6e9q5KtSBKT7kwcEmH7,18679.96657110302,https://github.com/nirholas/kol-quest/blob/main/site/data/solwallets.json,GMGN Solana launchpad_smart snapshot captured 2026-03-09 (kol-quest interceptor); realized_profit_30d USD; txs_30d=429
pumpfun,pumpfun_pnl_leaderboard,222,3kDGnCvAmUF3EjdbMkF42ocL1SStNDKxaUNPA1WpRf5z,18622.371792121565,https://frontend-api-v3.pump.fun/pnl-leaderboard?period=weekly,pump.fun public PnL leaderboard 7d (on-site rank 62 is by net pnlUsd=46543.123713629255; stored value is realizedPnlUsd). username=_smokey
pumpfun,gmgn_launchpad_smart,223,67Nwfi9hgwqhxGoovT2JGLU67uxfomLwQAWncjXXzU6U,18493.303152861758,https://github.com/nirholas/kol-quest/blob/main/site/data/solwallets.json,GMGN Solana launchpad_smart snapshot captured 2026-03-09 (kol-quest interceptor); realized_profit_30d USD; txs_30d=5910
pumpfun,gmgn_launchpad_smart,224,9QF9hmdrUyMzkvZBmYvHarR6rG31EitzQv3dKEQVF723,18088.698897507973,https://github.com/nirholas/kol-quest/blob/main/site/data/solwallets.json,GMGN Solana launchpad_smart snapshot captured 2026-03-09 (kol-quest interceptor); realized_profit_30d USD; txs_30d=5764
pumpfun,pumpfun_mayhem,225,JDd3hy3gQn2V982mi1zqhNqUw1GfV2UL6g76STojCJPN,18066.350867441088,https://frontend-api-v3.pump.fun/mayhem/top-traders?window=7d,pump.fun Mayhem top traders 7d by realisedPnlUsd; winRate=0.3869 volumeUsd=1298420.2599711337
pumpfun,pumpfun_pnl_leaderboard,226,FL4j8EEMAPUjrvASnqX7VdpWZJji1LFsAxwojhpueUYt,17479.87919003854,https://frontend-api-v3.pump.fun/pnl-leaderboard?period=weekly,pump.fun public PnL leaderboard 7d (on-site rank 70 is by net pnlUsd=39411.78389501322; stored value is realizedPnlUsd). username=bizzy
pumpfun,pumpfun_pnl_leaderboard,227,EtyHwLDfAi9E24Qw41xFUW8WtQ3NxajxJA2yaaUASR5a,17474.28619504173,https://frontend-api-v3.pump.fun/pnl-leaderboard?period=daily,pump.fun public PnL leaderboard 24h (on-site rank 79 is by net pnlUsd=17812.86293147555; stored value is realizedPnlUsd). username=DameWebThree
pumpfun,pumpfun_pnl_leaderboard,228,BxMvZfRDREfLMZMaUdz9p9gHyk7QkXGZN8igqZeFniPd,16501.897251403003,https://frontend-api-v3.pump.fun/pnl-leaderboard?period=monthly,pump.fun public PnL leaderboard 30d (on-site rank 88 is by net pnlUsd=129341.12777834355; stored value is realizedPnlUsd). username=akinwhale46226
pumpfun,gmgn_launchpad_smart,229,6gscYx2E71DEEJpu2LLZTkXKXPDbPatJHEmKKJjGuCPT,16366.595012401569,https://github.com/nirholas/kol-quest/blob/main/site/data/solwallets.json,GMGN Solana launchpad_smart snapshot captured 2026-03-09 (kol-quest interceptor); realized_profit_30d USD; txs_30d=468
pumpfun,gmgn_launchpad_smart,230,2MbdFYTJZTLcCYpJh6HEKVy9eY2X46mrF3Y2VroAD3Xd,16280.512054201967,https://github.com/nirholas/kol-quest/blob/main/site/data/solwallets.json,GMGN Solana launchpad_smart snapshot captured 2026-03-09 (kol-quest interceptor); realized_profit_30d USD; txs_30d=1172
pumpfun,gmgn_launchpad_smart,231,HVLzZzvVZq15bMEQ166pwa7wDKG12r2oew2K8yonQDJb,16066.67216297965,https://github.com/nirholas/kol-quest/blob/main/site/data/solwallets.json,GMGN Solana launchpad_smart snapshot captured 2026-03-09 (kol-quest interceptor); realized_profit_30d USD; txs_30d=801
pumpfun,gmgn_launchpad_smart,232,Ef5V791gyNVznWjorST6wHDQVrDKGhKKVfrRQ1ohZEjm,15901.423311911221,https://github.com/nirholas/kol-quest/blob/main/site/data/solwallets.json,GMGN Solana launchpad_smart snapshot captured 2026-03-09 (kol-quest interceptor); realized_profit_30d USD; txs_30d=6687
pumpfun,gmgn_launchpad_smart,233,4sgd7efDkAWuZWE9BYHLyXHuPu8V8DmvvZro45BN8mdm,15313.98132730425,https://github.com/nirholas/kol-quest/blob/main/site/data/solwallets.json,GMGN Solana launchpad_smart snapshot captured 2026-03-09 (kol-quest interceptor); realized_profit_30d USD; txs_30d=827
pumpfun,pumpfun_mayhem,234,5cytp5CRc34XfbFFfoBafFRdxmAUjERgrqqfKJiy2cF5,15240.896696496924,https://frontend-api-v3.pump.fun/mayhem/top-traders?window=7d,pump.fun Mayhem top traders 7d by realisedPnlUsd; winRate=0.375 volumeUsd=371318.2410156971
pumpfun,gmgn_launchpad_smart,235,3xGezFkC4hxLLa11KJ7C2HfvHukmukprrAQa29zUy1rd,15052.857037445956,https://github.com/nirholas/kol-quest/blob/main/site/data/solwallets.json,GMGN Solana launchpad_smart snapshot captured 2026-03-09 (kol-quest interceptor); realized_profit_30d USD; txs_30d=5376
pumpfun,gmgn_launchpad_smart,236,85JtN9GgQGc1joV1WFvSAq59tm3DMG4ZNYnPqR1y4fKz,14674.132844012596,https://github.com/nirholas/kol-quest/blob/main/site/data/solwallets.json,GMGN Solana launchpad_smart snapshot captured 2026-03-09 (kol-quest interceptor); realized_profit_30d USD; txs_30d=1184
pumpfun,gmgn_launchpad_smart,237,DKtCHXT1X3P9ZqSSRVsntxwZJNkXsdtmVtyisuQM1D9J,14526.294850476204,https://github.com/nirholas/kol-quest/blob/main/site/data/solwallets.json,GMGN Solana launchpad_smart snapshot captured 2026-03-09 (kol-quest interceptor); realized_profit_30d USD; txs_30d=3672
pumpfun,pumpfun_pnl_leaderboard,238,4UrFSCrGxgoCtCUBAEZq7ZmPK3Pczkxx7PwYnkBMi1KR,14449.973260297964,https://frontend-api-v3.pump.fun/pnl-leaderboard?period=monthly,pump.fun public PnL leaderboard 30d (on-site rank 2 is by net pnlUsd=3083670.0458131875; stored value is realizedPnlUsd). username=J777Crypto
pumpfun,pumpfun_pnl_leaderboard,239,6CpipySaXTAiUKDyyhWeCfYSMQLCiHrbCN1WvRv5s8kF,14430.12298660886,https://frontend-api-v3.pump.fun/pnl-leaderboard?period=weekly,pump.fun public PnL leaderboard 7d (on-site rank 55 is by net pnlUsd=51231.968796996; stored value is realizedPnlUsd). username=ronaldcarter
pumpfun,pumpfun_pnl_leaderboard,240,8xEb5Ty6TzM1xZqe2GPHGmP7b4dsXVRJ7FPGn36xU6er,13905.35399772666,https://frontend-api-v3.pump.fun/pnl-leaderboard?period=daily,pump.fun public PnL leaderboard 24h (on-site rank 35 is by net pnlUsd=33494.13107201323; stored value is realizedPnlUsd). username=JSXAW
pumpfun,pumpfun_pnl_leaderboard,241,8953xsCX2M5unADjuTGruB2qBjhehVLSrw7Y1kAAwMQr,13761.546068726013,https://frontend-api-v3.pump.fun/pnl-leaderboard?period=weekly,pump.fun public PnL leaderboard 7d (on-site rank 99 is by net pnlUsd=31209.208952583806; stored value is realizedPnlUsd). username=Glaceon
pumpfun,gmgn_launchpad_smart,242,A8HoBuqtC95LrfNiCLMYMhgxr3oXQz3J9kbp7rudub3X,13478.90194593021,https://github.com/nirholas/kol-quest/blob/main/site/data/solwallets.json,GMGN Solana launchpad_smart snapshot captured 2026-03-09 (kol-quest interceptor); realized_profit_30d USD; txs_30d=619
pumpfun,pumpfun_pnl_leaderboard,243,BdW6BipGARwsrBc4kLzBhwWQUBuC3YchesSxSqSbVWxT,12788.877515777753,https://frontend-api-v3.pump.fun/pnl-leaderboard?period=weekly,pump.fun public PnL leaderboard 7d (on-site rank 39 is by net pnlUsd=62646.23939146473; stored value is realizedPnlUsd). username=gnometoshii
pumpfun,gmgn_launchpad_smart,244,FJLKp5aWcMf2nYSoLZ3tB1bfwbrr8VqHEyU498ytb6ky,12584.340800456319,https://github.com/nirholas/kol-quest/blob/main/site/data/solwallets.json,GMGN Solana launchpad_smart snapshot captured 2026-03-09 (kol-quest interceptor); realized_profit_30d USD; txs_30d=2023
pumpfun,gmgn_launchpad_smart,245,DetXn4fLxAaQdHrU9S7MB8FCZ5fnhWMMrit9XNSQvqfP,12574.19679764262,https://github.com/nirholas/kol-quest/blob/main/site/data/solwallets.json,GMGN Solana launchpad_smart snapshot captured 2026-03-09 (kol-quest interceptor); realized_profit_30d USD; txs_30d=469
pumpfun,gmgn_launchpad_smart,246,82L7gxfxpyNYLLgzTuZRFjqzS7tfRmc4Qbk8mkrYyLZx,12111.202958330936,https://github.com/nirholas/kol-quest/blob/main/site/data/solwallets.json,GMGN Solana launchpad_smart snapshot captured 2026-03-09 (kol-quest interceptor); realized_profit_30d USD; txs_30d=2712
pumpfun,gmgn_launchpad_smart,247,FQnELBjz8eCCAeLZYrH72Q8BEr946mF721hgs2SMb6NL,11688.41714862638,https://github.com/nirholas/kol-quest/blob/main/site/data/solwallets.json,GMGN Solana launchpad_smart snapshot captured 2026-03-09 (kol-quest interceptor); realized_profit_30d USD; txs_30d=2847
pumpfun,gmgn_launchpad_smart,248,GcKPhDiVECLcrrvR7GTpoqqgLhRXYdsBP6FYEouaNzVv,11618.130367183883,https://github.com/nirholas/kol-quest/blob/main/site/data/solwallets.json,GMGN Solana launchpad_smart snapshot captured 2026-03-09 (kol-quest interceptor); realized_profit_30d USD; txs_30d=1036
pumpfun,gmgn_launchpad_smart,249,5JACf5s4RFxqhKko4c4zsASrgHZi99K7qBBRv3PvtRx3,11499.131490407219,https://github.com/nirholas/kol-quest/blob/main/site/data/solwallets.json,GMGN Solana launchpad_smart snapshot captured 2026-03-09 (kol-quest interceptor); realized_profit_30d USD; txs_30d=3636
pumpfun,pumpfun_pnl_leaderboard,250,4yb93XcR5FgV2WLDCpYo3hQYDBsnheSV3rGtvP54jXvk,11347.483859980108,https://frontend-api-v3.pump.fun/pnl-leaderboard?period=weekly,pump.fun public PnL leaderboard 7d (on-site rank 13 is by net pnlUsd=112327.66217499104; stored value is realizedPnlUsd). username=aki11a
pumpfun,pumpfun_pnl_leaderboard,251,7Wku1wCWqEHt2EoXN33MMUrddAScrNrAuiRch8htd3DF,11056.757069471856,https://frontend-api-v3.pump.fun/pnl-leaderboard?period=weekly,pump.fun public PnL leaderboard 7d (on-site rank 88 is by net pnlUsd=34507.36009354648; stored value is realizedPnlUsd). username=lefou_
pumpfun,gmgn_launchpad_smart,252,1eVJEETj9weYsCcSTApgUSfbquik8Cxwsk8q94VcKf2,10700.80711756606,https://github.com/nirholas/kol-quest/blob/main/site/data/solwallets.json,GMGN Solana launchpad_smart snapshot captured 2026-03-09 (kol-quest interceptor); realized_profit_30d USD; txs_30d=2647
pumpfun,pumpfun_mayhem,253,tAg2tgyHmkGTsmq8wBSKsGvUUgoH37cxmCfRUZSXdtB,10588.56368672864,https://frontend-api-v3.pump.fun/mayhem/top-traders?window=7d,pump.fun Mayhem top traders 7d by realisedPnlUsd; winRate=1 volumeUsd=36408.452500712665
pumpfun,gmgn_launchpad_smart,254,5Pr7D2d5WUM7j8fMF36DuzVDDGEHLtYsF7a6ezyzFG19,10331.23857709041,https://github.com/nirholas/kol-quest/blob/main/site/data/solwallets.json,GMGN Solana launchpad_smart snapshot captured 2026-03-09 (kol-quest interceptor); realized_profit_30d USD; txs_30d=3520
pumpfun,gmgn_launchpad_smart,255,BwXDyyHxeX62ae29octS8btpZqMDi2YzjiFyJTBhxyK4,10323.944205357067,https://github.com/nirholas/kol-quest/blob/main/site/data/solwallets.json,GMGN Solana launchpad_smart snapshot captured 2026-03-09 (kol-quest interceptor); realized_profit_30d USD; txs_30d=4591
pumpfun,gmgn_launchpad_smart,256,5XibRE2Ms5XaSrsAjieye3Lhs2s2cdyoH1YpDRM5EBwf,10249.115093796754,https://github.com/nirholas/kol-quest/blob/main/site/data/solwallets.json,GMGN Solana launchpad_smart snapshot captured 2026-03-09 (kol-quest interceptor); realized_profit_30d USD; txs_30d=351
pumpfun,pumpfun_pnl_leaderboard,257,8d1xm25XWhSbJws1fXFr5GNcxgRsAeTAywg26AtsuFwt,10171.340596392902,https://frontend-api-v3.pump.fun/pnl-leaderboard?period=daily,pump.fun public PnL leaderboard 24h (on-site rank 81 is by net pnlUsd=17508.10035401255; stored value is realizedPnlUsd). username=bundorekt
pumpfun,pumpfun_pnl_leaderboard,258,7QsRjSy9hiWYnEwSaWKjDcV4Zik1VJSCYt89amPsL6gB,9899.332156440492,https://frontend-api-v3.pump.fun/pnl-leaderboard?period=weekly,pump.fun public PnL leaderboard 7d (on-site rank 96 is by net pnlUsd=31504.91749660786; stored value is realizedPnlUsd). username=XillzCrypto
pumpfun,gmgn_launchpad_smart,259,69v28h3M96HoS7Qr59BYKCRhHmobGkTYWjxzwNusriVJ,9815.333117734,https://github.com/nirholas/kol-quest/blob/main/site/data/solwallets.json,GMGN Solana launchpad_smart snapshot captured 2026-03-09 (kol-quest interceptor); realized_profit_30d USD; txs_30d=2775
pumpfun,pumpfun_pnl_leaderboard,260,D4dhL9p2FLAxWTGTC7KH82HKuojavoksBqixDRpLFEUJ,9570.140658949176,https://frontend-api-v3.pump.fun/pnl-leaderboard?period=daily,pump.fun public PnL leaderboard 24h (on-site rank 83 is by net pnlUsd=17247.026859322337; stored value is realizedPnlUsd). username=BoomPerfectDuke
pumpfun,pumpfun_pnl_leaderboard,261,AQ46kfYT3hW28Xg5gWHrJkzFSz1oGWBHC3FsTbqgMEco,9116.058171572779,https://frontend-api-v3.pump.fun/pnl-leaderboard?period=daily,pump.fun public PnL leaderboard 24h (on-site rank 39 is by net pnlUsd=30323.591706738578; stored value is realizedPnlUsd). username=Yug1_tm
pumpfun,gmgn_launchpad_smart,262,AGqjivJr1dSv73TVUvdtqAwogzmThzvYMVXjGWg2FYLm,8916.012287628006,https://github.com/nirholas/kol-quest/blob/main/site/data/solwallets.json,GMGN Solana launchpad_smart snapshot captured 2026-03-09 (kol-quest interceptor); realized_profit_30d USD; txs_30d=4683
pumpfun,gmgn_launchpad_smart,263,8nDbbXEnHLc6q6dzgwSqLEM1ZGKr1nzpdLwaxPbhArHS,8659.29331410896,https://github.com/nirholas/kol-quest/blob/main/site/data/solwallets.json,GMGN Solana launchpad_smart snapshot captured 2026-03-09 (kol-quest interceptor); realized_profit_30d USD; txs_30d=626
pumpfun,pumpfun_pnl_leaderboard,264,AVHR6Zedgq5qGPaAZYf9dfS4hHXed17NSh3t5ShNPkzA,8617.008953257027,https://frontend-api-v3.pump.fun/pnl-leaderboard?period=monthly,pump.fun public PnL leaderboard 30d (on-site rank 81 is by net pnlUsd=137930.76550645736; stored value is realizedPnlUsd). username=CatoshiNakameme
pumpfun,pumpfun_pnl_leaderboard,265,Gh4YgP7RqtPZx87y88MB4bTWY1TJ2XMLp4itqUMHR83y,8535.168883058057,https://frontend-api-v3.pump.fun/pnl-leaderboard?period=monthly,pump.fun public PnL leaderboard 30d (on-site rank 61 is by net pnlUsd=173940.1692053132; stored value is realizedPnlUsd). username=yumiebb
pumpfun,gmgn_launchpad_smart,266,QzReywfw2n6UDz889wamKknT2AqcHue5hzhxfoZLNFA,8350.126663386158,https://github.com/nirholas/kol-quest/blob/main/site/data/solwallets.json,GMGN Solana launchpad_smart snapshot captured 2026-03-09 (kol-quest interceptor); realized_profit_30d USD; txs_30d=4105
pumpfun,pumpfun_mayhem,267,13rMKjaMmjEJzvevoT5XwtivwoAzXay9dbNhdU15f5ZH,8338.411912764857,https://frontend-api-v3.pump.fun/mayhem/top-traders?window=7d,pump.fun Mayhem top traders 7d by realisedPnlUsd; winRate=0.4 volumeUsd=265182.6712568613
pumpfun,gmgn_launchpad_smart,268,EcwQsghHymYvuwN2brEqEE2MYqZFAuVELuB9EpEQuXyR,8240.182538552874,https://github.com/nirholas/kol-quest/blob/main/site/data/solwallets.json,GMGN Solana launchpad_smart snapshot captured 2026-03-09 (kol-quest interceptor); realized_profit_30d USD; txs_30d=3239
pumpfun,pumpfun_pnl_leaderboard,269,C5FXTcQhn2cfWLA25rLznywy79uqnaX434QrvGtQAnuv,8198.422050166902,https://frontend-api-v3.pump.fun/pnl-leaderboard?period=weekly,pump.fun public PnL leaderboard 7d (on-site rank 59 is by net pnlUsd=47596.40849905838; stored value is realizedPnlUsd). username=Orly____
pumpfun,pumpfun_mayhem,270,4xqG4ZFbM7MG1wEhYVkiYGqYYPXGV5KgVqqSDAmWe81x,8125.298215133634,https://frontend-api-v3.pump.fun/mayhem/top-traders?window=7d,pump.fun Mayhem top traders 7d by realisedPnlUsd; winRate=0.443 volumeUsd=517366.49533057143
pumpfun,pumpfun_pnl_leaderboard,271,BM4z8XWwCJNM7nkeLE7hjVe3sYhkaLqavLbaZxaiQ8Rm,8022.761888105878,https://frontend-api-v3.pump.fun/pnl-leaderboard?period=daily,pump.fun public PnL leaderboard 24h (on-site rank 82 is by net pnlUsd=17465.165933956545; stored value is realizedPnlUsd). username=_opensecret
pumpfun,gmgn_launchpad_smart,272,CtYnpLf2o5nj3R3yV6ZtPKbm2ujRmNC5sMq1kPjmZ31K,7910.998885646814,https://github.com/nirholas/kol-quest/blob/main/site/data/solwallets.json,GMGN Solana launchpad_smart snapshot captured 2026-03-09 (kol-quest interceptor); realized_profit_30d USD; txs_30d=3271
pumpfun,gmgn_launchpad_smart,273,nTFVBvHs8S1YYfaXKsHkc123uMaMEP7XGcwhfAj7hEu,7758.783635750137,https://github.com/nirholas/kol-quest/blob/main/site/data/solwallets.json,GMGN Solana launchpad_smart snapshot captured 2026-03-09 (kol-quest interceptor); realized_profit_30d USD; txs_30d=3265
pumpfun,pumpfun_mayhem,274,Hx44ecKZzK2UqZfVSxBp6B46jLBc2KGUwp4x9bLoR9GJ,7349.085043806642,https://frontend-api-v3.pump.fun/mayhem/top-traders?window=7d,pump.fun Mayhem top traders 7d by realisedPnlUsd; winRate=0.525 volumeUsd=180397.4243262788
pumpfun,pumpfun_pnl_leaderboard,275,C7abt7Qk6giqzG3G7PuVfvPio2H4u6QiYTJiiutdnX4M,7256.636833901055,https://frontend-api-v3.pump.fun/pnl-leaderboard?period=daily,pump.fun public PnL leaderboard 24h (on-site rank 76 is by net pnlUsd=18946.182596527957; stored value is realizedPnlUsd). username=rozriches
pumpfun,pumpfun_mayhem,276,6ATnpbwa43DtscAWjiR3uh5bEfpc4mhFpF42F5a5f68T,7123.797555740261,https://frontend-api-v3.pump.fun/mayhem/top-traders?window=7d,pump.fun Mayhem top traders 7d by realisedPnlUsd; winRate=0.3723 volumeUsd=1984979.88352864
pumpfun,pumpfun_mayhem,277,2wrQYMcpiz9szw1sXucgHZPryRsstWTZ7FzzA8EkZ5qU,7093.399038082305,https://frontend-api-v3.pump.fun/mayhem/top-traders?window=7d,pump.fun Mayhem top traders 7d by realisedPnlUsd; winRate=0.4 volumeUsd=42717.79282160131
pumpfun,pumpfun_mayhem,278,9pCMJVCb85p9dt7174gUouvsz8mnKBpur7kbWUkrBgER,6648.024959472643,https://frontend-api-v3.pump.fun/mayhem/top-traders?window=7d,pump.fun Mayhem top traders 7d by realisedPnlUsd; winRate=0.661 volumeUsd=177510.58110595815
pumpfun,pumpfun_mayhem,279,Aeg9rNNqNPw6qQ2RgzBHvz25AF1fPqiVBKupd6YQNZmT,6232.708395753867,https://frontend-api-v3.pump.fun/mayhem/top-traders?window=7d,pump.fun Mayhem top traders 7d by realisedPnlUsd; winRate=0.9091 volumeUsd=11215.717130368073
pumpfun,pumpfun_mayhem,280,BaAyxedGtC5qKRpKbhnP5d2Eh4ymCAXN5FNTq56713VG,6224.857227723322,https://frontend-api-v3.pump.fun/mayhem/top-traders?window=7d,pump.fun Mayhem top traders 7d by realisedPnlUsd; winRate=0.6678 volumeUsd=161514.2828487244
pumpfun,pumpfun_mayhem,281,CrVW9jpbbKssWULzncQtf31rSxvzJwPe56zg2o65sjA7,5512.929445748602,https://frontend-api-v3.pump.fun/mayhem/top-traders?window=7d,pump.fun Mayhem top traders 7d by realisedPnlUsd; winRate=0.4642 volumeUsd=211264.2679046493
pumpfun,pumpfun_mayhem,282,kurtzsJgumEfUpyNTdKNHUknsR5WbNzPCvFzzB2jb6i,4742.703107283605,https://frontend-api-v3.pump.fun/mayhem/top-traders?window=7d,pump.fun Mayhem top traders 7d by realisedPnlUsd; winRate=0.5238 volumeUsd=84332.53474964807
pumpfun,pumpfun_mayhem,283,777xxyJENPDJkKFiZjJgfP7jAV3tVoiysXqgkn7ewFYu,4693.857644881574,https://frontend-api-v3.pump.fun/mayhem/top-traders?window=7d,pump.fun Mayhem top traders 7d by realisedPnlUsd; winRate=1 volumeUsd=9373.46892000206
pumpfun,pumpfun_mayhem,284,9z3SYLFaRMr7M5dC7F8DbaaGkMxaCofLYm6YvEmUqPan,4599.720422568175,https://frontend-api-v3.pump.fun/mayhem/top-traders?window=7d,pump.fun Mayhem top traders 7d by realisedPnlUsd; winRate=0.4118 volumeUsd=20491.095185501923
pumpfun,pumpfun_mayhem,285,ALiRQQjiJtfT44VcgLCur12oftvcSjnbUhZJJMPCxyi9,4234.706929922644,https://frontend-api-v3.pump.fun/mayhem/top-traders?window=7d,pump.fun Mayhem top traders 7d by realisedPnlUsd; winRate=0.3864 volumeUsd=309468.07167842326
pumpfun,kolscan_pump_app,286,3L8RAxLkvwkz4CgHivaVRtq19741FAdGLk5DgjRfc1fW,4234.153231912755,https://github.com/nirholas/kol-quest/blob/main/site/data/kolscan-leaderboard.json,Kolscan Pump-app KOL snapshot (committed 2026-04-09); timeframe=30d profit_sol=34.7234228042439 converted at sol_usd=121.939397; name=Inquixit
pumpfun,pumpfun_mayhem,287,DeFG8i8zoJ3hN155nmvLq266ZVxWmNgRaTz5KQVHfe2S,4175.165342139226,https://frontend-api-v3.pump.fun/mayhem/top-traders?window=7d,pump.fun Mayhem top traders 7d by realisedPnlUsd; winRate=0.5242 volumeUsd=66976.58300513824
pumpfun,pumpfun_pnl_leaderboard,288,BGSecfpdtCSa5xLfjYkmXKtzJgaUxpdLAsCiNkbxVm8o,4159.431994760008,https://frontend-api-v3.pump.fun/pnl-leaderboard?period=weekly,pump.fun public PnL leaderboard 7d (on-site rank 12 is by net pnlUsd=116643.24227864704; stored value is realizedPnlUsd). username=punter
pumpfun,kolscan_pump_app,289,9cdZg6xR4c9kZiqKSzqjn4QHCXNQuC9HEWBzzMJ3mzqw,4112.944125573961,https://github.com/nirholas/kol-quest/blob/main/site/data/kolscan-leaderboard.json,Kolscan Pump-app KOL snapshot (committed 2026-04-09); timeframe=30d profit_sol=33.7294117667111 converted at sol_usd=121.939397; name=Pikalosi
pumpfun,kolscan_pump_app,290,2T5NgDDidkvhJQg8AHDi74uCFwgp25pYFMRZXBaCUNBH,3980.500418144721,https://github.com/nirholas/kol-quest/blob/main/site/data/kolscan-leaderboard.json,Kolscan Pump-app KOL snapshot (committed 2026-04-09); timeframe=30d profit_sol=32.6432680683288 converted at sol_usd=121.939397; name=Idontpaytaxes
pumpfun,pumpfun_pnl_leaderboard,291,2PYV6pHDEC4Bry9VMAL4FEVC3bSRsqGqSeiW9us9ibo2,3947.861708774475,https://frontend-api-v3.pump.fun/pnl-leaderboard?period=daily,pump.fun public PnL leaderboard 24h (on-site rank 58 is by net pnlUsd=23909.808577447096; stored value is realizedPnlUsd). username=RisitasEngineer
pumpfun,pumpfun_mayhem,292,HcwFhksAgNWvXJrb1W2BdPCU8rP8vVWwJJ7EnqWNANwF,3862.5988776416475,https://frontend-api-v3.pump.fun/mayhem/top-traders?window=7d,pump.fun Mayhem top traders 7d by realisedPnlUsd; winRate=0.7027 volumeUsd=79924.47532314983
pumpfun,kolscan_pump_app,293,4xY9T1Q7foJzJsJ6YZDSsfp9zkzeZsXnxd45SixduMmr,3826.071232789597,https://github.com/nirholas/kol-quest/blob/main/site/data/kolscan-leaderboard.json,Kolscan Pump-app KOL snapshot (committed 2026-04-09); timeframe=30d profit_sol=31.3768259717166 converted at sol_usd=121.939397; name=zeropnl
pumpfun,pumpfun_mayhem,294,AAPgisSsYHBE12CzrWsSDNgtMcska1hwTq1yDb418SNY,3793.3840899663082,https://frontend-api-v3.pump.fun/mayhem/top-traders?window=24h,pump.fun Mayhem top traders 24h by realisedPnlUsd; winRate=0.75 volumeUsd=54227.18618495166
pumpfun,pumpfun_mayhem,295,8UM617a26Tpc6gJWSmH9hoCtAHUkGJGv7nJiD8vDZSfy,3765.923853598396,https://frontend-api-v3.pump.fun/mayhem/top-traders?window=7d,pump.fun Mayhem top traders 7d by realisedPnlUsd; winRate=0.4 volumeUsd=183465.7351012579
pumpfun,kolscan_pump_app,296,87rRdssFiTJKY4MGARa4G5vQ31hmR7MxSmhzeaJ5AAxJ,3720.6096277900006,https://github.com/nirholas/kol-quest/blob/main/site/data/kolscan-leaderboard.json,Kolscan Pump-app KOL snapshot (committed 2026-04-09); timeframe=30d profit_sol=30.5119569649894 converted at sol_usd=121.939397; name=Dior
pumpfun,pumpfun_mayhem,297,vw14Kuv4mXsB5DvTZPemQuGXod1jAfB7MsoGCVkwtqg,3674.8449887540014,https://frontend-api-v3.pump.fun/mayhem/top-traders?window=7d,pump.fun Mayhem top traders 7d by realisedPnlUsd; winRate=1 volumeUsd=3674.8449887540014
pumpfun,pumpfun_mayhem,298,DZV2n4hFJaaErGQ9dj2XueMPtQdgCiYQqBb6Ui3hGT2F,3655.704158268205,https://frontend-api-v3.pump.fun/mayhem/top-traders?window=7d,pump.fun Mayhem top traders 7d by realisedPnlUsd; winRate=0.6667 volumeUsd=106755.87949122927
pumpfun,pumpfun_mayhem,299,BwrE88Qi6nYMHxPz4XMMZcHN5qWZjZ2BYHEcsQRo4waw,3615.3379962559675,https://frontend-api-v3.pump.fun/mayhem/top-traders?window=7d,pump.fun Mayhem top traders 7d by realisedPnlUsd; winRate=0.5082 volumeUsd=75228.43469679849
pumpfun,kolscan_pump_app,300,Ew6qBU7N34gRNgpgUwhJ3PgrtbPYpLYWLBEG5yuQTceD,3595.6017841318435,https://github.com/nirholas/kol-quest/blob/main/site/data/kolscan-leaderboard.json,Kolscan Pump-app KOL snapshot (committed 2026-04-09); timeframe=30d profit_sol=29.4867932613064 converted at sol_usd=121.939397; name=👀
pumpfun,pumpfun_mayhem,301,EuauEoSn2KJhFbz8h5WP5sTf9FY7fcEdzXybMEA6k7o3,3577.3600618651108,https://frontend-api-v3.pump.fun/mayhem/top-traders?window=7d,pump.fun Mayhem top traders 7d by realisedPnlUsd; winRate=0.4708 volumeUsd=468201.20560471184
pumpfun,pumpfun_mayhem,302,9qtoxCHwfjwKy2uLus3vtehGE7Xiybpf8mkM5gykdeWh,3523.146651114634,https://frontend-api-v3.pump.fun/mayhem/top-traders?window=7d,pump.fun Mayhem top traders 7d by realisedPnlUsd; winRate=0.4697 volumeUsd=54455.125257787266
pumpfun,pumpfun_pnl_leaderboard,303,J4hY1wpM6dZCzAbFndKUBZBEEG5yVRdP96zYnPu9dULb,3500.750899930051,https://frontend-api-v3.pump.fun/pnl-leaderboard?period=daily,pump.fun public PnL leaderboard 24h (on-site rank 55 is by net pnlUsd=24167.867234511625; stored value is realizedPnlUsd). username=supersquidspuri
pumpfun,pumpfun_mayhem,304,C4eNLxxC7XLUivghMi35YUeSfvACgnvKB18115uPUqjg,3481.7481648209323,https://frontend-api-v3.pump.fun/mayhem/top-traders?window=7d,pump.fun Mayhem top traders 7d by realisedPnlUsd; winRate=0.3547 volumeUsd=47307.646279095316
pumpfun,pumpfun_mayhem,305,CA69yCsyyTmGpi4HBE5u5udB3VVS49a5rbacCpA4Vj6q,3474.788829235123,https://frontend-api-v3.pump.fun/mayhem/top-traders?window=7d,pump.fun Mayhem top traders 7d by realisedPnlUsd; winRate=0.7273 volumeUsd=10101.500356141016
pumpfun,pumpfun_mayhem,306,ARu4n5mFdZogZAravu7CcizaojWnS6oqka37gdLT5SZn,3374.9714666760933,https://frontend-api-v3.pump.fun/mayhem/top-traders?window=7d,pump.fun Mayhem top traders 7d by realisedPnlUsd; winRate=0.5451 volumeUsd=36034.66097195349
pumpfun,pumpfun_mayhem,307,F5EhA1gJVTNhS43bbxQjLb8uGM5WW5kBRzNuRmF2T1db,3338.3597281265925,https://frontend-api-v3.pump.fun/mayhem/top-traders?window=7d,pump.fun Mayhem top traders 7d by realisedPnlUsd; winRate=0.3455 volumeUsd=50861.309358811974
pumpfun,pumpfun_mayhem,308,9hwLkUCy8fqyJ7ukL5JETeZpDyiyJCboZCyaDtn3gBY6,3328.533694995061,https://frontend-api-v3.pump.fun/mayhem/top-traders?window=7d,pump.fun Mayhem top traders 7d by realisedPnlUsd; winRate=0.5068 volumeUsd=72923.37111419022
pumpfun,kolscan_pump_app,309,EgnY4zmqXuaqodCLW366jjd2ecki6pvmMF74MkSxMFQW,3288.167159224974,https://github.com/nirholas/kol-quest/blob/main/site/data/kolscan-leaderboard.json,Kolscan Pump-app KOL snapshot (committed 2026-04-09); timeframe=30d profit_sol=26.9655849155983 converted at sol_usd=121.939397; name=Eric Cryptoman
pumpfun,pumpfun_pnl_leaderboard,310,3P3Tr5HErnSSqmNrjGXBaACxQj3NmKfi3Efbu5FuuY7i,3216.357322544535,https://frontend-api-v3.pump.fun/pnl-leaderboard?period=daily,pump.fun public PnL leaderboard 24h (on-site rank 93 is by net pnlUsd=16111.747134311834; stored value is realizedPnlUsd). username=coreyape
pumpfun,pumpfun_mayhem,311,4JVLwhQsv8E8tYUz4eCPyn6czr5A6MeE6vgzmyyojvCs,3202.14331428748,https://frontend-api-v3.pump.fun/mayhem/top-traders?window=7d,pump.fun Mayhem top traders 7d by realisedPnlUsd; winRate=1 volumeUsd=3202.14331428748
pumpfun,kolscan_pump_app,312,91sP85Ds9A4EXJ3gU3iHyLtUNJimxz8LrxRb2qhBNod9,3105.7454280899183,https://github.com/nirholas/kol-quest/blob/main/site/data/kolscan-leaderboard.json,Kolscan Pump-app KOL snapshot (committed 2026-04-09); timeframe=30d profit_sol=25.4695816885202 converted at sol_usd=121.939397; name=hood
pumpfun,pumpfun_mayhem,313,DFihBUSKbGsLWELT6i1Wv4W85VRKp9Y1R1fWFvEQcdvF,3055.891178460788,https://frontend-api-v3.pump.fun/mayhem/top-traders?window=7d,pump.fun Mayhem top traders 7d by realisedPnlUsd; winRate=0.4155 volumeUsd=113464.87783528236
pumpfun,pumpfun_pnl_leaderboard,314,ACTbvbNm5qTLuofNRPxFPMtHAAtdH1CtzhCZatYHy831,3020.1096562871717,https://frontend-api-v3.pump.fun/pnl-leaderboard?period=weekly,pump.fun public PnL leaderboard 7d (on-site rank 65 is by net pnlUsd=44447.01723965134; stored value is realizedPnlUsd). username=slidrrz
pumpfun,pumpfun_mayhem,315,BpmqDkGDfs1dgCq48HQM97uqLPYjWLWRz5RUZ1yFydZM,3002.3712790150253,https://frontend-api-v3.pump.fun/mayhem/top-traders?window=24h,pump.fun Mayhem top traders 24h by realisedPnlUsd; winRate=0.5152 volumeUsd=11340.51420068626
pumpfun,kolscan_pump_app,316,6nhskL8RVpXzWXC7mcC1UXpe3ze2p6P6og1jXVGUW88s,2962.2975121470963,https://github.com/nirholas/kol-quest/blob/main/site/data/kolscan-leaderboard.json,Kolscan Pump-app KOL snapshot (committed 2026-04-09); timeframe=30d profit_sol=24.293194731589 converted at sol_usd=121.939397; name=PattyIce
pumpfun,kolscan_pump_app,317,DTdHa4auX68jFtXv9wkzMYCahg295AnRuwvm6moW6meZ,2947.2341470214183,https://github.com/nirholas/kol-quest/blob/main/site/data/kolscan-leaderboard.json,Kolscan Pump-app KOL snapshot (committed 2026-04-09); timeframe=30d profit_sol=24.1696631616469 converted at sol_usd=121.939397; name=sadizmed
pumpfun,pumpfun_mayhem,318,EoqodDDzKqEGcKBuEHtkAAzs3rM2dZtoNqpgcNkyY7Zq,2935.8951239400235,https://frontend-api-v3.pump.fun/mayhem/top-traders?window=24h,pump.fun Mayhem top traders 24h by realisedPnlUsd; winRate=0.4332 volumeUsd=47924.28696991237
pumpfun,pumpfun_mayhem,319,EvPAeNV1zq6Qt6b6gKeGeJX8S68sm5fMooiT4WdaJ53A,2918.6258204583087,https://frontend-api-v3.pump.fun/mayhem/top-traders?window=7d,pump.fun Mayhem top traders 7d by realisedPnlUsd; winRate=1 volumeUsd=2918.6258204583087
pumpfun,pumpfun_mayhem,320,94iQuYjVgTwGXxtM7ywfpzfLvx3gN4oQRuc9osRE2pEm,2738.8442850252463,https://frontend-api-v3.pump.fun/mayhem/top-traders?window=7d,pump.fun Mayhem top traders 7d by realisedPnlUsd; winRate=0.6027 volumeUsd=59773.28349593128
pumpfun,pumpfun_mayhem,321,GzjFEeAF9ui1RZLTepaVyhJ4DS6PwgQF3hGQM6NwBDjk,2610.892182697409,https://frontend-api-v3.pump.fun/mayhem/top-traders?window=7d,pump.fun Mayhem top traders 7d by realisedPnlUsd; winRate=0.4762 volumeUsd=37018.29308225888
pumpfun,pumpfun_mayhem,322,5jRjK8pqQPneT1DAqNPgpQreE2mWh8NHRe6gCiwFVt4v,2596.94863563572,https://frontend-api-v3.pump.fun/mayhem/top-traders?window=7d,pump.fun Mayhem top traders 7d by realisedPnlUsd; winRate=0.109 volumeUsd=55241.0686775115
pumpfun,pumpfun_mayhem,323,4cXnf2z85UiZ5cyKsPMEULq1yufAtpkatmX4j4DBZqj2,2596.58935211427,https://frontend-api-v3.pump.fun/mayhem/top-traders?window=7d,pump.fun Mayhem top traders 7d by realisedPnlUsd; winRate=0.1818 volumeUsd=15147.05139420154
pumpfun,pumpfun_mayhem,324,C6z6vj4tgTNV4FYr69eaKCMjTbBVeGRrw6fMuV8J9zv9,2592.3589691562847,https://frontend-api-v3.pump.fun/mayhem/top-traders?window=7d,pump.fun Mayhem top traders 7d by realisedPnlUsd; winRate=0.4815 volumeUsd=9758.490195804887
pumpfun,pumpfun_pnl_leaderboard,325,mmJDE8zc2BGQmTakxe3SYmZaMbEdR63rLCdDNa3qmnF,2570.481800098214,https://frontend-api-v3.pump.fun/pnl-leaderboard?period=daily,pump.fun public PnL leaderboard 24h (on-site rank 50 is by net pnlUsd=26476.604466067347; stored value is realizedPnlUsd). username=mmjde8
pumpfun,pumpfun_mayhem,326,D9N3W6QRofmishmMcfaek5ezkTM5yrLLznePitcYSp4o,2564.2373185897995,https://frontend-api-v3.pump.fun/mayhem/top-traders?window=7d,pump.fun Mayhem top traders 7d by realisedPnlUsd; winRate=0.1667 volumeUsd=2893.7607369199804
pumpfun,pumpfun_mayhem,327,36GKXn488WeLvNnToMuGouyuHV7PnjHemi5TkPYypnXo,2534.2830727716287,https://frontend-api-v3.pump.fun/mayhem/top-traders?window=7d,pump.fun Mayhem top traders 7d by realisedPnlUsd; winRate=0.397 volumeUsd=70640.03678122655
pumpfun,pumpfun_pnl_leaderboard,328,F7T9ECCQNVRR8HLsJjwxxF3ohAiR9zL3kiHtWFbSxZb7,2490.993277296165,https://frontend-api-v3.pump.fun/pnl-leaderboard?period=weekly,pump.fun public PnL leaderboard 7d (on-site rank 91 is by net pnlUsd=33065.8551347811; stored value is realizedPnlUsd). username=binopharos
pumpfun,pumpfun_mayhem,329,AkefHZVkGeRyczf4QaJzPJV26VMAZ11GC4VniNMYcEVF,2480.3795565755468,https://frontend-api-v3.pump.fun/mayhem/top-traders?window=7d,pump.fun Mayhem top traders 7d by realisedPnlUsd; winRate=0.6 volumeUsd=46788.536598047795
pumpfun,pumpfun_mayhem,330,5o786j42vqZuVG3Q6aQts98aUZqhpZ2P3qVMkBfyj6zm,2455.4415479764743,https://frontend-api-v3.pump.fun/mayhem/top-traders?window=7d,pump.fun Mayhem top traders 7d by realisedPnlUsd; winRate=0.1429 volumeUsd=6127.259857854466
pumpfun,pumpfun_mayhem,331,B9h6X9WQ5d9j2YzeJXt929sW5Lhq5vGHTSrrN9e6q6aS,2381.3846421800813,https://frontend-api-v3.pump.fun/mayhem/top-traders?window=7d,pump.fun Mayhem top traders 7d by realisedPnlUsd; winRate=0.3556 volumeUsd=68738.01969794855
pumpfun,pumpfun_mayhem,332,E5sWSJLAE5NPEjGknGuz382JPMoJA5Fbz2QssCeRY4rq,2299.99277998308,https://frontend-api-v3.pump.fun/mayhem/top-traders?window=7d,pump.fun Mayhem top traders 7d by realisedPnlUsd; winRate=1 volumeUsd=2299.99277998308
pumpfun,kolscan_pump_app,333,FwjYcbfktK8PC2bzCrqxR6QkUPxmHFbcFGNrz3YAV7ft,2093.223162176842,https://github.com/nirholas/kol-quest/blob/main/site/data/kolscan-leaderboard.json,Kolscan Pump-app KOL snapshot (committed 2026-04-09); timeframe=30d profit_sol=17.1660941167848 converted at sol_usd=121.939397; name=Paper
pumpfun,kolscan_pump_app,334,9Vk7pkBZ9KFJmzaPzNYjGedyz8qoKMQtnYyYi2AehNMT,2071.312340826515,https://github.com/nirholas/kol-quest/blob/main/site/data/kolscan-leaderboard.json,Kolscan Pump-app KOL snapshot (committed 2026-04-09); timeframe=30d profit_sol=16.9864079618291 converted at sol_usd=121.939397; name=Xelf
pumpfun,pumpfun_mayhem,335,6Xu7sCDy5pGvwhVwi97Sea67U6W4szseokNEzfcW6GDV,2028.0663905014787,https://frontend-api-v3.pump.fun/mayhem/top-traders?window=24h,pump.fun Mayhem top traders 24h by realisedPnlUsd; winRate=1 volumeUsd=2028.0663905014787
pumpfun,pumpfun_mayhem,336,J331AkJ63VUnxKoFHvGBpUeSyR72WCZqaYynXqj8va3R,1978.4387536003157,https://frontend-api-v3.pump.fun/mayhem/top-traders?window=24h,pump.fun Mayhem top traders 24h by realisedPnlUsd; winRate=1 volumeUsd=1978.4387536003157
pumpfun,pumpfun_mayhem,337,DKwQ4jHa6gdKxGzcB44iwTfs6WGBBGw35s1sY8ysxAX3,1853.2039889751888,https://frontend-api-v3.pump.fun/mayhem/top-traders?window=24h,pump.fun Mayhem top traders 24h by realisedPnlUsd; winRate=1 volumeUsd=1853.2039889751888
pumpfun,pumpfun_mayhem,338,98z74dZMGgNSd6nojCxqksMCP72Mb98Z3xA9WbLfCH7Y,1815.4640414538458,https://frontend-api-v3.pump.fun/mayhem/top-traders?window=24h,pump.fun Mayhem top traders 24h by realisedPnlUsd; winRate=1 volumeUsd=1815.4640414538458
pumpfun,pumpfun_pnl_leaderboard,339,3bzaJd5yZG73EVDz8xosQb7gfZm2LN5auFGh6wnP1n1f,1720.1310884121815,https://frontend-api-v3.pump.fun/pnl-leaderboard?period=weekly,pump.fun public PnL leaderboard 7d (on-site rank 52 is by net pnlUsd=52062.86880942889; stored value is realizedPnlUsd). username=MattFws
pumpfun,kolscan_pump_app,340,Gv8YFCU9WESGpN6fcGKG9nirqcyF9wVZAqnQ1DjrsfcE,1686.1610994916632,https://github.com/nirholas/kol-quest/blob/main/site/data/kolscan-leaderboard.json,Kolscan Pump-app KOL snapshot (committed 2026-04-09); timeframe=30d profit_sol=13.8278615739347 converted at sol_usd=121.939397; name=Lectron
pumpfun,kolscan_pump_app,341,FTg1gqW7vPm4kdU1LPM7JJnizbgPdRDy2PitKw6mY27j,1676.4950108922558,https://github.com/nirholas/kol-quest/blob/main/site/data/kolscan-leaderboard.json,Kolscan Pump-app KOL snapshot (committed 2026-04-09); timeframe=30d profit_sol=13.748591962535 converted at sol_usd=121.939397; name=7
pumpfun,pumpfun_mayhem,342,5BPNwtDn64fZQVugM2TJPLgTvShyzNKCMe7QBvwwHg9h,1648.1716604412334,https://frontend-api-v3.pump.fun/mayhem/top-traders?window=24h,pump.fun Mayhem top traders 24h by realisedPnlUsd; winRate=1 volumeUsd=1648.1716604412334
pumpfun,pumpfun_mayhem,343,3ZEjXEyDGyNvmTBSNsXQrcttVrqQRHiNe5BMK4YVaxwQ,1624.7652647702275,https://frontend-api-v3.pump.fun/mayhem/top-traders?window=24h,pump.fun Mayhem top traders 24h by realisedPnlUsd; winRate=1 volumeUsd=1624.7652647702275
pumpfun,kolscan_pump_app,344,64ymeD9XTAkNJgHtXgrG6JCNZmBC9fSVcmgkL54pFikE,1621.393101405844,https://github.com/nirholas/kol-quest/blob/main/site/data/kolscan-leaderboard.json,Kolscan Pump-app KOL snapshot (committed 2026-04-09); timeframe=30d profit_sol=13.2967124967667 converted at sol_usd=121.939397; name=Phineas.SOL
pumpfun,pumpfun_mayhem,345,FJoyRPMzTdUPQE2JDs7bRBb7BfHhfWamFMzS4LPyECKk,1591.521789768289,https://frontend-api-v3.pump.fun/mayhem/top-traders?window=24h,pump.fun Mayhem top traders 24h by realisedPnlUsd; winRate=1 volumeUsd=1591.521789768289
pumpfun,pumpfun_pnl_leaderboard,346,5LgsMBSnCjC46S2WQwqiE4Ne59BZZp6HAntsqKQDedTJ,1542.1343537859686,https://frontend-api-v3.pump.fun/pnl-leaderboard?period=daily,pump.fun public PnL leaderboard 24h (on-site rank 92 is by net pnlUsd=16170.348919976492; stored value is realizedPnlUsd). username=senoxe
pumpfun,pumpfun_pnl_leaderboard,347,3BEZBkBx8XjQgLJ46UMNvcRbXaPvZqPWR46Qnh5ZQszv,1440.3747294048046,https://frontend-api-v3.pump.fun/pnl-leaderboard?period=daily,pump.fun public PnL leaderboard 24h (on-site rank 90 is by net pnlUsd=16326.723913660575; stored value is realizedPnlUsd). username=1sonick1
pumpfun,pumpfun_mayhem,348,9yygWoHs9K9FhUPEo26adHREw4MFaF5aE2haEooc2acm,1432.3229638388943,https://frontend-api-v3.pump.fun/mayhem/top-traders?window=24h,pump.fun Mayhem top traders 24h by realisedPnlUsd; winRate=1 volumeUsd=1432.3229638388943
pumpfun,pumpfun_mayhem,349,6mczNS4tb3Wyfk51xtZBkmjVF7JrruLEy5NVWLkHgbPs,1413.8973476290357,https://frontend-api-v3.pump.fun/mayhem/top-traders?window=24h,pump.fun Mayhem top traders 24h by realisedPnlUsd; winRate=1 volumeUsd=1413.8973476290357
pumpfun,kolscan_pump_app,350,7Gi4H4wugm2n3rRWa6BijsQPJV7sMardawTi2tXDL9zM,1395.5917339126981,https://github.com/nirholas/kol-quest/blob/main/site/data/kolscan-leaderboard.json,Kolscan Pump-app KOL snapshot (committed 2026-04-09); timeframe=30d profit_sol=11.444961763197 converted at sol_usd=121.939397; name=Ricco 🥀
pumpfun,pumpfun_mayhem,351,EEFSGqU6DxKdnfyNbjeNEDqfXTDS9WqMGZv95fCuiPS4,1377.9801228010224,https://frontend-api-v3.pump.fun/mayhem/top-traders?window=24h,pump.fun Mayhem top traders 24h by realisedPnlUsd; winRate=1 volumeUsd=1377.9801228010224
pumpfun,pumpfun_mayhem,352,13TYLRoYphHt5p78RyDCNP3gi98fkPESzu1PMtkHpnGk,1377.319785391968,https://frontend-api-v3.pump.fun/mayhem/top-traders?window=24h,pump.fun Mayhem top traders 24h by realisedPnlUsd; winRate=1 volumeUsd=1377.319785391968
pumpfun,kolscan_pump_app,353,951wq3qDowjKHaycrNaiRB5WpovYVKXnqhnrcKPh46zt,1364.955234478081,https://github.com/nirholas/kol-quest/blob/main/site/data/kolscan-leaderboard.json,Kolscan Pump-app KOL snapshot (committed 2026-04-09); timeframe=30d profit_sol=11.1937181107254 converted at sol_usd=121.939397; name=lyftical
pumpfun,kolscan_pump_app,354,2kv8X2a9bxnBM8NKLc6BBTX2z13GFNRL4oRotMUJRva9,1349.1440651217433,https://github.com/nirholas/kol-quest/blob/main/site/data/kolscan-leaderboard.json,Kolscan Pump-app KOL snapshot (committed 2026-04-09); timeframe=30d profit_sol=11.0640539515609 converted at sol_usd=121.939397; name=Gh0stee
pumpfun,pumpfun_mayhem,355,3daRxQXYPYVC12pn2MxvzkuqprV4yMG18qLc7TqDEgJ7,1339.9097188867138,https://frontend-api-v3.pump.fun/mayhem/top-traders?window=24h,pump.fun Mayhem top traders 24h by realisedPnlUsd; winRate=1 volumeUsd=1339.9097188867138
pumpfun,pumpfun_mayhem,356,DrEsuS2NgEPF6UzgFiQqSk8VeXPh1GALxQPYYkrXMN31,1319.068474368363,https://frontend-api-v3.pump.fun/mayhem/top-traders?window=24h,pump.fun Mayhem top traders 24h by realisedPnlUsd; winRate=1 volumeUsd=1319.068474368363
pumpfun,kolscan_pump_app,357,FEGu1issUaiWS7NhSNLwDYRudBSSUHaBenHF14qStv4W,1274.4870759122048,https://github.com/nirholas/kol-quest/blob/main/site/data/kolscan-leaderboard.json,Kolscan Pump-app KOL snapshot (committed 2026-04-09); timeframe=30d profit_sol=10.4518072850784 converted at sol_usd=121.939397; name=CryptoStacksss
pumpfun,pumpfun_mayhem,358,7qS94nqG8TXifQ7ptKrFWs9aU34uh6RssdJ5QBYAQDk5,1271.0560127820877,https://frontend-api-v3.pump.fun/mayhem/top-traders?window=24h,pump.fun Mayhem top traders 24h by realisedPnlUsd; winRate=0.4929 volumeUsd=40074.16797184327
pumpfun,pumpfun_pnl_leaderboard,359,EVqxB3F6iUBeWsTpBFQqWwxpqUS8s4NrzgxBvQ2VRbTq,1260.535836265933,https://frontend-api-v3.pump.fun/pnl-leaderboard?period=weekly,pump.fun public PnL leaderboard 7d (on-site rank 21 is by net pnlUsd=87420.58257311306; stored value is realizedPnlUsd). username=faposhi__
pumpfun,kolscan_pump_app,360,3jckt69SiN3aCMbBWJoDS1s4xxGpqNxFFKnwhpRAQmuL,1149.2050940356817,https://github.com/nirholas/kol-quest/blob/main/site/data/kolscan-leaderboard.json,Kolscan Pump-app KOL snapshot (committed 2026-04-09); timeframe=30d profit_sol=9.42439543005516 converted at sol_usd=121.939397; name=Pavel
pumpfun,pumpfun_pnl_leaderboard,361,HEye34TsKiksdfSppNp2PYQFqUZb7gCnd3X5etQUK7Dq,1140.837379985638,https://frontend-api-v3.pump.fun/pnl-leaderboard?period=daily,pump.fun public PnL leaderboard 24h (on-site rank 46 is by net pnlUsd=27772.63187927216; stored value is realizedPnlUsd). username=wwwd
pumpfun,kolscan_pump_app,362,EcVgevcb8F3QsHuBg96wrCXwC3j2gnrhLr1Q21YULNk8,1091.6323734849002,https://github.com/nirholas/kol-quest/blob/main/site/data/kolscan-leaderboard.json,Kolscan Pump-app KOL snapshot (committed 2026-04-09); timeframe=30d profit_sol=8.95225334917627 converted at sol_usd=121.939397; name=cuban
pumpfun,pumpfun_mayhem,363,5mbo1CogP1VEyHExZCkaegSwXwdrbdomQJSZTEHSnJdJ,1071.7448014597867,https://frontend-api-v3.pump.fun/mayhem/top-traders?window=24h,pump.fun Mayhem top traders 24h by realisedPnlUsd; winRate=0.489 volumeUsd=35313.86336321313
pumpfun,pumpfun_mayhem,364,JCzdJNiujoKEYYS57PFdZmaWAcAH6dCWVH2QmghHcHbR,1035.407404510337,https://frontend-api-v3.pump.fun/mayhem/top-traders?window=24h,pump.fun Mayhem top traders 24h by realisedPnlUsd; winRate=0.6404 volumeUsd=29103.427378836997
pumpfun,kolscan_pump_app,365,37Y6bz7AXpHHRzMHGMqGRxv8JMuHQCS2FFHrPZkUeRt2,1006.8254783660207,https://github.com/nirholas/kol-quest/blob/main/site/data/kolscan-leaderboard.json,Kolscan Pump-app KOL snapshot (committed 2026-04-09); timeframe=30d profit_sol=8.25676938470063 converted at sol_usd=121.939397; name=Laanie
pumpfun,pumpfun_mayhem,366,kzcvJmXFhgxh5QuMQejp2r4mLUjFSu2ziFfKQjBKedf,991.1607524484915,https://frontend-api-v3.pump.fun/mayhem/top-traders?window=24h,pump.fun Mayhem top traders 24h by realisedPnlUsd; winRate=0.32 volumeUsd=16340.349286912526
pumpfun,kolscan_pump_app,367,Hi5yNvPSfagdja5xjYMTYWnnjSE3ze5KsezTLfuD2mqd,984.317862820083,https://github.com/nirholas/kol-quest/blob/main/site/data/kolscan-leaderboard.json,Kolscan Pump-app KOL snapshot (committed 2026-04-09); timeframe=30d profit_sol=8.07218904286829 converted at sol_usd=121.939397; name=gambles.sol
pumpfun,kolscan_pump_app,368,99xnE2zEFi8YhmKDaikc1EvH6ELTQJppnqUwMzmpLXrs,942.9298741984021,https://github.com/nirholas/kol-quest/blob/main/site/data/kolscan-leaderboard.json,Kolscan Pump-app KOL snapshot (committed 2026-04-09); timeframe=30d profit_sol=7.7327746312461 converted at sol_usd=121.939397; name=Coler
pumpfun,kolscan_pump_app,369,39q2g5tTQn9n7KnuapzwS2smSx3NGYqBoea11tBjsGEt,935.8896007800287,https://github.com/nirholas/kol-quest/blob/main/site/data/kolscan-leaderboard.json,Kolscan Pump-app KOL snapshot (committed 2026-04-09); timeframe=30d profit_sol=7.67503879194743 converted at sol_usd=121.939397; name=Walta
pumpfun,pumpfun_mayhem,370,BFoPaiKxCbrDM6gYB1gAr1sNUANTw3g9drWgVRExtYUB,926.4239821137644,https://frontend-api-v3.pump.fun/mayhem/top-traders?window=24h,pump.fun Mayhem top traders 24h by realisedPnlUsd; winRate=0.3871 volumeUsd=5759.738807421969
pumpfun,pumpfun_mayhem,371,54D38cdUMdo4HNm9hbu1T6u5mRtnJkmiUnyBTTJhjXMF,866.0788351772344,https://frontend-api-v3.pump.fun/mayhem/top-traders?window=24h,pump.fun Mayhem top traders 24h by realisedPnlUsd; winRate=0.6024 volumeUsd=39935.90562995194
pumpfun,pumpfun_mayhem,372,2eX1SFxf5zsCs3z7HA3YbHdzmR4SAP6sfPQKLK1po4A6,846.9790947875722,https://frontend-api-v3.pump.fun/mayhem/top-traders?window=24h,pump.fun Mayhem top traders 24h by realisedPnlUsd; winRate=0.6111 volumeUsd=6635.532143240259
pumpfun,pumpfun_mayhem,373,ATYuKgxGUJy2zVRmccY3FbiepdErSrQJDv6YEBsrCae5,835.2832324141165,https://frontend-api-v3.pump.fun/mayhem/top-traders?window=24h,pump.fun Mayhem top traders 24h by realisedPnlUsd; winRate=0.4118 volumeUsd=2770.0729257633934
pumpfun,pumpfun_mayhem,374,9CF4GGtQJ2SMZPZh4f6917QBqKVJV6egykGmoBAaxWRK,823.5358112109508,https://frontend-api-v3.pump.fun/mayhem/top-traders?window=24h,pump.fun Mayhem top traders 24h by realisedPnlUsd; winRate=1 volumeUsd=823.5358112109508
pumpfun,kolscan_pump_app,375,D52tmCnycFovhx2ueMuEnxq5LCdwfZrU9u8ECE5foCW5,819.2182890410609,https://github.com/nirholas/kol-quest/blob/main/site/data/kolscan-leaderboard.json,Kolscan Pump-app KOL snapshot (committed 2026-04-09); timeframe=30d profit_sol=6.71824127784145 converted at sol_usd=121.939397; name=Zachary
pumpfun,pumpfun_mayhem,376,4qYiA6i4mnqRVgdmheSCg2jQjvwpd1AoVxmQ65JhSJUi,811.1596607369651,https://frontend-api-v3.pump.fun/mayhem/top-traders?window=24h,pump.fun Mayhem top traders 24h by realisedPnlUsd; winRate=1 volumeUsd=811.1596607369651
pumpfun,kolscan_pump_app,377,ETU3GyrUsv6UztQJxHgsBX2UoJFmq79WJe3JyDpAqGMz,809.620960539054,https://github.com/nirholas/kol-quest/blob/main/site/data/kolscan-leaderboard.json,Kolscan Pump-app KOL snapshot (committed 2026-04-09); timeframe=30d profit_sol=6.63953555390716 converted at sol_usd=121.939397; name=MACXBT
pumpfun,pumpfun_mayhem,378,hoZ7nAUxL4CZ2m1uAcMJqzqmJdqjRfFubu2USBgKFux,807.2562556721134,https://frontend-api-v3.pump.fun/mayhem/top-traders?window=24h,pump.fun Mayhem top traders 24h by realisedPnlUsd; winRate=0.5 volumeUsd=13692.802527948046
pumpfun,pumpfun_mayhem,379,Am8bimwyPn6B358hQWpCCZM6uMRX7x2Nx17VKXnvCDxY,768.1454304431809,https://frontend-api-v3.pump.fun/mayhem/top-traders?window=24h,pump.fun Mayhem top traders 24h by realisedPnlUsd; winRate=0.5668 volumeUsd=20654.256458556192
pumpfun,pumpfun_mayhem,380,8RZrLdqoJU2AFnCvWw8KTbtpkyHidaPgEQAwoPjFtM4z,762.4818837784119,https://frontend-api-v3.pump.fun/mayhem/top-traders?window=24h,pump.fun Mayhem top traders 24h by realisedPnlUsd; winRate=0.4488 volumeUsd=66482.72721126046
pumpfun,pumpfun_mayhem,381,6zESg784MsaN7xvnFMPkAJBXLygctkCDcFst4xgSVBdj,743.467221003809,https://frontend-api-v3.pump.fun/mayhem/top-traders?window=24h,pump.fun Mayhem top traders 24h by realisedPnlUsd; winRate=1 volumeUsd=743.467221003809
pumpfun,pumpfun_mayhem,382,9vDqT3tfVGe8KGMXhNgNgkf5ciaxbM7hKvjvqT6hinqK,724.0837881724815,https://frontend-api-v3.pump.fun/mayhem/top-traders?window=24h,pump.fun Mayhem top traders 24h by realisedPnlUsd; winRate=0.2883 volumeUsd=8170.600074932446
pumpfun,pumpfun_mayhem,383,Cu3nUxTHDcdQiCRWU3oW9aw5RA7dAdBqVrj3GjZdQEvj,723.4428369491111,https://frontend-api-v3.pump.fun/mayhem/top-traders?window=24h,pump.fun Mayhem top traders 24h by realisedPnlUsd; winRate=0.2941 volumeUsd=5050.149661977927
pumpfun,pumpfun_mayhem,384,FoowXWNysZqT2b3HXcYDqLKqzf8z6ThE6HJWAM4A1Es3,707.9643861747584,https://frontend-api-v3.pump.fun/mayhem/top-traders?window=24h,pump.fun Mayhem top traders 24h by realisedPnlUsd; winRate=0.2667 volumeUsd=4637.858380018519
pumpfun,kolscan_pump_app,385,GEpM1SmE8ExgznJwyZX64F2Mv5LLFgvBCxm5zNWYUXL4,700.2937784817843,https://github.com/nirholas/kol-quest/blob/main/site/data/kolscan-leaderboard.json,Kolscan Pump-app KOL snapshot (committed 2026-04-09); timeframe=30d profit_sol=5.74296574203566 converted at sol_usd=121.939397; name=Pain
pumpfun,pumpfun_mayhem,386,4cupcAnEfuZ1JyGbm8nYY886WyyoQsLB23aa8WqqNW1C,699.4026922488113,https://frontend-api-v3.pump.fun/mayhem/top-traders?window=24h,pump.fun Mayhem top traders 24h by realisedPnlUsd; winRate=0.5352 volumeUsd=12013.632653342298
pumpfun,pumpfun_mayhem,387,HrrUxSw4uwk24wai2XvKqeUuNUY7VFpkh9QxBnR5b3DA,691.1674305794674,https://frontend-api-v3.pump.fun/mayhem/top-traders?window=24h,pump.fun Mayhem top traders 24h by realisedPnlUsd; winRate=0.7456 volumeUsd=10009.370585178256
pumpfun,pumpfun_mayhem,388,FxQv4cExaubbo8N5y8HcfjDHvsLivkHhg3tvGa8PFqBQ,674.9873623585704,https://frontend-api-v3.pump.fun/mayhem/top-traders?window=24h,pump.fun Mayhem top traders 24h by realisedPnlUsd; winRate=1 volumeUsd=674.9873623585704
pumpfun,pumpfun_mayhem,389,BDa3iMpdFbyWCwoaXdhcCSgHogSCm2SEuKwiwNnHMYXq,671.2192617245119,https://frontend-api-v3.pump.fun/mayhem/top-traders?window=24h,pump.fun Mayhem top traders 24h by realisedPnlUsd; winRate=1 volumeUsd=671.2192617245119
pumpfun,pumpfun_mayhem,390,3NsTAKARF3HqgFj6JnnPU8iymmXfCfNcKrN9Z9rUJxak,654.4286415001211,https://frontend-api-v3.pump.fun/mayhem/top-traders?window=24h,pump.fun Mayhem top traders 24h by realisedPnlUsd; winRate=0.3571 volumeUsd=3863.019858143754
pumpfun,pumpfun_mayhem,391,DQifC9AbRL4GJFFyKGhgzLV9XWjCpGaBNC5LFv5uAaqb,652.1895850255395,https://frontend-api-v3.pump.fun/mayhem/top-traders?window=24h,pump.fun Mayhem top traders 24h by realisedPnlUsd; winRate=0.5556 volumeUsd=1540.9379633712078
pumpfun,kolscan_pump_app,392,DsqRyTUh1R37asYcVf1KdX4CNnz5DKEFmnXvgT4NfTPE,635.889350736334,https://github.com/nirholas/kol-quest/blob/main/site/data/kolscan-leaderboard.json,Kolscan Pump-app KOL snapshot (committed 2026-04-09); timeframe=30d profit_sol=5.21479823071005 converted at sol_usd=121.939397; name=Classic
pumpfun,kolscan_pump_app,393,ATpSExwhE2x1H7rv6Uoi4TJdzGz15LjDXNzhV6pjDVYi,626.024652696832,https://github.com/nirholas/kol-quest/blob/main/site/data/kolscan-leaderboard.json,Kolscan Pump-app KOL snapshot (committed 2026-04-09); timeframe=30d profit_sol=5.133899864 converted at sol_usd=121.939397; name=merky
pumpfun,pumpfun_mayhem,394,LeKqG2SZdGaVPB8N285rqWoz5FXg7cnNfXy8JTdXoN7,617.7127789214613,https://frontend-api-v3.pump.fun/mayhem/top-traders?window=24h,pump.fun Mayhem top traders 24h by realisedPnlUsd; winRate=0.45 volumeUsd=3304.2674809794576
pumpfun,kolscan_pump_app,395,2iPgNgss7ow3v5YFkTpzABStfjFSyG3BGvP5sZqADtFM,564.7276284850542,https://github.com/nirholas/kol-quest/blob/main/site/data/kolscan-leaderboard.json,Kolscan Pump-app KOL snapshot (committed 2026-04-09); timeframe=30d profit_sol=4.63121553214694 converted at sol_usd=121.939397; name=Jdn
pumpfun,kolscan_pump_app,396,95TWoKkvv2z85EXBzd2z6NwbxH2f54AvwuCA9x3NoKep,522.3548480852969,https://github.com/nirholas/kol-quest/blob/main/site/data/kolscan-leaderboard.json,Kolscan Pump-app KOL snapshot (committed 2026-04-09); timeframe=7d profit_sol=4.283725045 converted at sol_usd=121.939397; name=Killua
pumpfun,kolscan_pump_app,397,HrCPnDvDgbpbFxKxer6Pw3qEcfAQQNNjb6aJNFWgTEng,501.649615330494,https://github.com/nirholas/kol-quest/blob/main/site/data/kolscan-leaderboard.json,Kolscan Pump-app KOL snapshot (committed 2026-04-09); timeframe=30d profit_sol=4.11392567501345 converted at sol_usd=121.939397; name=0xWinged
pumpfun,pumpfun_pnl_leaderboard,398,3iytvAv32aGQyeRLHhy2ALHPsGAvcp82swAKbNeoencX,474.03558961557354,https://frontend-api-v3.pump.fun/pnl-leaderboard?period=daily,pump.fun public PnL leaderboard 24h (on-site rank 96 is by net pnlUsd=15623.12055651737; stored value is realizedPnlUsd). username=EmberGuy
pumpfun,kolscan_pump_app,399,EQaxqKT3N981QBmdSUGNzAGK5S26zUwAdRHhBCgn87zD,471.444728101405,https://github.com/nirholas/kol-quest/blob/main/site/data/kolscan-leaderboard.json,Kolscan Pump-app KOL snapshot (committed 2026-04-09); timeframe=7d profit_sol=3.86622158577425 converted at sol_usd=121.939397; name=jamessmith
pumpfun,kolscan_pump_app,400,DYAn4XpAkN5mhiXkRB7dGq4Jadnx6XYgu8L5b3WGhbrt,469.5075971781279,https://github.com/nirholas/kol-quest/blob/main/site/data/kolscan-leaderboard.json,Kolscan Pump-app KOL snapshot (committed 2026-04-09); timeframe=7d profit_sol=3.85033557211533 converted at sol_usd=121.939397; name=The Doc
pumpfun,kolscan_pump_app,401,DbRQjQDTTsiBXg1TJdb55WvEr3JvqUyu4iJJ684Aqeu3,463.3367401959754,https://github.com/nirholas/kol-quest/blob/main/site/data/kolscan-leaderboard.json,Kolscan Pump-app KOL snapshot (committed 2026-04-09); timeframe=7d profit_sol=3.79972963881069 converted at sol_usd=121.939397; name=dints
pumpfun,kolscan_pump_app,402,6S8GezkxYUfZy9JPtYnanbcZTMB87Wjt1qx3c6ELajKC,456.7962674443272,https://github.com/nirholas/kol-quest/blob/main/site/data/kolscan-leaderboard.json,Kolscan Pump-app KOL snapshot (committed 2026-04-09); timeframe=7d profit_sol=3.74609256233849 converted at sol_usd=121.939397; name=Nyhrox
pumpfun,kolscan_pump_app,403,qP3Q8d4WWsGbqkTfyA9Dr6cAD7DQoBuxPJMFTK48rWU,444.80878316507693,https://github.com/nirholas/kol-quest/blob/main/site/data/kolscan-leaderboard.json,Kolscan Pump-app KOL snapshot (committed 2026-04-09); timeframe=7d profit_sol=3.64778566077187 converted at sol_usd=121.939397; name=kitty
pumpfun,kolscan_pump_app,404,J2B5fnm2DAAUAGa4EaegwQFoYaN6B5FerGA5sjtQoaGM,410.5364555572948,https://github.com/nirholas/kol-quest/blob/main/site/data/kolscan-leaderboard.json,Kolscan Pump-app KOL snapshot (committed 2026-04-09); timeframe=7d profit_sol=3.36672532666748 converted at sol_usd=121.939397; name=Dan176
pumpfun,pumpfun_pnl_leaderboard,405,DFTWxStGVbANivE4PYGdzcFEy7bRRgLWczabcLMFqCig,407.86324651263567,https://frontend-api-v3.pump.fun/pnl-leaderboard?period=daily,pump.fun public PnL leaderboard 24h (on-site rank 94 is by net pnlUsd=16026.159425786675; stored value is realizedPnlUsd). username=metaph
pumpfun,kolscan_pump_app,406,HmtAZQn7U75jkAxrXNh8vRFCmjGjM3Q2WpiTHXoCJrUz,401.530749395518,https://github.com/nirholas/kol-quest/blob/main/site/data/kolscan-leaderboard.json,Kolscan Pump-app KOL snapshot (committed 2026-04-09); timeframe=1d profit_sol=3.2928713762839 converted at sol_usd=121.939397; name=Preston
pumpfun,kolscan_pump_app,407,BtUBxH7bEjmDJbgVLxjEK7ZX72XPeDKaeXFufXnGATna,387.70702219727787,https://github.com/nirholas/kol-quest/blob/main/site/data/kolscan-leaderboard.json,Kolscan Pump-app KOL snapshot (committed 2026-04-09); timeframe=30d profit_sol=3.17950582290307 converted at sol_usd=121.939397; name=Bottom Seller
pumpfun,kolscan_pump_app,408,5vg7he5HibvsAW86wfiuP6jw7VwKmUAnP6P93mVCdpJu,358.7414662274642,https://github.com/nirholas/kol-quest/blob/main/site/data/kolscan-leaderboard.json,Kolscan Pump-app KOL snapshot (committed 2026-04-09); timeframe=1d profit_sol=2.9419652353024 converted at sol_usd=121.939397; name=blixze ♱
pumpfun,kolscan_pump_app,409,kita97U8XijSrkwoEa6ViskeJnP8mCYUTsusU5RyaN5,357.35699029537085,https://github.com/nirholas/kol-quest/blob/main/site/data/kolscan-leaderboard.json,Kolscan Pump-app KOL snapshot (committed 2026-04-09); timeframe=7d profit_sol=2.93061143195158 converted at sol_usd=121.939397; name=kitakitsune
pumpfun,kolscan_pump_app,410,A3W8psibkTUvjxs4LRscbnjux6TFDXdvD4m4GsGpQ2KJ,317.9137584082388,https://github.com/nirholas/kol-quest/blob/main/site/data/kolscan-leaderboard.json,Kolscan Pump-app KOL snapshot (committed 2026-04-09); timeframe=7d profit_sol=2.60714557170353 converted at sol_usd=121.939397; name=Numer0 (trench/arc)
pumpfun,kolscan_pump_app,411,B9oKseVKRntTvfADyaUoH7oVmoyVbBfUf4NKyQc4KK2D,317.1278500014501,https://github.com/nirholas/kol-quest/blob/main/site/data/kolscan-leaderboard.json,Kolscan Pump-app KOL snapshot (committed 2026-04-09); timeframe=7d profit_sol=2.6007004979427 converted at sol_usd=121.939397; name=Fozzy
pumpfun,kolscan_pump_app,412,8oQoMhfBQnRspn7QtNAq2aPThRE4q94kLSTwaaFQvRgs,298.31131445319005,https://github.com/nirholas/kol-quest/blob/main/site/data/kolscan-leaderboard.json,Kolscan Pump-app KOL snapshot (committed 2026-04-09); timeframe=1d profit_sol=2.44638994663132 converted at sol_usd=121.939397; name=big bags bobby
pumpfun,kolscan_pump_app,413,Ez2jp3rwXUbaTx7XwiHGaWVgTPFdzJoSg8TopqbxfaJN,273.72778761560755,https://github.com/nirholas/kol-quest/blob/main/site/data/kolscan-leaderboard.json,Kolscan Pump-app KOL snapshot (committed 2026-04-09); timeframe=30d profit_sol=2.24478548178411 converted at sol_usd=121.939397; name=Keano
pumpfun,kolscan_pump_app,414,EjtQrPTbcMevStBkpnjsH23NfUCMhGHusTYsHuGVQZp2,224.3821214197818,https://github.com/nirholas/kol-quest/blob/main/site/data/kolscan-leaderboard.json,Kolscan Pump-app KOL snapshot (committed 2026-04-09); timeframe=7d profit_sol=1.84011178741696 converted at sol_usd=121.939397; name=Zef
pumpfun,kolscan_pump_app,415,4z3WtX32eehkmnaNNstZWyAuVBhj6cgpk5JtkdTa4m4A,217.250465132276,https://github.com/nirholas/kol-quest/blob/main/site/data/kolscan-leaderboard.json,Kolscan Pump-app KOL snapshot (committed 2026-04-09); timeframe=1d profit_sol=1.78162653593877 converted at sol_usd=121.939397; name=J Spizzle
pumpfun,kolscan_pump_app,416,5B52w1ZW9tuwUduueP5J7HXz5AcGfruGoX6YoAudvyxG,215.53685386749086,https://github.com/nirholas/kol-quest/blob/main/site/data/kolscan-leaderboard.json,Kolscan Pump-app KOL snapshot (committed 2026-04-09); timeframe=7d profit_sol=1.76757356118557 converted at sol_usd=121.939397; name=Yenni
pumpfun,kolscan_pump_app,417,HbCxe8yWQJWnK3f3FX4oohgm87FZuPYD4Ydszqxgkwft,207.7633895253195,https://github.com/nirholas/kol-quest/blob/main/site/data/kolscan-leaderboard.json,Kolscan Pump-app KOL snapshot (committed 2026-04-09); timeframe=30d profit_sol=1.70382497339887 converted at sol_usd=121.939397; name=Stacker ✝️
pumpfun,kolscan_pump_app,418,FhsSfTSHok3ryVfyuLSD1t9frc4c1ymyCr3S11Ci718z,207.69372935960874,https://github.com/nirholas/kol-quest/blob/main/site/data/kolscan-leaderboard.json,Kolscan Pump-app KOL snapshot (committed 2026-04-09); timeframe=30d profit_sol=1.70325370465773 converted at sol_usd=121.939397; name=Spike
pumpfun,kolscan_pump_app,419,DuQabFqdC9eeBULVa7TTdZYxe8vK8ct5DZr4Xcf7docy,186.60148621540554,https://github.com/nirholas/kol-quest/blob/main/site/data/kolscan-leaderboard.json,Kolscan Pump-app KOL snapshot (committed 2026-04-09); timeframe=7d profit_sol=1.53028054179106 converted at sol_usd=121.939397; name=orangie
pumpfun,kolscan_pump_app,420,7bsTkeWcSPG6nzsbXucxV89YUULoSExNJdX2WqfLHwZ4,182.3813536797356,https://github.com/nirholas/kol-quest/blob/main/site/data/kolscan-leaderboard.json,Kolscan Pump-app KOL snapshot (committed 2026-04-09); timeframe=1d profit_sol=1.49567209984296 converted at sol_usd=121.939397; name=BIGWARZ
pumpfun,kolscan_pump_app,421,6pa2QnW2mB1F41FkytTYd2gTh9aTUCmdTGEgcFRXcQ8g,180.79828157661498,https://github.com/nirholas/kol-quest/blob/main/site/data/kolscan-leaderboard.json,Kolscan Pump-app KOL snapshot (committed 2026-04-09); timeframe=1d profit_sol=1.48268964999869 converted at sol_usd=121.939397; name=Alpha wallet 4
pumpfun,kolscan_pump_app,422,3H9LVHarjBoZ2YPEsgFbVD1zuERCGwfp4AeyHoHsFSEC,165.64247662610245,https://github.com/nirholas/kol-quest/blob/main/site/data/kolscan-leaderboard.json,Kolscan Pump-app KOL snapshot (committed 2026-04-09); timeframe=7d profit_sol=1.35839999999999 converted at sol_usd=121.939397; name=JADAWGS
pumpfun,kolscan_pump_app,423,RaSSH7hMwLKtMT96xZyY4JwHRCCNYvvNeBh6AaFMqdA,149.42582153482758,https://github.com/nirholas/kol-quest/blob/main/site/data/kolscan-leaderboard.json,Kolscan Pump-app KOL snapshot (committed 2026-04-09); timeframe=1d profit_sol=1.22541053543341 converted at sol_usd=121.939397; name=Rasta
pumpfun,kolscan_pump_app,424,F1WT79Jkw3BkBDUfCbrKKo15ghZNCEjvnjxQpiCfPuRM,135.35427958455452,https://github.com/nirholas/kol-quest/blob/main/site/data/kolscan-leaderboard.json,Kolscan Pump-app KOL snapshot (committed 2026-04-09); timeframe=30d profit_sol=1.11001270406436 converted at sol_usd=121.939397; name=flock (6'3)
pumpfun,kolscan_pump_app,425,7K7itu678xAaUcuPQ2f3c2DcjirRjBY4HMTW1dx6hiL6,105.9411653978284,https://github.com/nirholas/kol-quest/blob/main/site/data/kolscan-leaderboard.json,Kolscan Pump-app KOL snapshot (committed 2026-04-09); timeframe=30d profit_sol=0.868801783260292 converted at sol_usd=121.939397; name=DRT 🐂
pumpfun,kolscan_pump_app,426,4s2WzRLa35FB58bZY1i4CN3WoywJeuYrGYHnTKFsT23z,101.97577488957154,https://github.com/nirholas/kol-quest/blob/main/site/data/kolscan-leaderboard.json,Kolscan Pump-app KOL snapshot (committed 2026-04-09); timeframe=1d profit_sol=0.83628242846596 converted at sol_usd=121.939397; name=jester
pumpfun,kolscan_pump_app,427,GBERKNpahPnBGmeUGWQVjGBDBj6CcJKpGz34FqegmTgu,101.4168121522464,https://github.com/nirholas/kol-quest/blob/main/site/data/kolscan-leaderboard.json,Kolscan Pump-app KOL snapshot (committed 2026-04-09); timeframe=1d profit_sol=0.831698489624618 converted at sol_usd=121.939397; name=Scrim
pumpfun,kolscan_pump_app,428,BaLxyjXzATAnfm7cc5AFhWBpiwnsb71THcnofDLTWAPK,93.02347154532085,https://github.com/nirholas/kol-quest/blob/main/site/data/kolscan-leaderboard.json,Kolscan Pump-app KOL snapshot (committed 2026-04-09); timeframe=30d profit_sol=0.762866423643235 converted at sol_usd=121.939397; name=peely 🍌
pumpfun,kolscan_pump_app,429,BWQPaFCn5Fp5ok2x5W69wspbsgiRXuPPUYX8Zgnm7XeQ,91.98621632583753,https://github.com/nirholas/kol-quest/blob/main/site/data/kolscan-leaderboard.json,Kolscan Pump-app KOL snapshot (committed 2026-04-09); timeframe=7d profit_sol=0.754360106188645 converted at sol_usd=121.939397; name=SatsBuyer
pumpfun,kolscan_pump_app,430,9FNz4MjPUmnJqTf6yEDbL1D4SsHVh7uA8zRHhR5K138r,91.3793848113208,https://github.com/nirholas/kol-quest/blob/main/site/data/kolscan-leaderboard.json,Kolscan Pump-app KOL snapshot (committed 2026-04-09); timeframe=7d profit_sol=0.74938360531695 converted at sol_usd=121.939397; name=Danny
pumpfun,kolscan_pump_app,431,HTVupcGHvA8tXX5pHmmAxQ8eiFAJSJhYNQjer3zycLcU,80.21494510915215,https://github.com/nirholas/kol-quest/blob/main/site/data/kolscan-leaderboard.json,Kolscan Pump-app KOL snapshot (committed 2026-04-09); timeframe=7d profit_sol=0.657826323632139 converted at sol_usd=121.939397; name=Setora
pumpfun,kolscan_pump_app,432,8RrMaJXYwANd4zEskfPQuSYE35dTzaYtuwyKz3ewcZQx,79.85155053179535,https://github.com/nirholas/kol-quest/blob/main/site/data/kolscan-leaderboard.json,Kolscan Pump-app KOL snapshot (committed 2026-04-09); timeframe=30d profit_sol=0.654846199186187 converted at sol_usd=121.939397; name=Te'
pumpfun,kolscan_pump_app,433,FCt3Gyuqcoc4vHrnAYdxVbqSg3m1AyDHtaVZMN8TctPv,66.27195102921783,https://github.com/nirholas/kol-quest/blob/main/site/data/kolscan-leaderboard.json,Kolscan Pump-app KOL snapshot (committed 2026-04-09); timeframe=30d profit_sol=0.543482687 converted at sol_usd=121.939397; name=Rich The Dev
pumpfun,kolscan_pump_app,434,FajxNukkjDLGXfB5V3L1msrU9qgzuzhN4s4YQfefSCKp,62.48113235065762,https://github.com/nirholas/kol-quest/blob/main/site/data/kolscan-leaderboard.json,Kolscan Pump-app KOL snapshot (committed 2026-04-09); timeframe=30d profit_sol=0.51239496 converted at sol_usd=121.939397; name=Divix
pumpfun,kolscan_pump_app,435,DU323DieHUGPmYamp6A4Ai1V4YSYgRi35mGpzJGrjf7k,47.563607768352654,https://github.com/nirholas/kol-quest/blob/main/site/data/kolscan-leaderboard.json,Kolscan Pump-app KOL snapshot (committed 2026-04-09); timeframe=1d profit_sol=0.390059398461978 converted at sol_usd=121.939397; name=Toxic weast
pumpfun,pumpfun_pnl_leaderboard,436,8vKEy5XeZE5iEB9QCpypKSWQ75dxk1qfYDn5Zf83TNdx,45.80720822212882,https://frontend-api-v3.pump.fun/pnl-leaderboard?period=weekly,pump.fun public PnL leaderboard 7d (on-site rank 97 is by net pnlUsd=31256.689542623437; stored value is realizedPnlUsd). username=theghate
pumpfun,kolscan_pump_app,437,41uh7g1DxYaYXdtjBiYCHcgBniV9Wx57b7HU7RXmx1Gg,38.45990974721451,https://github.com/nirholas/kol-quest/blob/main/site/data/kolscan-leaderboard.json,Kolscan Pump-app KOL snapshot (committed 2026-04-09); timeframe=1d profit_sol=0.315401836924618 converted at sol_usd=121.939397; name=Lowskii (believes)
pumpfun,kolscan_pump_app,438,9qdiDGhXrGqPN4CTGvyKwFKHrgJSGn836cjkVcGfPd6N,29.784036040754163,https://github.com/nirholas/kol-quest/blob/main/site/data/kolscan-leaderboard.json,Kolscan Pump-app KOL snapshot (committed 2026-04-09); timeframe=30d profit_sol=0.244252774903177 converted at sol_usd=121.939397; name=Aymory ⚡️
pumpfun,kolscan_pump_app,439,5dzH7gh5FjtrxUwtfBufJyTBA4fyCUGheZsdYQsE9vag,27.376280156822475,https://github.com/nirholas/kol-quest/blob/main/site/data/kolscan-leaderboard.json,Kolscan Pump-app KOL snapshot (committed 2026-04-09); timeframe=30d profit_sol=0.224507262403291 converted at sol_usd=121.939397; name=Hermes
pumpfun,kolscan_pump_app,440,A38dM3RtNpewkwkWJeyj8C9c8yWtgaaAdh4Rdj1SXg3M,15.11539194183179,https://github.com/nirholas/kol-quest/blob/main/site/data/kolscan-leaderboard.json,Kolscan Pump-app KOL snapshot (committed 2026-04-09); timeframe=30d profit_sol=0.123958231197737 converted at sol_usd=121.939397; name=TMH メタ
pumpfun,pumpfun_pnl_leaderboard,441,HqT6bBahzaPpj2eceQhGPsy32yVa76tXCiBchQgDZg3w,11.334787847959547,https://frontend-api-v3.pump.fun/pnl-leaderboard?period=daily,pump.fun public PnL leaderboard 24h (on-site rank 95 is by net pnlUsd=15844.62368802972; stored value is realizedPnlUsd). username=Topb1aster
pumpfun,kolscan_pump_app,442,9tRff7L6Mx3ZDNBoGPffdjD3c9JNzLc3nxzadYH4TnAp,6.604709161452929,https://github.com/nirholas/kol-quest/blob/main/site/data/kolscan-leaderboard.json,Kolscan Pump-app KOL snapshot (committed 2026-04-09); timeframe=30d profit_sol=0.0541638661028314 converted at sol_usd=121.939397; name=Woozy
pumpfun,kolscan_pump_app,443,FQEXjVZPT7BqcZNVs82Q46LFPUevG7YoDiKpugpJaiCb,6.498857948361638,https://github.com/nirholas/kol-quest/blob/main/site/data/kolscan-leaderboard.json,Kolscan Pump-app KOL snapshot (committed 2026-04-09); timeframe=30d profit_sol=0.053295802 converted at sol_usd=121.939397; name=Padly
pumpfun,kolscan_pump_app,444,9NL6thsiaoyDnm7XF8hEbMoqeG172WmG7iKYpygvjfgo,3.8715191008455374,https://github.com/nirholas/kol-quest/blob/main/site/data/kolscan-leaderboard.json,Kolscan Pump-app KOL snapshot (committed 2026-04-09); timeframe=30d profit_sol=0.0317495346224484 converted at sol_usd=121.939397; name=Scooter
pumpfun,kolscan_pump_app,445,HwRnKq7RPtKHvX9wyHsc1zvfHtGjPQa5tyZtGtbvfXE,1.9721661558252437,https://github.com/nirholas/kol-quest/blob/main/site/data/kolscan-leaderboard.json,Kolscan Pump-app KOL snapshot (committed 2026-04-09); timeframe=30d profit_sol=0.0161733304200719 converted at sol_usd=121.939397; name=Jay
pumpfun,pumpfun_pnl_leaderboard,446,3kfyzegbWkgAdLWtywmGcLFcUw2RPzt3i1EEzdXYtYM8,0.5633508591058123,https://frontend-api-v3.pump.fun/pnl-leaderboard?period=weekly,pump.fun public PnL leaderboard 7d (on-site rank 73 is by net pnlUsd=38888.94603412695; stored value is realizedPnlUsd). username=ThePatientOne
pumpfun,pumpfun_pnl_leaderboard,447,8iUjQmHfoo9BTqh1SqcRywSHDJu9HEBkQmhQL1VNnh86,0.49646690588756925,https://frontend-api-v3.pump.fun/pnl-leaderboard?period=daily,pump.fun public PnL leaderboard 24h (on-site rank 62 is by net pnlUsd=22532.231659643363; stored value is realizedPnlUsd). username=RelaxShrimp
